Object ID,Digital ID,Title,Object Title,Alternative Title,Creator,Contributor,Summary,Note,Subject,Genre,Publisher,Date,Approximate Date,Coverage Temporal,Coverage Spatial,Language,Repository,Collection Title,Collection No.,Series,Container,Rights,Standardized Rights Statement
asm0341001000,,Orient & Pacific : Pan Am's world tours,Orient & Pacific : Pan Am's world tours,,"Pan American World Airways, Inc.",,,,,Promotional materials;,,1979; 1980,,1970-1979; 1980-1989,Asia; Pacific Area,eng,University of Miami. Library. Special Collections,"Pan American World Airways, Inc. records",ASM0341,Printed Materials: Brochures and Booklets: Destinations,Box No. 1 of 1; Box Title: Brochures and Booklets: Destinations; Folder No. 1; Folder Title: Asia (1 of 3),"The copyright and related rights status of this material is unknown. The Pan Am brand remains under trademark. For additional information, please visit: https://digitalcollections.library.miami.edu/digital/custom/copyright-guidelines",http://rightsstatements.org/vocab/UND/1.0/
asm0341001000,asm03410010000001001,Page 1,Orient & Pacific : Pan Am's world tours,,,,,,,,,,,,,,,,,,,,
asm0341001000,asm03410010000002001,Page 2,Orient & Pacific : Pan Am's world tours,,,,,,,,,,,,,,,,,,,,
asm0341001000,asm03410010000003001,Page 3,Orient & Pacific : Pan Am's world tours,,,,,,,,,,,,,,,,,,,,
asm0341001000,asm03410010000004001,Page 4,Orient & Pacific : Pan Am's world tours,,,,,,,,,,,,,,,,,,,,
asm0341001000,asm03410010000005001,Page 5,Orient & Pacific : Pan Am's world tours,,,,,,,,,,,,,,,,,,,,
asm0341001000,asm03410010000006001,Page 6,Orient & Pacific : Pan Am's world tours,,,,,,,,,,,,,,,,,,,,
asm0341001000,asm03410010000007001,Page 7,Orient & Pacific : Pan Am's world tours,,,,,,,,,,,,,,,,,,,,
asm0341001000,asm03410010000008001,Page 8,Orient & Pacific : Pan Am's world tours,,,,,,,,,,,,,,,,,,,,
asm0341001000,asm03410010000009001,Page 9,Orient & Pacific : Pan Am's world tours,,,,,,,,,,,,,,,,,,,,
asm0341001000,asm03410010000010001,Page 10,Orient & Pacific : Pan Am's world tours,,,,,,,,,,,,,,,,,,,,
asm0341001000,asm03410010000011001,Page 11,Orient & Pacific : Pan Am's world tours,,,,,,,,,,,,,,,,,,,,
asm0341001000,asm03410010000012001,Page 12,Orient & Pacific : Pan Am's world tours,,,,,,,,,,,,,,,,,,,,
asm0341001000,asm03410010000013001,Page 13,Orient & Pacific : Pan Am's world tours,,,,,,,,,,,,,,,,,,,,
asm0341001000,asm03410010000014001,Page 14,Orient & Pacific : Pan Am's world tours,,,,,,,,,,,,,,,,,,,,
asm0341001000,asm03410010000015001,Page 15,Orient & Pacific : Pan Am's world tours,,,,,,,,,,,,,,,,,,,,
asm0341001000,asm03410010000016001,Page 16,Orient & Pacific : Pan Am's world tours,,,,,,,,,,,,,,,,,,,,
asm0341001000,asm03410010000017001,Page 17,Orient & Pacific : Pan Am's world tours,,,,,,,,,,,,,,,,,,,,
asm0341001000,asm03410010000018001,Page 18,Orient & Pacific : Pan Am's world tours,,,,,,,,,,,,,,,,,,,,
asm0341001000,asm03410010000019001,Page 19,Orient & Pacific : Pan Am's world tours,,,,,,,,,,,,,,,,,,,,
asm0341001000,asm03410010000020001,Page 20,Orient & Pacific : Pan Am's world tours,,,,,,,,,,,,,,,,,,,,
asm0341001000,asm03410010000021001,Page 21,Orient & Pacific : Pan Am's world tours,,,,,,,,,,,,,,,,,,,,
asm0341001000,asm03410010000022001,Page 22,Orient & Pacific : Pan Am's world tours,,,,,,,,,,,,,,,,,,,,
asm0341001000,asm03410010000023001,Page 23,Orient & Pacific : Pan Am's world tours,,,,,,,,,,,,,,,,,,,,
asm0341001000,asm03410010000024001,Page 24,Orient & Pacific : Pan Am's world tours,,,,,,,,,,,,,,,,,,,,
asm0341001000,asm03410010000025001,Page 25,Orient & Pacific : Pan Am's world tours,,,,,,,,,,,,,,,,,,,,
asm0341001000,asm03410010000026001,Page 26,Orient & Pacific : Pan Am's world tours,,,,,,,,,,,,,,,,,,,,
asm0341001000,asm03410010000027001,Page 27,Orient & Pacific : Pan Am's world tours,,,,,,,,,,,,,,,,,,,,
asm0341001000,asm03410010000028001,Page 28,Orient & Pacific : Pan Am's world tours,,,,,,,,,,,,,,,,,,,,
asm0341001000,asm03410010000029001,Page 29,Orient & Pacific : Pan Am's world tours,,,,,,,,,,,,,,,,,,,,
asm0341001000,asm03410010000030001,Page 30,Orient & Pacific : Pan Am's world tours,,,,,,,,,,,,,,,,,,,,
asm0341001000,asm03410010000031001,Page 31,Orient & Pacific : Pan Am's world tours,,,,,,,,,,,,,,,,,,,,
asm0341001000,asm03410010000032001,Page 32,Orient & Pacific : Pan Am's world tours,,,,,,,,,,,,,,,,,,,,
asm0341001000,asm03410010000033001,Page 33,Orient & Pacific : Pan Am's world tours,,,,,,,,,,,,,,,,,,,,
asm0341001000,asm03410010000034001,Page 34,Orient & Pacific : Pan Am's world tours,,,,,,,,,,,,,,,,,,,,
asm0341001000,asm03410010000035001,Page 35,Orient & Pacific : Pan Am's world tours,,,,,,,,,,,,,,,,,,,,
asm0341001000,asm03410010000036001,Page 36,Orient & Pacific : Pan Am's world tours,,,,,,,,,,,,,,,,,,,,
asm0341001000,asm03410010000037001,Page 37,Orient & Pacific : Pan Am's world tours,,,,,,,,,,,,,,,,,,,,
asm0341001000,asm03410010000038001,Page 38,Orient & Pacific : Pan Am's world tours,,,,,,,,,,,,,,,,,,,,
asm0341001000,asm03410010000039001,Page 39,Orient & Pacific : Pan Am's world tours,,,,,,,,,,,,,,,,,,,,
asm0341001000,asm03410010000040001,Page 40,Orient & Pacific : Pan Am's world tours,,,,,,,,,,,,,,,,,,,,
asm0341001001,,People's Republic of China : Pan Am's world tours,People's Republic of China : Pan Am's world tours,,"Pan American World Airways, Inc.",,,,,Promotional materials;,,1979,,1970-1979,China,eng,University of Miami. Library. Special Collections,"Pan American World Airways, Inc. records",ASM0341,Printed Materials: Brochures and Booklets: Destinations,Box No. 1 of 1; Box Title: Brochures and Booklets: Destinations; Folder No. 1; Folder Title: Asia (1 of 3),"The copyright and related rights status of this material is unknown. The Pan Am brand remains under trademark. For additional information, please visit: https://digitalcollections.library.miami.edu/digital/custom/copyright-guidelines",http://rightsstatements.org/vocab/UND/1.0/
asm0341001001,asm03410010010001001,Page 1,People's Republic of China : Pan Am's world tours,,,,,,,,,,,,,,,,,,,,
asm0341001001,asm03410010010002001,Page 2,People's Republic of China : Pan Am's world tours,,,,,,,,,,,,,,,,,,,,
asm0341001001,asm03410010010003001,Page 3,People's Republic of China : Pan Am's world tours,,,,,,,,,,,,,,,,,,,,
asm0341001001,asm03410010010004001,Page 4,People's Republic of China : Pan Am's world tours,,,,,,,,,,,,,,,,,,,,
asm0341001001,asm03410010010005001,Page 5,People's Republic of China : Pan Am's world tours,,,,,,,,,,,,,,,,,,,,
asm0341001001,asm03410010010006001,Page 6,People's Republic of China : Pan Am's world tours,,,,,,,,,,,,,,,,,,,,
asm0341001001,asm03410010010007001,Page 7,People's Republic of China : Pan Am's world tours,,,,,,,,,,,,,,,,,,,,
asm0341001001,asm03410010010008001,Page 8,People's Republic of China : Pan Am's world tours,,,,,,,,,,,,,,,,,,,,
asm0341001001,asm03410010010009001,Page 9,People's Republic of China : Pan Am's world tours,,,,,,,,,,,,,,,,,,,,
asm0341001001,asm03410010010010001,Page 10,People's Republic of China : Pan Am's world tours,,,,,,,,,,,,,,,,,,,,
asm0341001001,asm03410010010011001,Page 11,People's Republic of China : Pan Am's world tours,,,,,,,,,,,,,,,,,,,,
asm0341001001,asm03410010010012001,Page 12,People's Republic of China : Pan Am's world tours,,,,,,,,,,,,,,,,,,,,
asm0341001002,,Hong Kong by Flying Clipper,Hong Kong by Flying Clipper,,"Pan American World Airways, Inc.",,,,,Promotional materials; Brochures;,,,,,Hong Kong (China),eng,University of Miami. Library. Special Collections,"Pan American World Airways, Inc. records",ASM0341,Printed Materials: Brochures and Booklets: Destinations,Box No. 1 of 1; Box Title: Brochures and Booklets: Destinations; Folder No. 2; Folder Title: Asia (2 of 3),"The copyright and related rights status of this material is unknown. The Pan Am brand remains under trademark. For additional information, please visit: https://digitalcollections.library.miami.edu/digital/custom/copyright-guidelines",http://rightsstatements.org/vocab/UND/1.0/
asm0341001002,asm03410010020001001,Page 1,Hong Kong by Flying Clipper,,,,,,,,,,,,,,,,,,,,
asm0341001002,asm03410010020002001,Page 2,Hong Kong by Flying Clipper,,,,,,,,,,,,,,,,,,,,
asm0341001003,,Tours inside Japan : 1954 edition,Tours inside Japan : 1954 edition,,"Pan American World Airways, Inc.",,,,,Promotional materials; Brochures;,,1953,,1950-1959,Japan,eng,University of Miami. Library. Special Collections,"Pan American World Airways, Inc. records",ASM0341,Printed Materials: Brochures and Booklets: Destinations,Box No. 1 of 1; Box Title: Brochures and Booklets: Destinations; Folder No. 2; Folder Title: Asia (2 of 3),"This material is in the public domain in the United States. The Pan Am brand remains under trademark. For additional information, please visit: https://digitalcollections.library.miami.edu/digital/custom/copyright-guidelines",http://rightsstatements.org/vocab/NoC-US/1.0/
asm0341001003,asm03410010030001001,Page 1,Tours inside Japan : 1954 edition,,,,,,,,,,,,,,,,,,,,
asm0341001003,asm03410010030002001,Page 2,Tours inside Japan : 1954 edition,,,,,,,,,,,,,,,,,,,,
asm0341001004,,Tours inside Japan,Tours inside Japan,,"Pan American World Airways, Inc.",,,,,Promotional materials; Brochures;,,1952,,1950-1959,Japan,eng,University of Miami. Library. Special Collections,"Pan American World Airways, Inc. records",ASM0341,Printed Materials: Brochures and Booklets: Destinations,Box No. 1 of 1; Box Title: Brochures and Booklets: Destinations; Folder No. 2; Folder Title: Asia (2 of 3),"This material is in the public domain in the United States. The Pan Am brand remains under trademark. For additional information, please visit: https://digitalcollections.library.miami.edu/digital/custom/copyright-guidelines",http://rightsstatements.org/vocab/NoC-US/1.0/
asm0341001004,asm03410010040001001,Page 1,Tours inside Japan,,,,,,,,,,,,,,,,,,,,
asm0341001004,asm03410010040002001,Page 2,Tours inside Japan,,,,,,,,,,,,,,,,,,,,
asm0341001005,,"Hong Kong, Japan & Peoples Republic of China","Hong Kong, Japan & Peoples Republic of China",,"Pan American World Airways, Inc.",,,,,Travel guidebooks;,,1979,,1970-1979,Hong Kong (China); Japan; China,eng,University of Miami. Library. Special Collections,"Pan American World Airways, Inc. records",ASM0341,Printed Materials: Brochures and Booklets: Destinations,Box No. 1 of 1; Box Title: Brochures and Booklets: Destinations; Folder No. 2; Folder Title: Asia (2 of 3),"This material is protected by copyright. Use for education purposes is permitted. Copyright was originally held by Pan American World Airways, Inc., but was transferred to the University of Miami. The Pan Am brand remains under trademark. For additional information, please visit: https://digitalcollections.library.miami.edu/digital/custom/copyright-guidelines",http://rightsstatements.org/vocab/InC-EDU/1.0/
asm0341001005,asm03410010050001001,Page 1,"Hong Kong, Japan & Peoples Republic of China",,,,,,,,,,,,,,,,,,,,
asm0341001005,asm03410010050002001,Page 2,"Hong Kong, Japan & Peoples Republic of China",,,,,,,,,,,,,,,,,,,,
asm0341001005,asm03410010050003001,Page 3,"Hong Kong, Japan & Peoples Republic of China",,,,,,,,,,,,,,,,,,,,
asm0341001005,asm03410010050004001,Page 4,"Hong Kong, Japan & Peoples Republic of China",,,,,,,,,,,,,,,,,,,,
asm0341001005,asm03410010050005001,Page 5,"Hong Kong, Japan & Peoples Republic of China",,,,,,,,,,,,,,,,,,,,
asm0341001005,asm03410010050006001,Page 6,"Hong Kong, Japan & Peoples Republic of China",,,,,,,,,,,,,,,,,,,,
asm0341001005,asm03410010050007001,Page 7,"Hong Kong, Japan & Peoples Republic of China",,,,,,,,,,,,,,,,,,,,
asm0341001005,asm03410010050008001,Page 8,"Hong Kong, Japan & Peoples Republic of China",,,,,,,,,,,,,,,,,,,,
asm0341001005,asm03410010050009001,Page 9,"Hong Kong, Japan & Peoples Republic of China",,,,,,,,,,,,,,,,,,,,
asm0341001005,asm03410010050010001,Page 10,"Hong Kong, Japan & Peoples Republic of China",,,,,,,,,,,,,,,,,,,,
asm0341001005,asm03410010050011001,Page 11,"Hong Kong, Japan & Peoples Republic of China",,,,,,,,,,,,,,,,,,,,
asm0341001005,asm03410010050012001,Page 12,"Hong Kong, Japan & Peoples Republic of China",,,,,,,,,,,,,,,,,,,,
asm0341001005,asm03410010050013001,Page 13,"Hong Kong, Japan & Peoples Republic of China",,,,,,,,,,,,,,,,,,,,
asm0341001005,asm03410010050014001,Page 14,"Hong Kong, Japan & Peoples Republic of China",,,,,,,,,,,,,,,,,,,,
asm0341001005,asm03410010050015001,Page 15,"Hong Kong, Japan & Peoples Republic of China",,,,,,,,,,,,,,,,,,,,
asm0341001005,asm03410010050016001,Page 16,"Hong Kong, Japan & Peoples Republic of China",,,,,,,,,,,,,,,,,,,,
asm0341001005,asm03410010050017001,Page 17,"Hong Kong, Japan & Peoples Republic of China",,,,,,,,,,,,,,,,,,,,
asm0341001005,asm03410010050018001,Page 18,"Hong Kong, Japan & Peoples Republic of China",,,,,,,,,,,,,,,,,,,,
asm0341001005,asm03410010050019001,Page 19,"Hong Kong, Japan & Peoples Republic of China",,,,,,,,,,,,,,,,,,,,
asm0341001005,asm03410010050020001,Page 20,"Hong Kong, Japan & Peoples Republic of China",,,,,,,,,,,,,,,,,,,,
asm0341001005,asm03410010050021001,Page 21,"Hong Kong, Japan & Peoples Republic of China",,,,,,,,,,,,,,,,,,,,
asm0341001005,asm03410010050022001,Page 22,"Hong Kong, Japan & Peoples Republic of China",,,,,,,,,,,,,,,,,,,,
asm0341001005,asm03410010050023001,Page 23,"Hong Kong, Japan & Peoples Republic of China",,,,,,,,,,,,,,,,,,,,
asm0341001005,asm03410010050024001,Page 24,"Hong Kong, Japan & Peoples Republic of China",,,,,,,,,,,,,,,,,,,,
asm0341001005,asm03410010050025001,Page 25,"Hong Kong, Japan & Peoples Republic of China",,,,,,,,,,,,,,,,,,,,
asm0341001005,asm03410010050026001,Page 26,"Hong Kong, Japan & Peoples Republic of China",,,,,,,,,,,,,,,,,,,,
asm0341001005,asm03410010050027001,Page 27,"Hong Kong, Japan & Peoples Republic of China",,,,,,,,,,,,,,,,,,,,
asm0341001005,asm03410010050028001,Page 28,"Hong Kong, Japan & Peoples Republic of China",,,,,,,,,,,,,,,,,,,,
asm0341001005,asm03410010050029001,Page 29,"Hong Kong, Japan & Peoples Republic of China",,,,,,,,,,,,,,,,,,,,
asm0341001005,asm03410010050030001,Page 30,"Hong Kong, Japan & Peoples Republic of China",,,,,,,,,,,,,,,,,,,,
asm0341001005,asm03410010050031001,Page 31,"Hong Kong, Japan & Peoples Republic of China",,,,,,,,,,,,,,,,,,,,
asm0341001005,asm03410010050032001,Page 32,"Hong Kong, Japan & Peoples Republic of China",,,,,,,,,,,,,,,,,,,,
asm0341001006,,Tours inside Japan : 1957 edition,Tours inside Japan : 1957 edition,,"Pan American World Airways, Inc.",,,,,Promotional materials; Brochures;,,1957,,1950-1959,Japan,eng,University of Miami. Library. Special Collections,"Pan American World Airways, Inc. records",ASM0341,Printed Materials: Brochures and Booklets: Destinations,Box No. 1 of 1; Box Title: Brochures and Booklets: Destinations; Folder No. 2; Folder Title: Asia (2 of 3),"This material is in the public domain in the United States. The Pan Am brand remains under trademark. For additional information, please visit: https://digitalcollections.library.miami.edu/digital/custom/copyright-guidelines",http://rightsstatements.org/vocab/NoC-US/1.0/
asm0341001006,asm03410010060001001,Page 1,Tours inside Japan : 1957 edition,,,,,,,,,,,,,,,,,,,,
asm0341001006,asm03410010060002001,Page 2,Tours inside Japan : 1957 edition,,,,,,,,,,,,,,,,,,,,
asm0341001007,,"Fly to Japan by double-decked ""Strato"" clipper","Fly to Japan by double-decked ""Strato"" clipper",,"Pan American World Airways, Inc.",,,,,Promotional materials; Booklets,,1952,,1950-1959,Japan,eng,University of Miami. Library. Special Collections,"Pan American World Airways, Inc. records",ASM0341,Printed Materials: Brochures and Booklets: Destinations,Box No. 1 of 1; Box Title: Brochures and Booklets: Destinations; Folder No. 2; Folder Title: Asia (2 of 3),"This material is protected by copyright. Use for education purposes is permitted. Copyright was originally held by Pan American World Airways, Inc., but was transferred to the University of Miami. The Pan Am brand remains under trademark. For additional information, please visit: https://digitalcollections.library.miami.edu/digital/custom/copyright-guidelines",http://rightsstatements.org/vocab/InC-EDU/1.0/
asm0341001007,asm03410010070001001,Page 1,"Fly to Japan by double-decked ""Strato"" clipper",,,,,,,,,,,,,,,,,,,,
asm0341001007,asm03410010070002001,Page 2,"Fly to Japan by double-decked ""Strato"" clipper",,,,,,,,,,,,,,,,,,,,
asm0341001007,asm03410010070003001,Page 3,"Fly to Japan by double-decked ""Strato"" clipper",,,,,,,,,,,,,,,,,,,,
asm0341001007,asm03410010070004001,Page 4,"Fly to Japan by double-decked ""Strato"" clipper",,,,,,,,,,,,,,,,,,,,
asm0341001007,asm03410010070005001,Page 5,"Fly to Japan by double-decked ""Strato"" clipper",,,,,,,,,,,,,,,,,,,,
asm0341001007,asm03410010070006001,Page 6,"Fly to Japan by double-decked ""Strato"" clipper",,,,,,,,,,,,,,,,,,,,
asm0341001008,,Pan Am Japan,Pan Am Japan,,"Pan American World Airways, Inc.",,,,,Postcards;,,,,,Japan,eng,University of Miami. Library. Special Collections,"Pan American World Airways, Inc. records",ASM0341,Printed Materials: Brochures and Booklets: Destinations,Box No. 1 of 1; Box Title: Brochures and Booklets: Destinations; Folder No. 2; Folder Title: Asia (2 of 3),"The copyright and related rights status of this material is unknown. The Pan Am brand remains under trademark. For additional information, please visit: https://digitalcollections.library.miami.edu/digital/custom/copyright-guidelines",http://rightsstatements.org/vocab/UND/1.0/
asm0341001008,asm03410010080001001,Page 1,Pan Am Japan,,,,,,,,,,,,,,,,,,,,
asm0341001008,asm03410010080002001,Page 2,Pan Am Japan,,,,,,,,,,,,,,,,,,,,
asm0341001009,,Tokyo city map and guide,Tokyo city map and guide,,"Simplified Travel Inc.; Pan American World Airways, Inc.",,,,,Tourist maps;,,,,,Tokyo (Japan),eng,University of Miami. Library. Special Collections,"Pan American World Airways, Inc. records",ASM0341,Printed Materials: Brochures and Booklets: Destinations,Box No. 1 of 1; Box Title: Brochures and Booklets: Destinations; Folder No. 2; Folder Title: Asia (2 of 3),"This material is protected by copyright. Use for education purposes is permitted. Copyright was originally held by Pan American World Airways, Inc., but was transferred to the University of Miami. The Pan Am brand remains under trademark. For additional information, please visit: https://digitalcollections.library.miami.edu/digital/custom/copyright-guidelines",http://rightsstatements.org/vocab/InC-EDU/1.0/
asm0341001009,asm03410010090001001,Page 1,Tokyo city map and guide,,,,,,,,,,,,,,,,,,,,
asm0341001009,asm03410010090002001,Page 2,Tokyo city map and guide,,,,,,,,,,,,,,,,,,,,
asm0341001010,,Hong Kong city map and guide,Hong Kong city map and guide,,"Simplified Travel Inc.; Pan American World Airways, Inc.",,,,,Tourist maps;,,,,,Hong Kong (China),eng,University of Miami. Library. Special Collections,"Pan American World Airways, Inc. records",ASM0341,Printed Materials: Brochures and Booklets: Destinations,Box No. 1 of 1; Box Title: Brochures and Booklets: Destinations; Folder No. 2; Folder Title: Asia (2 of 3),"This material is protected by copyright. Use for education purposes is permitted. Copyright was originally held by Pan American World Airways, Inc., but was transferred to the University of Miami. The Pan Am brand remains under trademark. For additional information, please visit: https://digitalcollections.library.miami.edu/digital/custom/copyright-guidelines",http://rightsstatements.org/vocab/InC-EDU/1.0/
asm0341001010,asm03410010100001001,Page 1,Hong Kong city map and guide,,,,,,,,,,,,,,,,,,,,
asm0341001010,asm03410010100002001,Page 2,Hong Kong city map and guide,,,,,,,,,,,,,,,,,,,,
asm0341001011,,Businessman's briefing on world markets : Asia,Businessman's briefing on world markets : Asia,,"Pan American World Airways, Inc.",,,,,Promotional materials; Brochures;,,5/1/1972,,1970-1979,Asia,eng,University of Miami. Library. Special Collections,"Pan American World Airways, Inc. records",ASM0341,Printed Materials: Brochures and Booklets: Destinations,Box No. 1 of 1; Box Title: Brochures and Booklets: Destinations; Folder No. 2; Folder Title: Asia (2 of 3),"This material is in the public domain in the United States. The Pan Am brand remains under trademark. For additional information, please visit: https://digitalcollections.library.miami.edu/digital/custom/copyright-guidelines",http://rightsstatements.org/vocab/NoC-US/1.0/
asm0341001011,asm03410010110001001,Page 1,Businessman's briefing on world markets : Asia,,,,,,,,,,,,,,,,,,,,
asm0341001011,asm03410010110002001,Page 2,Businessman's briefing on world markets : Asia,,,,,,,,,,,,,,,,,,,,
asm0341001012,,Something new in travel by combining sea and air to the Orient,Something new in travel by combining sea and air to the Orient,,Pan American Airways Corporation,,,,,Promotional materials; Brochures;,,,,,Hawaii; China; Pacific Area; Philippines;,eng,University of Miami. Library. Special Collections,"Pan American World Airways, Inc. records",ASM0341,Printed Materials: Brochures and Booklets: Destinations,Box No. 1 of 1; Box Title: Brochures and Booklets: Destinations; Folder No. 2; Folder Title: Asia (2 of 3),"The copyright and related rights status of this material is unknown. The Pan Am brand remains under trademark. For additional information, please visit: https://digitalcollections.library.miami.edu/digital/custom/copyright-guidelines",http://rightsstatements.org/vocab/UND/1.0/
asm0341001012,asm03410010120001001,Page 1,Something new in travel by combining sea and air to the Orient,,,,,,,,,,,,,,,,,,,,
asm0341001012,asm03410010120002001,Page 2,Something new in travel by combining sea and air to the Orient,,,,,,,,,,,,,,,,,,,,
asm0341001013,,49 hours to Hong Kong by Pan American's sunny mid-Pacific route,49 hours to Hong Kong by Pan American's sunny mid-Pacific route,,"Pan American World Airways, Inc.",,,,,Promotional materials; Brochures;,,,,,Pacific Area; Hong Kong (China),eng,University of Miami. Library. Special Collections,"Pan American World Airways, Inc. records",ASM0341,Printed Materials: Brochures and Booklets: Destinations,Box No. 1 of 1; Box Title: Brochures and Booklets: Destinations; Folder No. 2; Folder Title: Asia (2 of 3),"The copyright and related rights status of this material is unknown. The Pan Am brand remains under trademark. For additional information, please visit: https://digitalcollections.library.miami.edu/digital/custom/copyright-guidelines",http://rightsstatements.org/vocab/UND/1.0/
asm0341001013,asm03410010130001001,Page 1,49 hours to Hong Kong by Pan American's sunny mid-Pacific route,,,,,,,,,,,,,,,,,,,,
asm0341001013,asm03410010130002001,Page 2,49 hours to Hong Kong by Pan American's sunny mid-Pacific route,,,,,,,,,,,,,,,,,,,,
asm0341001014,,Pan American's guide to India,Pan American's guide to India,,"Pan American World Airways, Inc.",,,,,Travel guidebooks;,,,,,India,eng,University of Miami. Library. Special Collections,"Pan American World Airways, Inc. records",ASM0341,Printed Materials: Brochures and Booklets: Destinations,Box No. 1 of 1; Box Title: Brochures and Booklets: Destinations; Folder No. 3; Folder Title: Asia (3 of 3),"The copyright and related rights status of this material is unknown. The Pan Am brand remains under trademark. For additional information, please visit: https://digitalcollections.library.miami.edu/digital/custom/copyright-guidelines",http://rightsstatements.org/vocab/UND/1.0/
asm0341001014,asm03410010140001001,Page 1,Pan American's guide to India,,,,,,,,,,,,,,,,,,,,
asm0341001014,asm03410010140002001,Page 2,Pan American's guide to India,,,,,,,,,,,,,,,,,,,,
asm0341001014,asm03410010140003001,Page 3,Pan American's guide to India,,,,,,,,,,,,,,,,,,,,
asm0341001014,asm03410010140004001,Page 4,Pan American's guide to India,,,,,,,,,,,,,,,,,,,,
asm0341001014,asm03410010140005001,Page 5,Pan American's guide to India,,,,,,,,,,,,,,,,,,,,
asm0341001014,asm03410010140006001,Page 6,Pan American's guide to India,,,,,,,,,,,,,,,,,,,,
asm0341001014,asm03410010140007001,Page 7,Pan American's guide to India,,,,,,,,,,,,,,,,,,,,
asm0341001014,asm03410010140008001,Page 8,Pan American's guide to India,,,,,,,,,,,,,,,,,,,,
asm0341001014,asm03410010140009001,Page 9,Pan American's guide to India,,,,,,,,,,,,,,,,,,,,
asm0341001014,asm03410010140010001,Page 10,Pan American's guide to India,,,,,,,,,,,,,,,,,,,,
asm0341001014,asm03410010140011001,Page 11,Pan American's guide to India,,,,,,,,,,,,,,,,,,,,
asm0341001014,asm03410010140012001,Page 12,Pan American's guide to India,,,,,,,,,,,,,,,,,,,,
asm0341001015,,Pan American's guide to Hong Kong,Pan American's guide to Hong Kong,,"Pan American World Airways, Inc.",,,,,Travel guidebooks;,,,,,Hong Kong (China),eng,University of Miami. Library. Special Collections,"Pan American World Airways, Inc. records",ASM0341,Printed Materials: Brochures and Booklets: Destinations,Box No. 1 of 1; Box Title: Brochures and Booklets: Destinations; Folder No. 3; Folder Title: Asia (3 of 3),"The copyright and related rights status of this material is unknown. The Pan Am brand remains under trademark. For additional information, please visit: https://digitalcollections.library.miami.edu/digital/custom/copyright-guidelines",http://rightsstatements.org/vocab/UND/1.0/
asm0341001015,asm03410010150001001,Page 1,Pan American's guide to Hong Kong,,,,,,,,,,,,,,,,,,,,
asm0341001015,asm03410010150002001,Page 2,Pan American's guide to Hong Kong,,,,,,,,,,,,,,,,,,,,
asm0341001015,asm03410010150003001,Page 3,Pan American's guide to Hong Kong,,,,,,,,,,,,,,,,,,,,
asm0341001015,asm03410010150004001,Page 4,Pan American's guide to Hong Kong,,,,,,,,,,,,,,,,,,,,
asm0341001015,asm03410010150005001,Page 5,Pan American's guide to Hong Kong,,,,,,,,,,,,,,,,,,,,
asm0341001015,asm03410010150006001,Page 6,Pan American's guide to Hong Kong,,,,,,,,,,,,,,,,,,,,
asm0341001015,asm03410010150007001,Page 7,Pan American's guide to Hong Kong,,,,,,,,,,,,,,,,,,,,
asm0341001016,,Pan American's guide to Japan,Pan American's guide to Japan,,"Pan American World Airways, Inc.",,,,,Travel guidebooks;,,,,,Japan,eng,University of Miami. Library. Special Collections,"Pan American World Airways, Inc. records",ASM0341,Printed Materials: Brochures and Booklets: Destinations,Box No. 1 of 1; Box Title: Brochures and Booklets: Destinations; Folder No. 3; Folder Title: Asia (3 of 3),"The copyright and related rights status of this material is unknown. The Pan Am brand remains under trademark. For additional information, please visit: https://digitalcollections.library.miami.edu/digital/custom/copyright-guidelines",http://rightsstatements.org/vocab/UND/1.0/
asm0341001016,asm03410010160001001,Page 1,Pan American's guide to Japan,,,,,,,,,,,,,,,,,,,,
asm0341001016,asm03410010160002001,Page 2,Pan American's guide to Japan,,,,,,,,,,,,,,,,,,,,
asm0341001016,asm03410010160003001,Page 3,Pan American's guide to Japan,,,,,,,,,,,,,,,,,,,,
asm0341001016,asm03410010160004001,Page 4,Pan American's guide to Japan,,,,,,,,,,,,,,,,,,,,
asm0341001016,asm03410010160005001,Page 5,Pan American's guide to Japan,,,,,,,,,,,,,,,,,,,,
asm0341001016,asm03410010160006001,Page 6,Pan American's guide to Japan,,,,,,,,,,,,,,,,,,,,
asm0341001016,asm03410010160007001,Page 7,Pan American's guide to Japan,,,,,,,,,,,,,,,,,,,,
asm0341001016,asm03410010160008001,Page 8,Pan American's guide to Japan,,,,,,,,,,,,,,,,,,,,
asm0341001016,asm03410010160009001,Page 9,Pan American's guide to Japan,,,,,,,,,,,,,,,,,,,,
asm0341001016,asm03410010160010001,Page 10,Pan American's guide to Japan,,,,,,,,,,,,,,,,,,,,
asm0341001016,asm03410010160011001,Page 11,Pan American's guide to Japan,,,,,,,,,,,,,,,,,,,,
asm0341001017,,Pan American's guide to Pakistan,Pan American's guide to Pakistan,,"Pan American World Airways, Inc.",,,,,Travel guidebooks;,,,,,Pakistan,eng,University of Miami. Library. Special Collections,"Pan American World Airways, Inc. records",ASM0341,Printed Materials: Brochures and Booklets: Destinations,Box No. 1 of 1; Box Title: Brochures and Booklets: Destinations; Folder No. 3; Folder Title: Asia (3 of 3),"The copyright and related rights status of this material is unknown. The Pan Am brand remains under trademark. For additional information, please visit: https://digitalcollections.library.miami.edu/digital/custom/copyright-guidelines",http://rightsstatements.org/vocab/UND/1.0/
asm0341001017,asm03410010170001001,Page 1,Pan American's guide to Pakistan,,,,,,,,,,,,,,,,,,,,
asm0341001017,asm03410010170002001,Page 2,Pan American's guide to Pakistan,,,,,,,,,,,,,,,,,,,,
asm0341001017,asm03410010170003001,Page 3,Pan American's guide to Pakistan,,,,,,,,,,,,,,,,,,,,
asm0341001017,asm03410010170004001,Page 4,Pan American's guide to Pakistan,,,,,,,,,,,,,,,,,,,,
asm0341001017,asm03410010170005001,Page 5,Pan American's guide to Pakistan,,,,,,,,,,,,,,,,,,,,
asm0341001017,asm03410010170006001,Page 6,Pan American's guide to Pakistan,,,,,,,,,,,,,,,,,,,,
asm0341001017,asm03410010170007001,Page 7,Pan American's guide to Pakistan,,,,,,,,,,,,,,,,,,,,
asm0341001017,asm03410010170008001,Page 8,Pan American's guide to Pakistan,,,,,,,,,,,,,,,,,,,,
asm0341001018,,Hong Kong : a map of the city,Hong Kong : a map of the city,,"Pan American World Airways, Inc.",,,,,Tourist maps; Promotional materials;,,,,,Hong Kong (China),eng,University of Miami. Library. Special Collections,"Pan American World Airways, Inc. records",ASM0341,Printed Materials: Brochures and Booklets: Destinations,Box No. 1 of 1; Box Title: Brochures and Booklets: Destinations; Folder No. 3; Folder Title: Asia (3 of 3),"The copyright and related rights status of this material is unknown. The Pan Am brand remains under trademark. For additional information, please visit: https://digitalcollections.library.miami.edu/digital/custom/copyright-guidelines",http://rightsstatements.org/vocab/UND/1.0/
asm0341001018,asm03410010180001001,Page 1,Hong Kong : a map of the city,,,,,,,,,,,,,,,,,,,,
asm0341001018,asm03410010180002001,Page 2,Hong Kong : a map of the city,,,,,,,,,,,,,,,,,,,,
asm0341001018,asm03410010180003001,Page 3,Hong Kong : a map of the city,,,,,,,,,,,,,,,,,,,,
asm0341001019,,Pan American's guide to Japan,Pan American's guide to Japan,,"Pan American World Airways, Inc.",,,,,Travel guidebooks;,,,,,Japan,eng,University of Miami. Library. Special Collections,"Pan American World Airways, Inc. records",ASM0341,Printed Materials: Brochures and Booklets: Destinations,Box No. 1 of 1; Box Title: Brochures and Booklets: Destinations; Folder No. 3; Folder Title: Asia (3 of 3),"The copyright and related rights status of this material is unknown. The Pan Am brand remains under trademark. For additional information, please visit: https://digitalcollections.library.miami.edu/digital/custom/copyright-guidelines",http://rightsstatements.org/vocab/UND/1.0/
asm0341001019,asm03410010190001001,Page 1,Pan American's guide to Japan,,,,,,,,,,,,,,,,,,,,
asm0341001019,asm03410010190002001,Page 2,Pan American's guide to Japan,,,,,,,,,,,,,,,,,,,,
asm0341001019,asm03410010190003001,Page 3,Pan American's guide to Japan,,,,,,,,,,,,,,,,,,,,
asm0341001019,asm03410010190004001,Page 4,Pan American's guide to Japan,,,,,,,,,,,,,,,,,,,,
asm0341001019,asm03410010190005001,Page 5,Pan American's guide to Japan,,,,,,,,,,,,,,,,,,,,
asm0341001019,asm03410010190006001,Page 6,Pan American's guide to Japan,,,,,,,,,,,,,,,,,,,,
asm0341001019,asm03410010190007001,Page 7,Pan American's guide to Japan,,,,,,,,,,,,,,,,,,,,
asm0341001019,asm03410010190008001,Page 8,Pan American's guide to Japan,,,,,,,,,,,,,,,,,,,,
asm0341001019,asm03410010190009001,Page 9,Pan American's guide to Japan,,,,,,,,,,,,,,,,,,,,
asm0341001019,asm03410010190010001,Page 10,Pan American's guide to Japan,,,,,,,,,,,,,,,,,,,,
asm0341001019,asm03410010190011001,Page 11,Pan American's guide to Japan,,,,,,,,,,,,,,,,,,,,
asm0341001020,,Pan American's guide to Burma,Pan American's guide to Burma,,"Pan American World Airways, Inc.",,,,,Travel guidebooks;,,,,,Burma,eng,University of Miami. Library. Special Collections,"Pan American World Airways, Inc. records",ASM0341,Printed Materials: Brochures and Booklets: Destinations,Box No. 1 of 1; Box Title: Brochures and Booklets: Destinations; Folder No. 3; Folder Title: Asia (3 of 3),"The copyright and related rights status of this material is unknown. The Pan Am brand remains under trademark. For additional information, please visit: https://digitalcollections.library.miami.edu/digital/custom/copyright-guidelines",http://rightsstatements.org/vocab/UND/1.0/
asm0341001020,asm03410010200001001,Page 1,Pan American's guide to Burma,,,,,,,,,,,,,,,,,,,,
asm0341001020,asm03410010200002001,Page 2,Pan American's guide to Burma,,,,,,,,,,,,,,,,,,,,
asm0341001020,asm03410010200003001,Page 3,Pan American's guide to Burma,,,,,,,,,,,,,,,,,,,,
asm0341001020,asm03410010200004001,Page 4,Pan American's guide to Burma,,,,,,,,,,,,,,,,,,,,
asm0341001020,asm03410010200005001,Page 5,Pan American's guide to Burma,,,,,,,,,,,,,,,,,,,,
asm0341001020,asm03410010200006001,Page 6,Pan American's guide to Burma,,,,,,,,,,,,,,,,,,,,
asm0341001020,asm03410010200007001,Page 7,Pan American's guide to Burma,,,,,,,,,,,,,,,,,,,,
asm0341001020,asm03410010200008001,Page 8,Pan American's guide to Burma,,,,,,,,,,,,,,,,,,,,
asm0341001021,,Pacific via Pan American World Airways,Pacific via Pan American World Airways,,"Pan American World Airways, Inc.",,,,,Promotional materials; Brochures;,,1946,,1940-1949,Pacific Area,eng,University of Miami. Library. Special Collections,"Pan American World Airways, Inc. records",ASM0341,Printed Materials: Brochures and Booklets: Destinations,Box No. 1 of 1; Box Title: Brochures and Booklets: Destinations; Folder No. 4; Folder Title: Australia and Pacific Islands,"This material is protected by copyright. Use for education purposes is permitted. Copyright was originally held by Pan American World Airways, Inc., but was transferred to the University of Miami. The Pan Am brand remains under trademark. For additional information, please visit: https://digitalcollections.library.miami.edu/digital/custom/copyright-guidelines",http://rightsstatements.org/vocab/InC-EDU/1.0/
asm0341001021,asm03410010210001001,Page 1,Pacific via Pan American World Airways,,,,,,,,,,,,,,,,,,,,
asm0341001021,asm03410010210002001,Page 2,Pacific via Pan American World Airways,,,,,,,,,,,,,,,,,,,,
asm0341001022,,Your Clipper trip,Your Clipper trip,,"Pan American World Airways, Inc.",,,,,Promotional materials; Booklets; Maps;,,,,,Pacific Area,eng,University of Miami. Library. Special Collections,"Pan American World Airways, Inc. records",ASM0341,Printed Materials: Brochures and Booklets: Destinations,Box No. 1 of 1; Box Title: Brochures and Booklets: Destinations; Folder No. 4; Folder Title: Australia and Pacific Islands,"The copyright and related rights status of this material is unknown. The Pan Am brand remains under trademark. For additional information, please visit: https://digitalcollections.library.miami.edu/digital/custom/copyright-guidelines",http://rightsstatements.org/vocab/UND/1.0/
asm0341001022,asm03410010220001001,Page 1,Your Clipper trip,,,,,,,,,,,,,,,,,,,,
asm0341001022,asm03410010220002001,Page 2,Your Clipper trip,,,,,,,,,,,,,,,,,,,,
asm0341001022,asm03410010220003001,Page 3,Your Clipper trip,,,,,,,,,,,,,,,,,,,,
asm0341001023,,Fly Pan Am to the Australian olympics,Fly Pan Am to the Australian olympics,,"Pan American World Airways, Inc.",,,,,Promotional materials;,,1956,,1950-1959,Australia,eng,University of Miami. Library. Special Collections,"Pan American World Airways, Inc. records",ASM0341,Printed Materials: Brochures and Booklets: Destinations,Box No. 1 of 1; Box Title: Brochures and Booklets: Destinations; Folder No. 4; Folder Title: Australia and Pacific Islands,"This material is protected by copyright. Use for education purposes is permitted. Copyright was originally held by Pan American World Airways, Inc., but was transferred to the University of Miami. The Pan Am brand remains under trademark. For additional information, please visit: https://digitalcollections.library.miami.edu/digital/custom/copyright-guidelines",http://rightsstatements.org/vocab/InC-EDU/1.0/
asm0341001023,asm03410010230001001,Page 1,Fly Pan Am to the Australian olympics,,,,,,,,,,,,,,,,,,,,
asm0341001023,asm03410010230002001,Page 2,Fly Pan Am to the Australian olympics,,,,,,,,,,,,,,,,,,,,
asm0341001024,,Sydney city map and guide,Sydney city map and guide,,"Simplified Travel Inc.; Pan American World Airways, Inc.",,,,,Tourist maps;,,,,,Sydney (N.S.W.),eng,University of Miami. Library. Special Collections,"Pan American World Airways, Inc. records",ASM0341,Printed Materials: Brochures and Booklets: Destinations,Box No. 1 of 1; Box Title: Brochures and Booklets: Destinations; Folder No. 4; Folder Title: Australia and Pacific Islands,"The copyright and related rights status of this material is unknown. The Pan Am brand remains under trademark. For additional information, please visit: https://digitalcollections.library.miami.edu/digital/custom/copyright-guidelines",http://rightsstatements.org/vocab/UND/1.0/
asm0341001024,asm03410010240001001,Page 1,Sydney city map and guide,,,,,,,,,,,,,,,,,,,,
asm0341001024,asm03410010240002001,Page 2,Sydney city map and guide,,,,,,,,,,,,,,,,,,,,
asm0341001025,,Australia & New Zealand,Australia & New Zealand,,"Pan American World Airways, Inc.",,,,,Travel guidebooks;,,1979,,1970-1979,Australia; New Zealand,eng,University of Miami. Library. Special Collections,"Pan American World Airways, Inc. records",ASM0341,Printed Materials: Brochures and Booklets: Destinations,Box No. 1 of 1; Box Title: Brochures and Booklets: Destinations; Folder No. 4; Folder Title: Australia and Pacific Islands,"This material is protected by copyright. Use for education purposes is permitted. Copyright was originally held by Pan American World Airways, Inc., but was transferred to the University of Miami. The Pan Am brand remains under trademark. For additional information, please visit: https://digitalcollections.library.miami.edu/digital/custom/copyright-guidelines",http://rightsstatements.org/vocab/InC-EDU/1.0/
asm0341001025,asm03410010250001001,Page 1,Australia & New Zealand,,,,,,,,,,,,,,,,,,,,
asm0341001025,asm03410010250002001,Page 2,Australia & New Zealand,,,,,,,,,,,,,,,,,,,,
asm0341001025,asm03410010250003001,Page 3,Australia & New Zealand,,,,,,,,,,,,,,,,,,,,
asm0341001025,asm03410010250004001,Page 4,Australia & New Zealand,,,,,,,,,,,,,,,,,,,,
asm0341001025,asm03410010250005001,Page 5,Australia & New Zealand,,,,,,,,,,,,,,,,,,,,
asm0341001025,asm03410010250006001,Page 6,Australia & New Zealand,,,,,,,,,,,,,,,,,,,,
asm0341001025,asm03410010250007001,Page 7,Australia & New Zealand,,,,,,,,,,,,,,,,,,,,
asm0341001025,asm03410010250008001,Page 8,Australia & New Zealand,,,,,,,,,,,,,,,,,,,,
asm0341001025,asm03410010250009001,Page 9,Australia & New Zealand,,,,,,,,,,,,,,,,,,,,
asm0341001025,asm03410010250010001,Page 10,Australia & New Zealand,,,,,,,,,,,,,,,,,,,,
asm0341001025,asm03410010250011001,Page 11,Australia & New Zealand,,,,,,,,,,,,,,,,,,,,
asm0341001025,asm03410010250012001,Page 12,Australia & New Zealand,,,,,,,,,,,,,,,,,,,,
asm0341001025,asm03410010250013001,Page 13,Australia & New Zealand,,,,,,,,,,,,,,,,,,,,
asm0341001025,asm03410010250014001,Page 14,Australia & New Zealand,,,,,,,,,,,,,,,,,,,,
asm0341001025,asm03410010250015001,Page 15,Australia & New Zealand,,,,,,,,,,,,,,,,,,,,
asm0341001025,asm03410010250016001,Page 16,Australia & New Zealand,,,,,,,,,,,,,,,,,,,,
asm0341001025,asm03410010250017001,Page 17,Australia & New Zealand,,,,,,,,,,,,,,,,,,,,
asm0341001025,asm03410010250018001,Page 18,Australia & New Zealand,,,,,,,,,,,,,,,,,,,,
asm0341001025,asm03410010250019001,Page 19,Australia & New Zealand,,,,,,,,,,,,,,,,,,,,
asm0341001025,asm03410010250020001,Page 20,Australia & New Zealand,,,,,,,,,,,,,,,,,,,,
asm0341001025,asm03410010250021001,Page 21,Australia & New Zealand,,,,,,,,,,,,,,,,,,,,
asm0341001025,asm03410010250022001,Page 22,Australia & New Zealand,,,,,,,,,,,,,,,,,,,,
asm0341001025,asm03410010250023001,Page 23,Australia & New Zealand,,,,,,,,,,,,,,,,,,,,
asm0341001025,asm03410010250024001,Page 24,Australia & New Zealand,,,,,,,,,,,,,,,,,,,,
asm0341001025,asm03410010250025001,Page 25,Australia & New Zealand,,,,,,,,,,,,,,,,,,,,
asm0341001025,asm03410010250026001,Page 26,Australia & New Zealand,,,,,,,,,,,,,,,,,,,,
asm0341001025,asm03410010250027001,Page 27,Australia & New Zealand,,,,,,,,,,,,,,,,,,,,
asm0341001025,asm03410010250028001,Page 28,Australia & New Zealand,,,,,,,,,,,,,,,,,,,,
asm0341001025,asm03410010250029001,Page 29,Australia & New Zealand,,,,,,,,,,,,,,,,,,,,
asm0341001025,asm03410010250030001,Page 30,Australia & New Zealand,,,,,,,,,,,,,,,,,,,,
asm0341001025,asm03410010250031001,Page 31,Australia & New Zealand,,,,,,,,,,,,,,,,,,,,
asm0341001025,asm03410010250032001,Page 32,Australia & New Zealand,,,,,,,,,,,,,,,,,,,,
asm0341001025,asm03410010250033001,Page 33,Australia & New Zealand,,,,,,,,,,,,,,,,,,,,
asm0341001025,asm03410010250034001,Page 34,Australia & New Zealand,,,,,,,,,,,,,,,,,,,,
asm0341001026,,Pan Am Tours on tape,Pan Am Tours on tape,,"Pan American World Airways, Inc.",,,,,Advertisements;,,,,,,eng,University of Miami. Library. Special Collections,"Pan American World Airways, Inc. records",ASM0341,Printed Materials: Brochures and Booklets: Destinations,Box No. 1 of 1; Box Title: Brochures and Booklets: Destinations; Folder No. 4; Folder Title: Australia and Pacific Islands,"The copyright and related rights status of this material is unknown. The Pan Am brand remains under trademark. For additional information, please visit: https://digitalcollections.library.miami.edu/digital/custom/copyright-guidelines",http://rightsstatements.org/vocab/UND/1.0/
asm0341001026,asm03410010260001001,Page 1,Pan Am Tours on tape,,,,,,,,,,,,,,,,,,,,
asm0341001026,asm03410010260002001,Page 2,Pan Am Tours on tape,,,,,,,,,,,,,,,,,,,,
asm0341001027,,Pacific services timetable,Pacific services timetable,,"Pan American World Airways, Inc.",,,,,Transportation timetables;,,1951,,1950-1959,Pacific Area,eng,University of Miami. Library. Special Collections,"Pan American World Airways, Inc. records",ASM0341,Printed Materials: Brochures and Booklets: Destinations,Box No. 1 of 1; Box Title: Brochures and Booklets: Destinations; Folder No. 4; Folder Title: Australia and Pacific Islands,"This material is in the public domain in the United States. The Pan Am brand remains under trademark. For additional information, please visit: https://digitalcollections.library.miami.edu/digital/custom/copyright-guidelines",http://rightsstatements.org/vocab/NoC-US/1.0/
asm0341001027,asm03410010270001001,Page 1,Pacific services timetable,,,,,,,,,,,,,,,,,,,,
asm0341001027,asm03410010270002001,Page 2,Pacific services timetable,,,,,,,,,,,,,,,,,,,,
asm0341001028,,Pacific by Clipper,Pacific by Clipper,,"Pan American World Airways, Inc.",,,,,Promotional materials; Brochures;,,1947,,1940-1949,Pacific Area; Hawaii; Philippines; Australia; New Zealand,eng,University of Miami. Library. Special Collections,"Pan American World Airways, Inc. records",ASM0341,Printed Materials: Brochures and Booklets: Destinations,Box No. 1 of 1; Box Title: Brochures and Booklets: Destinations; Folder No. 4; Folder Title: Australia and Pacific Islands,"This material is protected by copyright. Use for education purposes is permitted. Copyright was originally held by Pan American World Airways, Inc., but was transferred to the University of Miami. The Pan Am brand remains under trademark. For additional information, please visit: https://digitalcollections.library.miami.edu/digital/custom/copyright-guidelines",http://rightsstatements.org/vocab/InC-EDU/1.0/
asm0341001028,asm03410010280001001,Page 1,Pacific by Clipper,,,,,,,,,,,,,,,,,,,,
asm0341001028,asm03410010280002001,Page 2,Pacific by Clipper,,,,,,,,,,,,,,,,,,,,
asm0341001028,asm03410010280003001,Page 3,Pacific by Clipper,,,,,,,,,,,,,,,,,,,,
asm0341001029,,Fly by Clipper to Bermuda,Fly by Clipper to Bermuda,,"Pan American World Airways, Inc.",,,,,Promotional materials; Brochures;,,,,,Bermuda Islands,eng,University of Miami. Library. Special Collections,"Pan American World Airways, Inc. records",ASM0341,Printed Materials: Brochures and Booklets: Destinations,Box No. 1 of 1; Box Title: Brochures and Booklets: Destinations; Folder No. 5; Folder Title: Bermuda (1 of 2),"The copyright and related rights status of this material is unknown. The Pan Am brand remains under trademark. For additional information, please visit: https://digitalcollections.library.miami.edu/digital/custom/copyright-guidelines",http://rightsstatements.org/vocab/UND/1.0/
asm0341001029,asm03410010290001001,Page 1,Fly by Clipper to Bermuda,,,,,,,,,,,,,,,,,,,,
asm0341001029,asm03410010290002001,Page 2,Fly by Clipper to Bermuda,,,,,,,,,,,,,,,,,,,,
asm0341001030,,"By Clipper your ""week"" becomes nine days in sunny Bermuda","By Clipper your ""week"" becomes nine days in sunny Bermuda",,"Pan American World Airways, Inc.",,,,,Promotional materials; Booklets;,,,,,Bermuda Islands,eng,University of Miami. Library. Special Collections,"Pan American World Airways, Inc. records",ASM0341,Printed Materials: Brochures and Booklets: Destinations,Box No. 1 of 1; Box Title: Brochures and Booklets: Destinations; Folder No. 5; Folder Title: Bermuda (1 of 2),"The copyright and related rights status of this material is unknown. The Pan Am brand remains under trademark. For additional information, please visit: https://digitalcollections.library.miami.edu/digital/custom/copyright-guidelines",http://rightsstatements.org/vocab/UND/1.0/
asm0341001030,asm03410010300001001,Page 1,"By Clipper your ""week"" becomes nine days in sunny Bermuda",,,,,,,,,,,,,,,,,,,,
asm0341001030,asm03410010300002001,Page 2,"By Clipper your ""week"" becomes nine days in sunny Bermuda",,,,,,,,,,,,,,,,,,,,
asm0341001030,asm03410010300003001,Page 3,"By Clipper your ""week"" becomes nine days in sunny Bermuda",,,,,,,,,,,,,,,,,,,,
asm0341001030,asm03410010300004001,Page 4,"By Clipper your ""week"" becomes nine days in sunny Bermuda",,,,,,,,,,,,,,,,,,,,
asm0341001030,asm03410010300005001,Page 5,"By Clipper your ""week"" becomes nine days in sunny Bermuda",,,,,,,,,,,,,,,,,,,,
asm0341001030,asm03410010300006001,Page 6,"By Clipper your ""week"" becomes nine days in sunny Bermuda",,,,,,,,,,,,,,,,,,,,
asm0341001030,asm03410010300007001,Page 7,"By Clipper your ""week"" becomes nine days in sunny Bermuda",,,,,,,,,,,,,,,,,,,,
asm0341001030,asm03410010300008001,Page 8,"By Clipper your ""week"" becomes nine days in sunny Bermuda",,,,,,,,,,,,,,,,,,,,
asm0341001031,,Best way to Bermuda : go by Clipper,Best way to Bermuda : go by Clipper,,"Pan American World Airways, Inc.",,,,,Promotional materials; Brochures;,,1952,,1950-1959,Bermuda Islands,eng,University of Miami. Library. Special Collections,"Pan American World Airways, Inc. records",ASM0341,Printed Materials: Brochures and Booklets: Destinations,Box No. 1 of 1; Box Title: Brochures and Booklets: Destinations; Folder No. 5; Folder Title: Bermuda (1 of 2),"This material is protected by copyright. Use for education purposes is permitted. Copyright was originally held by Pan American World Airways, Inc., but was transferred to the University of Miami. The Pan Am brand remains under trademark. For additional information, please visit: https://digitalcollections.library.miami.edu/digital/custom/copyright-guidelines",http://rightsstatements.org/vocab/InC-EDU/1.0/
asm0341001031,asm03410010310001001,Page 1,Best way to Bermuda : go by Clipper,,,,,,,,,,,,,,,,,,,,
asm0341001031,asm03410010310002001,Page 2,Best way to Bermuda : go by Clipper,,,,,,,,,,,,,,,,,,,,
asm0341001032,,"6 color, sound movies in conjunction with Clipper Charlie, the PAA Spirit of Travel","6 color, sound movies in conjunction with Clipper Charlie, the PAA Spirit of Travel",,"Pan American World Airways, Inc.",,,,,Promotional materials; Brochures;,,,,,,eng,University of Miami. Library. Special Collections,"Pan American World Airways, Inc. records",ASM0341,Printed Materials: Brochures and Booklets: Destinations,Box No. 1 of 1; Box Title: Brochures and Booklets: Destinations; Folder No. 5; Folder Title: Bermuda (1 of 2),"The copyright and related rights status of this material is unknown. The Pan Am brand remains under trademark. For additional information, please visit: https://digitalcollections.library.miami.edu/digital/custom/copyright-guidelines",http://rightsstatements.org/vocab/UND/1.0/
asm0341001032,asm03410010320001001,Page 1,"6 color, sound movies in conjunction with Clipper Charlie, the PAA Spirit of Travel",,,,,,,,,,,,,,,,,,,,
asm0341001032,asm03410010320002001,Page 2,"6 color, sound movies in conjunction with Clipper Charlie, the PAA Spirit of Travel",,,,,,,,,,,,,,,,,,,,
asm0341001033,,Bermuda holiday,Bermuda holiday,,"Pan American World Airways, Inc.",,,,,Promotional materials; Brochures;,,1954,,1950-1959,Bermuda Islands,eng,University of Miami. Library. Special Collections,"Pan American World Airways, Inc. records",ASM0341,Printed Materials: Brochures and Booklets: Destinations,Box No. 1 of 1; Box Title: Brochures and Booklets: Destinations; Folder No. 5; Folder Title: Bermuda (1 of 2),"This material is in the public domain in the United States. The Pan Am brand remains under trademark. For additional information, please visit: https://digitalcollections.library.miami.edu/digital/custom/copyright-guidelines",http://rightsstatements.org/vocab/NoC-US/1.0/
asm0341001033,asm03410010330001001,Page 1,Bermuda holiday,,,,,,,,,,,,,,,,,,,,
asm0341001033,asm03410010330002001,Page 2,Bermuda holiday,,,,,,,,,,,,,,,,,,,,
asm0341001033,asm03410010330003001,Page 3,Bermuda holiday,,,,,,,,,,,,,,,,,,,,
asm0341001034,,"College week in Bermuda, 1957","College week in Bermuda, 1957",,"Pan American World Airways, Inc.",,,,,Promotional materials; Brochures;,,,1957,1950-1959,Bermuda Islands,eng,University of Miami. Library. Special Collections,"Pan American World Airways, Inc. records",ASM0341,Printed Materials: Brochures and Booklets: Destinations,Box No. 1 of 1; Box Title: Brochures and Booklets: Destinations; Folder No. 5; Folder Title: Bermuda (1 of 2),"This material is in the public domain in the United States. The Pan Am brand remains under trademark. For additional information, please visit: https://digitalcollections.library.miami.edu/digital/custom/copyright-guidelines",http://rightsstatements.org/vocab/NoC-US/1.0/
asm0341001034,asm03410010340001001,Page 1,"College week in Bermuda, 1957",,,,,,,,,,,,,,,,,,,,
asm0341001034,asm03410010340002001,Page 2,"College week in Bermuda, 1957",,,,,,,,,,,,,,,,,,,,
asm0341001035,,Pan American's guide to Bermuda,Pan American's guide to Bermuda,,"Pan American World Airways, Inc.",,,,,Travel guidebooks;,,,,,Bermuda Islands,eng,University of Miami. Library. Special Collections,"Pan American World Airways, Inc. records",ASM0341,Printed Materials: Brochures and Booklets: Destinations,Box No. 1 of 1; Box Title: Brochures and Booklets: Destinations; Folder No. 6; Folder Title: Bermuda (2 of 2),"The copyright and related rights status of this material is unknown. The Pan Am brand remains under trademark. For additional information, please visit: https://digitalcollections.library.miami.edu/digital/custom/copyright-guidelines",http://rightsstatements.org/vocab/UND/1.0/
asm0341001035,asm03410010350001001,Page 1,Pan American's guide to Bermuda,,,,,,,,,,,,,,,,,,,,
asm0341001035,asm03410010350002001,Page 2,Pan American's guide to Bermuda,,,,,,,,,,,,,,,,,,,,
asm0341001035,asm03410010350003001,Page 3,Pan American's guide to Bermuda,,,,,,,,,,,,,,,,,,,,
asm0341001035,asm03410010350004001,Page 4,Pan American's guide to Bermuda,,,,,,,,,,,,,,,,,,,,
asm0341001035,asm03410010350005001,Page 5,Pan American's guide to Bermuda,,,,,,,,,,,,,,,,,,,,
asm0341001035,asm03410010350006001,Page 6,Pan American's guide to Bermuda,,,,,,,,,,,,,,,,,,,,
asm0341001035,asm03410010350007001,Page 7,Pan American's guide to Bermuda,,,,,,,,,,,,,,,,,,,,
asm0341001035,asm03410010350008001,Page 8,Pan American's guide to Bermuda,,,,,,,,,,,,,,,,,,,,
asm0341001036,,Now - Bermuda by Clipper,Now - Bermuda by Clipper,,"Pan American World Airways, Inc.",,,,,Promotional materials; Brochures;,,1945,,1940-1949,Bermuda Islands,eng,University of Miami. Library. Special Collections,"Pan American World Airways, Inc. records",ASM0341,Printed Materials: Brochures and Booklets: Destinations,Box No. 1 of 1; Box Title: Brochures and Booklets: Destinations; Folder No. 6; Folder Title: Bermuda (2 of 2),"This material is protected by copyright. Use for education purposes is permitted. Copyright was originally held by Pan American World Airways, Inc., but was transferred to the University of Miami. The Pan Am brand remains under trademark. For additional information, please visit: https://digitalcollections.library.miami.edu/digital/custom/copyright-guidelines",http://rightsstatements.org/vocab/InC-EDU/1.0/
asm0341001036,asm03410010360001001,Page 1,Now - Bermuda by Clipper,,,,,,,,,,,,,,,,,,,,
asm0341001036,asm03410010360002001,Page 2,Now - Bermuda by Clipper,,,,,,,,,,,,,,,,,,,,
asm0341001036,asm03410010360003001,Page 3,Now - Bermuda by Clipper,,,,,,,,,,,,,,,,,,,,
asm0341001037,,Bermuda on a Clipper holiday,Bermuda on a Clipper holiday,,"Pan American World Airways, Inc.",,,,,Promotional materials; Brochures;,,,,,Bermuda Islands,eng,University of Miami. Library. Special Collections,"Pan American World Airways, Inc. records",ASM0341,Printed Materials: Brochures and Booklets: Destinations,Box No. 1 of 1; Box Title: Brochures and Booklets: Destinations; Folder No. 6; Folder Title: Bermuda (2 of 2),"The copyright and related rights status of this material is unknown. The Pan Am brand remains under trademark. For additional information, please visit: https://digitalcollections.library.miami.edu/digital/custom/copyright-guidelines",http://rightsstatements.org/vocab/UND/1.0/
asm0341001037,asm03410010370001001,Page 1,Bermuda on a Clipper holiday,,,,,,,,,,,,,,,,,,,,
asm0341001037,asm03410010370002001,Page 2,Bermuda on a Clipper holiday,,,,,,,,,,,,,,,,,,,,
asm0341001037,asm03410010370003001,Page 3,Bermuda on a Clipper holiday,,,,,,,,,,,,,,,,,,,,
asm0341001038,,Bermuda invites you,Bermuda invites you,,"Pan American World Airways, Inc.",,,,,Promotional materials; Brochures;,,1947,,1940-1949,Bermuda Islands,eng,University of Miami. Library. Special Collections,"Pan American World Airways, Inc. records",ASM0341,Printed Materials: Brochures and Booklets: Destinations,Box No. 1 of 1; Box Title: Brochures and Booklets: Destinations; Folder No. 6; Folder Title: Bermuda (2 of 2),"This material is protected by copyright. Use for education purposes is permitted. Copyright was originally held by Pan American World Airways, Inc., but was transferred to the University of Miami. The Pan Am brand remains under trademark. For additional information, please visit: https://digitalcollections.library.miami.edu/digital/custom/copyright-guidelines",http://rightsstatements.org/vocab/InC-EDU/1.0/
asm0341001038,asm03410010380001001,Page 1,Bermuda invites you,,,,,,,,,,,,,,,,,,,,
asm0341001038,asm03410010380002001,Page 2,Bermuda invites you,,,,,,,,,,,,,,,,,,,,
asm0341001038,asm03410010380003001,Page 3,Bermuda invites you,,,,,,,,,,,,,,,,,,,,
asm0341001038,asm03410010380004001,Page 4,Bermuda invites you,,,,,,,,,,,,,,,,,,,,
asm0341001039,,Fly Pan Am to Bermuda,Fly Pan Am to Bermuda,,"Pan American World Airways, Inc.",,,,,Promotional materials; Brochures;,,1956,,1950-1959,Bermuda Islands,eng,University of Miami. Library. Special Collections,"Pan American World Airways, Inc. records",ASM0341,Printed Materials: Brochures and Booklets: Destinations,Box No. 1 of 1; Box Title: Brochures and Booklets: Destinations; Folder No. 6; Folder Title: Bermuda (2 of 2),"This material is protected by copyright. Use for education purposes is permitted. Copyright was originally held by Pan American World Airways, Inc., but was transferred to the University of Miami. The Pan Am brand remains under trademark. For additional information, please visit: https://digitalcollections.library.miami.edu/digital/custom/copyright-guidelines",http://rightsstatements.org/vocab/InC-EDU/1.0/
asm0341001039,asm03410010390001001,Page 1,Fly Pan Am to Bermuda,,,,,,,,,,,,,,,,,,,,
asm0341001039,asm03410010390002001,Page 2,Fly Pan Am to Bermuda,,,,,,,,,,,,,,,,,,,,
asm0341001039,asm03410010390003001,Page 3,Fly Pan Am to Bermuda,,,,,,,,,,,,,,,,,,,,
asm0341001040,,Caribbean vacations by Brownell,Caribbean vacations by Brownell,,"Brownell Travel Bureau, Inc.",,,,,Promotional materials; Brochures;,,,,,Caribbean Area,eng,University of Miami. Library. Special Collections,"Pan American World Airways, Inc. records",ASM0341,Printed Materials: Brochures and Booklets: Destinations,Box No. 1 of 1; Box Title: Brochures and Booklets: Destinations; Folder No. 7; Folder Title: Caribbean,"The copyright and related rights status of this material is unknown. The Pan Am brand remains under trademark. For additional information, please visit: https://digitalcollections.library.miami.edu/digital/custom/copyright-guidelines",http://rightsstatements.org/vocab/UND/1.0/
asm0341001040,asm03410010400001001,Page 1,Caribbean vacations by Brownell,,,,,,,,,,,,,,,,,,,,
asm0341001040,asm03410010400002001,Page 2,Caribbean vacations by Brownell,,,,,,,,,,,,,,,,,,,,
asm0341001041,,Fly Pan American to and around the Caribbean,Fly Pan American to and around the Caribbean,,"Pan American World Airways, Inc.",,,,,Promotional materials; Brochures;,,1958,,1950-1959,Caribbean Area,eng,University of Miami. Library. Special Collections,"Pan American World Airways, Inc. records",ASM0341,Printed Materials: Brochures and Booklets: Destinations,Box No. 1 of 1; Box Title: Brochures and Booklets: Destinations; Folder No. 7; Folder Title: Caribbean,"This material is protected by copyright. Use for education purposes is permitted. Copyright was originally held by Pan American World Airways, Inc., but was transferred to the University of Miami. The Pan Am brand remains under trademark. For additional information, please visit: https://digitalcollections.library.miami.edu/digital/custom/copyright-guidelines",http://rightsstatements.org/vocab/InC-EDU/1.0/
asm0341001041,asm03410010410001001,Page 1,Fly Pan American to and around the Caribbean,,,,,,,,,,,,,,,,,,,,
asm0341001041,asm03410010410002001,Page 2,Fly Pan American to and around the Caribbean,,,,,,,,,,,,,,,,,,,,
asm0341001041,asm03410010410003001,Page 3,Fly Pan American to and around the Caribbean,,,,,,,,,,,,,,,,,,,,
asm0341001041,asm03410010410004001,Page 4,Fly Pan American to and around the Caribbean,,,,,,,,,,,,,,,,,,,,
asm0341001041,asm03410010410005001,Page 5,Fly Pan American to and around the Caribbean,,,,,,,,,,,,,,,,,,,,
asm0341001041,asm03410010410006001,Page 6,Fly Pan American to and around the Caribbean,,,,,,,,,,,,,,,,,,,,
asm0341001041,asm03410010410007001,Page 7,Fly Pan American to and around the Caribbean,,,,,,,,,,,,,,,,,,,,
asm0341001041,asm03410010410008001,Page 8,Fly Pan American to and around the Caribbean,,,,,,,,,,,,,,,,,,,,
asm0341001042,,Caribbean : For the summer season - 1959,Caribbean : For the summer season - 1959,,"Pan American World Airways, Inc.",,,,,Promotional materials; Brochures;,,1959,,1950-1959,Caribbean Area,eng,University of Miami. Library. Special Collections,"Pan American World Airways, Inc. records",ASM0341,Printed Materials: Brochures and Booklets: Destinations,Box No. 1 of 1; Box Title: Brochures and Booklets: Destinations; Folder No. 7; Folder Title: Caribbean,"This material is in the public domain in the United States. The Pan Am brand remains under trademark. For additional information, please visit: https://digitalcollections.library.miami.edu/digital/custom/copyright-guidelines",http://rightsstatements.org/vocab/NoC-US/1.0/
asm0341001042,asm03410010420001001,Page 1,Caribbean : For the summer season - 1959,,,,,,,,,,,,,,,,,,,,
asm0341001042,asm03410010420002001,Page 2,Caribbean : For the summer season - 1959,,,,,,,,,,,,,,,,,,,,
asm0341001042,asm03410010420003001,Page 3,Caribbean : For the summer season - 1959,,,,,,,,,,,,,,,,,,,,
asm0341001043,,On the routes of the flying clipper ships : West Indies,On the routes of the flying clipper ships : West Indies,,Pan American Airways Corporation,,,,,Promotional materials; Brochures; Maps;,,1938,,1930-1939,West Indies,eng,University of Miami. Library. Special Collections,"Pan American World Airways, Inc. records",ASM0341,Printed Materials: Brochures and Booklets: Destinations,Box No. 1 of 1; Box Title: Brochures and Booklets: Destinations; Folder No. 7; Folder Title: Caribbean,"This material is protected by copyright. Use for education purposes is permitted. Copyright was originally held by Pan American World Airways, Inc., but was transferred to the University of Miami. The Pan Am brand remains under trademark. For additional information, please visit: https://digitalcollections.library.miami.edu/digital/custom/copyright-guidelines",http://rightsstatements.org/vocab/InC-EDU/1.0/
asm0341001043,asm03410010430001001,Page 1,On the routes of the flying clipper ships : West Indies,,,,,,,,,,,,,,,,,,,,
asm0341001043,asm03410010430002001,Page 2,On the routes of the flying clipper ships : West Indies,,,,,,,,,,,,,,,,,,,,
asm0341001043,asm03410010430003001,Page 3,On the routes of the flying clipper ships : West Indies,,,,,,,,,,,,,,,,,,,,
asm0341001044,,On the routes of the flying clipper ships : Miami - Havana,On the routes of the flying clipper ships : Miami - Havana,,Pan American Airways Corporation,,,,,Promotional materials; Brochures; Maps;,,,,,Miami (Fla.); Havana (Cuba),eng,University of Miami. Library. Special Collections,"Pan American World Airways, Inc. records",ASM0341,Printed Materials: Brochures and Booklets: Destinations,Box No. 1 of 1; Box Title: Brochures and Booklets: Destinations; Folder No. 7; Folder Title: Caribbean,"The copyright and related rights status of this material is unknown. The Pan Am brand remains under trademark. For additional information, please visit: https://digitalcollections.library.miami.edu/digital/custom/copyright-guidelines",http://rightsstatements.org/vocab/UND/1.0/
asm0341001044,asm03410010440001001,Page 1,On the routes of the flying clipper ships : Miami - Havana,,,,,,,,,,,,,,,,,,,,
asm0341001044,asm03410010440002001,Page 2,On the routes of the flying clipper ships : Miami - Havana,,,,,,,,,,,,,,,,,,,,
asm0341001045,,Air-way to Havana,Air-way to Havana,,"Pan American World Airways, Inc.",,,,,Promotional materials; Brochures;,,,,,Havana (Cuba),eng,University of Miami. Library. Special Collections,"Pan American World Airways, Inc. records",ASM0341,Printed Materials: Brochures and Booklets: Destinations,Box No. 1 of 1; Box Title: Brochures and Booklets: Destinations; Folder No. 7; Folder Title: Caribbean,"The copyright and related rights status of this material is unknown. The Pan Am brand remains under trademark. For additional information, please visit: https://digitalcollections.library.miami.edu/digital/custom/copyright-guidelines",http://rightsstatements.org/vocab/UND/1.0/
asm0341001045,asm03410010450001001,Page 1,Air-way to Havana,,,,,,,,,,,,,,,,,,,,
asm0341001045,asm03410010450002001,Page 2,Air-way to Havana,,,,,,,,,,,,,,,,,,,,
asm0341001046,,In this world above the earth... via Pan American,In this world above the earth... via Pan American,,"Pan American World Airways, Inc.",,,,,Promotional materials; Brochures; Maps;,,,,,,eng,University of Miami. Library. Special Collections,"Pan American World Airways, Inc. records",ASM0341,Printed Materials: Brochures and Booklets: Destinations,Box No. 1 of 1; Box Title: Brochures and Booklets: Destinations; Folder No. 7; Folder Title: Caribbean,"The copyright and related rights status of this material is unknown. The Pan Am brand remains under trademark. For additional information, please visit: https://digitalcollections.library.miami.edu/digital/custom/copyright-guidelines",http://rightsstatements.org/vocab/UND/1.0/
asm0341001046,asm03410010460001001,Page 1,In this world above the earth... via Pan American,,,,,,,,,,,,,,,,,,,,
asm0341001046,asm03410010460002001,Page 2,In this world above the earth... via Pan American,,,,,,,,,,,,,,,,,,,,
asm0341001047,asm03410010470001001,Pan American flight map : New York and Caibbean,In this world above the earth... via Pan American,,"Pan American World Airways, Inc.",,,,,Maps;,,,,,New York (N.Y.); Caribbean Area,eng,University of Miami. Library. Special Collections,"Pan American World Airways, Inc. records",ASM0341,Printed Materials: Brochures and Booklets: Destinations,Box No. 1 of 1; Box Title: Brochures and Booklets: Destinations; Folder No. 7; Folder Title: Caribbean,"The copyright and related rights status of this material is unknown. The Pan Am brand remains under trademark. For additional information, please visit: https://digitalcollections.library.miami.edu/digital/custom/copyright-guidelines",http://rightsstatements.org/vocab/UND/1.0/
asm0341001048,asm03410010480001001,Pan American flight map : New York and Caibbean,In this world above the earth... via Pan American,,"Pan American World Airways, Inc.",,,,,Maps;,,,,,New York (N.Y.); Caribbean Area,eng,University of Miami. Library. Special Collections,"Pan American World Airways, Inc. records",ASM0341,Printed Materials: Brochures and Booklets: Destinations,Box No. 1 of 1; Box Title: Brochures and Booklets: Destinations; Folder No. 7; Folder Title: Caribbean,"The copyright and related rights status of this material is unknown. The Pan Am brand remains under trademark. For additional information, please visit: https://digitalcollections.library.miami.edu/digital/custom/copyright-guidelines",http://rightsstatements.org/vocab/UND/1.0/
asm0341001049,,Pan American's guide to Trinidad,Pan American's guide to Trinidad,,"Pan American World Airways, Inc.",,,,,Travel guidebooks;,,,,,Trinidad,eng,University of Miami. Library. Special Collections,"Pan American World Airways, Inc. records",ASM0341,Printed Materials: Brochures and Booklets: Destinations,Box No. 1 of 1; Box Title: Brochures and Booklets: Destinations; Folder No. 7; Folder Title: Caribbean,"The copyright and related rights status of this material is unknown. The Pan Am brand remains under trademark. For additional information, please visit: https://digitalcollections.library.miami.edu/digital/custom/copyright-guidelines",http://rightsstatements.org/vocab/UND/1.0/
asm0341001049,asm03410010490001001,Page 1,Pan American's guide to Trinidad,,,,,,,,,,,,,,,,,,,,
asm0341001049,asm03410010490002001,Page 2,Pan American's guide to Trinidad,,,,,,,,,,,,,,,,,,,,
asm0341001049,asm03410010490003001,Page 3,Pan American's guide to Trinidad,,,,,,,,,,,,,,,,,,,,
asm0341001049,asm03410010490004001,Page 4,Pan American's guide to Trinidad,,,,,,,,,,,,,,,,,,,,
asm0341001049,asm03410010490005001,Page 5,Pan American's guide to Trinidad,,,,,,,,,,,,,,,,,,,,
asm0341001049,asm03410010490006001,Page 6,Pan American's guide to Trinidad,,,,,,,,,,,,,,,,,,,,
asm0341001049,asm03410010490007001,Page 7,Pan American's guide to Trinidad,,,,,,,,,,,,,,,,,,,,
asm0341001049,asm03410010490008001,Page 8,Pan American's guide to Trinidad,,,,,,,,,,,,,,,,,,,,
asm0341001050,,Pan American's guide to Dominican Republic,Pan American's guide to Dominican Republic,,"Pan American World Airways, Inc.",,,,,Travel guidebooks;,,,,,Dominican Republic,eng,University of Miami. Library. Special Collections,"Pan American World Airways, Inc. records",ASM0341,Printed Materials: Brochures and Booklets: Destinations,Box No. 1 of 1; Box Title: Brochures and Booklets: Destinations; Folder No. 7; Folder Title: Caribbean,"The copyright and related rights status of this material is unknown. The Pan Am brand remains under trademark. For additional information, please visit: https://digitalcollections.library.miami.edu/digital/custom/copyright-guidelines",http://rightsstatements.org/vocab/UND/1.0/
asm0341001050,asm03410010500001001,Page 1,Pan American's guide to Dominican Republic,,,,,,,,,,,,,,,,,,,,
asm0341001050,asm03410010500002001,Page 2,Pan American's guide to Dominican Republic,,,,,,,,,,,,,,,,,,,,
asm0341001050,asm03410010500003001,Page 3,Pan American's guide to Dominican Republic,,,,,,,,,,,,,,,,,,,,
asm0341001050,asm03410010500004001,Page 4,Pan American's guide to Dominican Republic,,,,,,,,,,,,,,,,,,,,
asm0341001050,asm03410010500005001,Page 5,Pan American's guide to Dominican Republic,,,,,,,,,,,,,,,,,,,,
asm0341001050,asm03410010500006001,Page 6,Pan American's guide to Dominican Republic,,,,,,,,,,,,,,,,,,,,
asm0341001050,asm03410010500007001,Page 7,Pan American's guide to Dominican Republic,,,,,,,,,,,,,,,,,,,,
asm0341001050,asm03410010500008001,Page 8,Pan American's guide to Dominican Republic,,,,,,,,,,,,,,,,,,,,
asm0341001051,,Pan American's guide to Nassau,Pan American's guide to Nassau,,"Pan American World Airways, Inc.",,,,,Travel guidebooks;,,,,,Nassau (Bahamas),eng,University of Miami. Library. Special Collections,"Pan American World Airways, Inc. records",ASM0341,Printed Materials: Brochures and Booklets: Destinations,Box No. 1 of 1; Box Title: Brochures and Booklets: Destinations; Folder No. 7; Folder Title: Caribbean,"The copyright and related rights status of this material is unknown. The Pan Am brand remains under trademark. For additional information, please visit: https://digitalcollections.library.miami.edu/digital/custom/copyright-guidelines",http://rightsstatements.org/vocab/UND/1.0/
asm0341001051,asm03410010510001001,Page 1,Pan American's guide to Nassau,,,,,,,,,,,,,,,,,,,,
asm0341001051,asm03410010510002001,Page 2,Pan American's guide to Nassau,,,,,,,,,,,,,,,,,,,,
asm0341001051,asm03410010510003001,Page 3,Pan American's guide to Nassau,,,,,,,,,,,,,,,,,,,,
asm0341001051,asm03410010510004001,Page 4,Pan American's guide to Nassau,,,,,,,,,,,,,,,,,,,,
asm0341001051,asm03410010510005001,Page 5,Pan American's guide to Nassau,,,,,,,,,,,,,,,,,,,,
asm0341001051,asm03410010510006001,Page 6,Pan American's guide to Nassau,,,,,,,,,,,,,,,,,,,,
asm0341001051,asm03410010510007001,Page 7,Pan American's guide to Nassau,,,,,,,,,,,,,,,,,,,,
asm0341001051,asm03410010510008001,Page 8,Pan American's guide to Nassau,,,,,,,,,,,,,,,,,,,,
asm0341001052,asm03410010520001001,Tri-weekly special summer excursions,Pan American's guide to Nassau,,"Pan American World Airways, Inc.",,,,,Promotional materials; Advertisements;,,7/1/1930,,1930-1939,Cuba,eng,University of Miami. Library. Special Collections,"Pan American World Airways, Inc. records",ASM0341,Printed Materials: Brochures and Booklets: Destinations,Box No. 1 of 1; Box Title: Brochures and Booklets: Destinations; Folder No. 7; Folder Title: Caribbean,"This material is in the public domain in the United States. The Pan Am brand remains under trademark. For additional information, please visit: https://digitalcollections.library.miami.edu/digital/custom/copyright-guidelines",http://rightsstatements.org/vocab/NoC-US/1.0/
asm0341001053,,Holiday houseparty around the Caribbean,Holiday houseparty around the Caribbean,,"Resort Airlines, Inc.",,,,,Promotional materials; Brochures;,,,,,Caribbean Area,eng,University of Miami. Library. Special Collections,"Pan American World Airways, Inc. records",ASM0341,Printed Materials: Brochures and Booklets: Destinations,Box No. 1 of 1; Box Title: Brochures and Booklets: Destinations; Folder No. 7; Folder Title: Caribbean,"The copyright and related rights status of this material is unknown. The Pan Am brand remains under trademark. For additional information, please visit: https://digitalcollections.library.miami.edu/digital/custom/copyright-guidelines",http://rightsstatements.org/vocab/UND/1.0/
asm0341001053,asm03410010530001001,Page 1,Holiday houseparty around the Caribbean,,,,,,,,,,,,,,,,,,,,
asm0341001053,asm03410010530002001,Page 2,Holiday houseparty around the Caribbean,,,,,,,,,,,,,,,,,,,,
asm0341001054,,"Pan American Airway, Inc. to Jamaica","Pan American Airway, Inc. to Jamaica",,"Pan American World Airways, Inc.",,,,,Promotional materials; Booklets;,,,,,Kingston (Jamaica),eng,University of Miami. Library. Special Collections,"Pan American World Airways, Inc. records",ASM0341,Printed Materials: Brochures and Booklets: Destinations,Box No. 1 of 1; Box Title: Brochures and Booklets: Destinations; Folder No. 7; Folder Title: Caribbean,"The copyright and related rights status of this material is unknown. The Pan Am brand remains under trademark. For additional information, please visit: https://digitalcollections.library.miami.edu/digital/custom/copyright-guidelines",http://rightsstatements.org/vocab/UND/1.0/
asm0341001054,asm03410010540001001,Page 1,"Pan American Airway, Inc. to Jamaica",,,,,,,,,,,,,,,,,,,,
asm0341001054,asm03410010540002001,Page 2,"Pan American Airway, Inc. to Jamaica",,,,,,,,,,,,,,,,,,,,
asm0341001054,asm03410010540003001,Page 3,"Pan American Airway, Inc. to Jamaica",,,,,,,,,,,,,,,,,,,,
asm0341001054,asm03410010540004001,Page 4,"Pan American Airway, Inc. to Jamaica",,,,,,,,,,,,,,,,,,,,
asm0341001055,,How to get that trip to the Caribbean off the ground,How to get that trip to the Caribbean off the ground,,"Pan American World Airways, Inc.",,,,,Promotional materials; Booklets;,,1966,,1960-1969,Caribbean Area,eng,University of Miami. Library. Special Collections,"Pan American World Airways, Inc. records",ASM0341,Printed Materials: Brochures and Booklets: Destinations,Box No. 1 of 1; Box Title: Brochures and Booklets: Destinations; Folder No. 7; Folder Title: Caribbean,"This material is protected by copyright. Use for education purposes is permitted. Copyright was originally held by Pan American World Airways, Inc., but was transferred to the University of Miami. The Pan Am brand remains under trademark. For additional information, please visit: https://digitalcollections.library.miami.edu/digital/custom/copyright-guidelines",http://rightsstatements.org/vocab/InC-EDU/1.0/
asm0341001055,asm03410010550001001,Page 1,How to get that trip to the Caribbean off the ground,,,,,,,,,,,,,,,,,,,,
asm0341001055,asm03410010550002001,Page 2,How to get that trip to the Caribbean off the ground,,,,,,,,,,,,,,,,,,,,
asm0341001055,asm03410010550003001,Page 3,How to get that trip to the Caribbean off the ground,,,,,,,,,,,,,,,,,,,,
asm0341001055,asm03410010550004001,Page 4,How to get that trip to the Caribbean off the ground,,,,,,,,,,,,,,,,,,,,
asm0341001055,asm03410010550005001,Page 5,How to get that trip to the Caribbean off the ground,,,,,,,,,,,,,,,,,,,,
asm0341001055,asm03410010550006001,Page 6,How to get that trip to the Caribbean off the ground,,,,,,,,,,,,,,,,,,,,
asm0341001055,asm03410010550007001,Page 7,How to get that trip to the Caribbean off the ground,,,,,,,,,,,,,,,,,,,,
asm0341001055,asm03410010550008001,Page 8,How to get that trip to the Caribbean off the ground,,,,,,,,,,,,,,,,,,,,
asm0341001055,asm03410010550009001,Page 9,How to get that trip to the Caribbean off the ground,,,,,,,,,,,,,,,,,,,,
asm0341001055,asm03410010550010001,Page 10,How to get that trip to the Caribbean off the ground,,,,,,,,,,,,,,,,,,,,
asm0341001055,asm03410010550011001,Page 11,How to get that trip to the Caribbean off the ground,,,,,,,,,,,,,,,,,,,,
asm0341001055,asm03410010550012001,Page 12,How to get that trip to the Caribbean off the ground,,,,,,,,,,,,,,,,,,,,
asm0341001055,asm03410010550013001,Page 13,How to get that trip to the Caribbean off the ground,,,,,,,,,,,,,,,,,,,,
asm0341001055,asm03410010550014001,Page 14,How to get that trip to the Caribbean off the ground,,,,,,,,,,,,,,,,,,,,
asm0341001055,asm03410010550015001,Page 15,How to get that trip to the Caribbean off the ground,,,,,,,,,,,,,,,,,,,,
asm0341001055,asm03410010550016001,Page 16,How to get that trip to the Caribbean off the ground,,,,,,,,,,,,,,,,,,,,
asm0341001055,asm03410010550017001,Page 17,How to get that trip to the Caribbean off the ground,,,,,,,,,,,,,,,,,,,,
asm0341001055,asm03410010550018001,Page 18,How to get that trip to the Caribbean off the ground,,,,,,,,,,,,,,,,,,,,
asm0341001055,asm03410010550019001,Page 19,How to get that trip to the Caribbean off the ground,,,,,,,,,,,,,,,,,,,,
asm0341001055,asm03410010550020001,Page 20,How to get that trip to the Caribbean off the ground,,,,,,,,,,,,,,,,,,,,
asm0341001056,,Fly over the Panama Canal coast to coast in 24 minutes,Fly over the Panama Canal coast to coast in 24 minutes,,Pan American Airways Corporation,,,,,Promotional materials; Brochures;,,12/1/1938,,1930-1939,Panama Canal (Panama),eng,University of Miami. Library. Special Collections,"Pan American World Airways, Inc. records",ASM0341,Printed Materials: Brochures and Booklets: Destinations,Box No. 1 of 1; Box Title: Brochures and Booklets: Destinations; Folder No. 8; Folder Title: Central and South America (1 of 4),"This material is in the public domain in the United States. The Pan Am brand remains under trademark. For additional information, please visit: https://digitalcollections.library.miami.edu/digital/custom/copyright-guidelines",http://rightsstatements.org/vocab/NoC-US/1.0/
asm0341001056,asm03410010560001001,Page 1,Fly over the Panama Canal coast to coast in 24 minutes,,,,,,,,,,,,,,,,,,,,
asm0341001056,asm03410010560002001,Page 2,Fly over the Panama Canal coast to coast in 24 minutes,,,,,,,,,,,,,,,,,,,,
asm0341001056,asm03410010560003001,Page 3,Fly over the Panama Canal coast to coast in 24 minutes,,,,,,,,,,,,,,,,,,,,
asm0341001057,,Fly over the Panama Canal coast to coast in 24 minutes,Fly over the Panama Canal coast to coast in 24 minutes,,Pan American Airways Corporation,,,,,Promotional materials; Brochures;,,7/15/1937,,1930-1939,Panama Canal (Panama),eng,University of Miami. Library. Special Collections,"Pan American World Airways, Inc. records",ASM0341,Printed Materials: Brochures and Booklets: Destinations,Box No. 1 of 1; Box Title: Brochures and Booklets: Destinations; Folder No. 8; Folder Title: Central and South America (1 of 4),"This material is in the public domain in the United States. The Pan Am brand remains under trademark. For additional information, please visit: https://digitalcollections.library.miami.edu/digital/custom/copyright-guidelines",http://rightsstatements.org/vocab/NoC-US/1.0/
asm0341001057,asm03410010570001001,Page 1,Fly over the Panama Canal coast to coast in 24 minutes,,,,,,,,,,,,,,,,,,,,
asm0341001057,asm03410010570002001,Page 2,Fly over the Panama Canal coast to coast in 24 minutes,,,,,,,,,,,,,,,,,,,,
asm0341001057,asm03410010570003001,Page 3,Fly over the Panama Canal coast to coast in 24 minutes,,,,,,,,,,,,,,,,,,,,
asm0341001058,,Fly over the Panama Canal coast to coast in 24 minutes,Fly over the Panama Canal coast to coast in 24 minutes,,Pan American Airways Corporation,,,,,Promotional materials; Brochures;,,,,,Panama Canal (Panama),eng,University of Miami. Library. Special Collections,"Pan American World Airways, Inc. records",ASM0341,Printed Materials: Brochures and Booklets: Destinations,Box No. 1 of 1; Box Title: Brochures and Booklets: Destinations; Folder No. 8; Folder Title: Central and South America (1 of 4),"The copyright and related rights status of this material is unknown. The Pan Am brand remains under trademark. For additional information, please visit: https://digitalcollections.library.miami.edu/digital/custom/copyright-guidelines",http://rightsstatements.org/vocab/UND/1.0/
asm0341001058,asm03410010580001001,Page 1,Fly over the Panama Canal coast to coast in 24 minutes,,,,,,,,,,,,,,,,,,,,
asm0341001058,asm03410010580002001,Page 2,Fly over the Panama Canal coast to coast in 24 minutes,,,,,,,,,,,,,,,,,,,,
asm0341001058,asm03410010580003001,Page 3,Fly over the Panama Canal coast to coast in 24 minutes,,,,,,,,,,,,,,,,,,,,
asm0341001059,,Shortest time to sunshine,Shortest time to sunshine,,Pan American Airways Corporation,,,,,Promotional materials; Brochures;,,,1931,1930-1939,Havana (Cuba); Nassau (Bahamas),eng,University of Miami. Library. Special Collections,"Pan American World Airways, Inc. records",ASM0341,Printed Materials: Brochures and Booklets: Destinations,Box No. 1 of 1; Box Title: Brochures and Booklets: Destinations; Folder No. 8; Folder Title: Central and South America (1 of 4),"The copyright and related rights status of this material is unknown. The Pan Am brand remains under trademark. For additional information, please visit: https://digitalcollections.library.miami.edu/digital/custom/copyright-guidelines",http://rightsstatements.org/vocab/UND/1.0/
asm0341001059,asm03410010590001001,Page 1,Shortest time to sunshine,,,,,,,,,,,,,,,,,,,,
asm0341001059,asm03410010590002001,Page 2,Shortest time to sunshine,,,,,,,,,,,,,,,,,,,,
asm0341001060,,"13,000 crossings made between Florida and Cuba : Havana - Nassau","13,000 crossings made between Florida and Cuba : Havana - Nassau",,Pan American Airways Corporation,,,,,Promotional materials; Brochures;,,,,,Havana (Cuba); Nassau (Bahamas),eng,University of Miami. Library. Special Collections,"Pan American World Airways, Inc. records",ASM0341,Printed Materials: Brochures and Booklets: Destinations,Box No. 1 of 1; Box Title: Brochures and Booklets: Destinations; Folder No. 8; Folder Title: Central and South America (1 of 4),"The copyright and related rights status of this material is unknown. The Pan Am brand remains under trademark. For additional information, please visit: https://digitalcollections.library.miami.edu/digital/custom/copyright-guidelines",http://rightsstatements.org/vocab/UND/1.0/
asm0341001060,asm03410010600001001,Page 1,"13,000 crossings made between Florida and Cuba : Havana - Nassau",,,,,,,,,,,,,,,,,,,,
asm0341001060,asm03410010600002001,Page 2,"13,000 crossings made between Florida and Cuba : Havana - Nassau",,,,,,,,,,,,,,,,,,,,
asm0341001061,,Air view of Brazil today,Air view of Brazil today,,"Portes, Enriques; Pan American World Airways, Inc.",,,,,Booklets;,,1947,,1940-1949,Brazil,eng,University of Miami. Library. Special Collections,"Pan American World Airways, Inc. records",ASM0341,Printed Materials: Brochures and Booklets: Destinations,Box No. 1 of 1; Box Title: Brochures and Booklets: Destinations; Folder No. 8; Folder Title: Central and South America (1 of 4),"This material is protected by copyright. Use for education purposes is permitted. Copyright was originally held by Pan American World Airways, Inc., but was transferred to the University of Miami. The Pan Am brand remains under trademark. For additional information, please visit: https://digitalcollections.library.miami.edu/digital/custom/copyright-guidelines",http://rightsstatements.org/vocab/InC-EDU/1.0/
asm0341001061,asm03410010610001001,Page 1,Air view of Brazil today,,,,,,,,,,,,,,,,,,,,
asm0341001061,asm03410010610002001,Page 2,Air view of Brazil today,,,,,,,,,,,,,,,,,,,,
asm0341001061,asm03410010610003001,Page 3,Air view of Brazil today,,,,,,,,,,,,,,,,,,,,
asm0341001061,asm03410010610004001,Page 4,Air view of Brazil today,,,,,,,,,,,,,,,,,,,,
asm0341001061,asm03410010610005001,Page 5,Air view of Brazil today,,,,,,,,,,,,,,,,,,,,
asm0341001061,asm03410010610006001,Page 6,Air view of Brazil today,,,,,,,,,,,,,,,,,,,,
asm0341001061,asm03410010610007001,Page 7,Air view of Brazil today,,,,,,,,,,,,,,,,,,,,
asm0341001061,asm03410010610008001,Page 8,Air view of Brazil today,,,,,,,,,,,,,,,,,,,,
asm0341001061,asm03410010610009001,Page 9,Air view of Brazil today,,,,,,,,,,,,,,,,,,,,
asm0341001061,asm03410010610010001,Page 10,Air view of Brazil today,,,,,,,,,,,,,,,,,,,,
asm0341001061,asm03410010610011001,Page 11,Air view of Brazil today,,,,,,,,,,,,,,,,,,,,
asm0341001061,asm03410010610012001,Page 12,Air view of Brazil today,,,,,,,,,,,,,,,,,,,,
asm0341001061,asm03410010610013001,Page 13,Air view of Brazil today,,,,,,,,,,,,,,,,,,,,
asm0341001061,asm03410010610014001,Page 14,Air view of Brazil today,,,,,,,,,,,,,,,,,,,,
asm0341001061,asm03410010610015001,Page 15,Air view of Brazil today,,,,,,,,,,,,,,,,,,,,
asm0341001061,asm03410010610016001,Page 16,Air view of Brazil today,,,,,,,,,,,,,,,,,,,,
asm0341001062,,"Miami, Habana, Merida : flight map","Miami, Habana, Merida : flight map",,"Pan American World Airways, Inc. Latin American Division",,,,,Promotional materials; Brochures; Maps;,,,,,Miami (Fla.); Havana (Cuba); Merida (Mexico),eng; spa,University of Miami. Library. Special Collections,"Pan American World Airways, Inc. records",ASM0341,Printed Materials: Brochures and Booklets: Destinations,Box No. 1 of 1; Box Title: Brochures and Booklets: Destinations; Folder No. 8; Folder Title: Central and South America (1 of 4),"The copyright and related rights status of this material is unknown. The Pan Am brand remains under trademark. For additional information, please visit: https://digitalcollections.library.miami.edu/digital/custom/copyright-guidelines",http://rightsstatements.org/vocab/UND/1.0/
asm0341001062,asm03410010620001001,Page 1,"Miami, Habana, Merida : flight map",,,,,,,,,,,,,,,,,,,,
asm0341001062,asm03410010620002001,Page 2,"Miami, Habana, Merida : flight map",,,,,,,,,,,,,,,,,,,,
asm0341001062,asm03410010620003001,Page 3,"Miami, Habana, Merida : flight map",,,,,,,,,,,,,,,,,,,,
asm0341001063,,"New York, Rio de Janeiro, Buenos Aires : flight map","New York, Rio de Janeiro, Buenos Aires : flight map",,"Pan American World Airways, Inc. Latin American Division",,,,,Promotional materials; Brochures; Maps;,,,,,New York (N.Y.); Rio de Janeiro (Brazil) Buenos Aires (Argentina),eng; spa; por,University of Miami. Library. Special Collections,"Pan American World Airways, Inc. records",ASM0341,Printed Materials: Brochures and Booklets: Destinations,Box No. 1 of 1; Box Title: Brochures and Booklets: Destinations; Folder No. 8; Folder Title: Central and South America (1 of 4),"The copyright and related rights status of this material is unknown. The Pan Am brand remains under trademark. For additional information, please visit: https://digitalcollections.library.miami.edu/digital/custom/copyright-guidelines",http://rightsstatements.org/vocab/UND/1.0/
asm0341001063,asm03410010630001001,Page 1,"New York, Rio de Janeiro, Buenos Aires : flight map",,,,,,,,,,,,,,,,,,,,
asm0341001063,asm03410010630002001,Page 2,"New York, Rio de Janeiro, Buenos Aires : flight map",,,,,,,,,,,,,,,,,,,,
asm0341001063,asm03410010630003001,Page 3,"New York, Rio de Janeiro, Buenos Aires : flight map",,,,,,,,,,,,,,,,,,,,
asm0341001063,asm03410010630004001,Page 4,"New York, Rio de Janeiro, Buenos Aires : flight map",,,,,,,,,,,,,,,,,,,,
asm0341001063,asm03410010630005001,Page 5,"New York, Rio de Janeiro, Buenos Aires : flight map",,,,,,,,,,,,,,,,,,,,
asm0341001063,asm03410010630006001,Page 6,"New York, Rio de Janeiro, Buenos Aires : flight map",,,,,,,,,,,,,,,,,,,,
asm0341001063,asm03410010630007001,Page 7,"New York, Rio de Janeiro, Buenos Aires : flight map",,,,,,,,,,,,,,,,,,,,
asm0341001063,asm03410010630008001,Page 8,"New York, Rio de Janeiro, Buenos Aires : flight map",,,,,,,,,,,,,,,,,,,,
asm0341001064,,Mexico & Centro América : flight map,Mexico & Centro América : flight map,,"Pan American World Airways, Inc. Latin American Division",,,,,Promotional materials; Brochures; Maps;,,,,,Mexico; Central America,eng; spa,University of Miami. Library. Special Collections,"Pan American World Airways, Inc. records",ASM0341,Printed Materials: Brochures and Booklets: Destinations,Box No. 1 of 1; Box Title: Brochures and Booklets: Destinations; Folder No. 8; Folder Title: Central and South America (1 of 4),"The copyright and related rights status of this material is unknown. The Pan Am brand remains under trademark. For additional information, please visit: https://digitalcollections.library.miami.edu/digital/custom/copyright-guidelines",http://rightsstatements.org/vocab/UND/1.0/
asm0341001064,asm03410010640001001,Page 1,Mexico & Centro América : flight map,,,,,,,,,,,,,,,,,,,,
asm0341001064,asm03410010640002001,Page 2,Mexico & Centro América : flight map,,,,,,,,,,,,,,,,,,,,
asm0341001064,asm03410010640003001,Page 3,Mexico & Centro América : flight map,,,,,,,,,,,,,,,,,,,,
asm0341001064,asm03410010640004001,Page 4,Mexico & Centro América : flight map,,,,,,,,,,,,,,,,,,,,
asm0341001064,asm03410010640005001,Page 5,Mexico & Centro América : flight map,,,,,,,,,,,,,,,,,,,,
asm0341001064,asm03410010640006001,Page 6,Mexico & Centro América : flight map,,,,,,,,,,,,,,,,,,,,
asm0341001064,asm03410010640007001,Page 7,Mexico & Centro América : flight map,,,,,,,,,,,,,,,,,,,,
asm0341001064,asm03410010640008001,Page 8,Mexico & Centro América : flight map,,,,,,,,,,,,,,,,,,,,
asm0341001065,,"Miami, Nassau : flight map","Miami, Nassau : flight map",,"Pan American World Airways, Inc. Latin American Division",,,,,Promotional materials; Brochures; Maps;,,,,,Miami (Fla.); Nassau (Bahamas),eng,University of Miami. Library. Special Collections,"Pan American World Airways, Inc. records",ASM0341,Printed Materials: Brochures and Booklets: Destinations,Box No. 1 of 1; Box Title: Brochures and Booklets: Destinations; Folder No. 8; Folder Title: Central and South America (1 of 4),"The copyright and related rights status of this material is unknown. The Pan Am brand remains under trademark. For additional information, please visit: https://digitalcollections.library.miami.edu/digital/custom/copyright-guidelines",http://rightsstatements.org/vocab/UND/1.0/
asm0341001065,asm03410010650001001,Page 1,"Miami, Nassau : flight map",,,,,,,,,,,,,,,,,,,,
asm0341001065,asm03410010650002001,Page 2,"Miami, Nassau : flight map",,,,,,,,,,,,,,,,,,,,
asm0341001065,asm03410010650003001,Page 3,"Miami, Nassau : flight map",,,,,,,,,,,,,,,,,,,,
asm0341001066,,Fly the Clipper to Central America,Fly the Clipper to Central America,,"Pan American World Airways, Inc.",,,,,Promotional materials; Brochures;,,,,,Central America,eng,University of Miami. Library. Special Collections,"Pan American World Airways, Inc. records",ASM0341,Printed Materials: Brochures and Booklets: Destinations,Box No. 1 of 1; Box Title: Brochures and Booklets: Destinations; Folder No. 8; Folder Title: Central and South America (1 of 4),"The copyright and related rights status of this material is unknown. The Pan Am brand remains under trademark. For additional information, please visit: https://digitalcollections.library.miami.edu/digital/custom/copyright-guidelines",http://rightsstatements.org/vocab/UND/1.0/
asm0341001066,asm03410010660001001,Page 1,Fly the Clipper to Central America,,,,,,,,,,,,,,,,,,,,
asm0341001066,asm03410010660002001,Page 2,Fly the Clipper to Central America,,,,,,,,,,,,,,,,,,,,
asm0341001067,,Air express to Latin America can speed up your foreign trade 300%!,Air express to Latin America can speed up your foreign trade 300%!,,Pan American Airways Corporation,,,,,Promotional materials; Brochures; Price lists;,,,,,Latin America,eng,University of Miami. Library. Special Collections,"Pan American World Airways, Inc. records",ASM0341,Printed Materials: Brochures and Booklets: Destinations,Box No. 1 of 1; Box Title: Brochures and Booklets: Destinations; Folder No. 8; Folder Title: Central and South America (1 of 4),"The copyright and related rights status of this material is unknown. The Pan Am brand remains under trademark. For additional information, please visit: https://digitalcollections.library.miami.edu/digital/custom/copyright-guidelines",http://rightsstatements.org/vocab/UND/1.0/
asm0341001067,asm03410010670001001,Page 1,Air express to Latin America can speed up your foreign trade 300%!,,,,,,,,,,,,,,,,,,,,
asm0341001067,asm03410010670002001,Page 2,Air express to Latin America can speed up your foreign trade 300%!,,,,,,,,,,,,,,,,,,,,
asm0341001068,,Latin America : special Pan American vacation fares 20% off,Latin America : special Pan American vacation fares 20% off,,"Pan American World Airways, Inc.",,,,,Promotional materials; Brochures;,,1941,,1940-1949,Latin America,eng,University of Miami. Library. Special Collections,"Pan American World Airways, Inc. records",ASM0341,Printed Materials: Brochures and Booklets: Destinations,Box No. 1 of 1; Box Title: Brochures and Booklets: Destinations; Folder No. 8; Folder Title: Central and South America (1 of 4),"This material is protected by copyright. Use for education purposes is permitted. Copyright was originally held by Pan American World Airways, Inc., but was transferred to the University of Miami. The Pan Am brand remains under trademark. For additional information, please visit: https://digitalcollections.library.miami.edu/digital/custom/copyright-guidelines",http://rightsstatements.org/vocab/InC-EDU/1.0/
asm0341001068,asm03410010680001001,Page 1,Latin America : special Pan American vacation fares 20% off,,,,,,,,,,,,,,,,,,,,
asm0341001068,asm03410010680002001,Page 2,Latin America : special Pan American vacation fares 20% off,,,,,,,,,,,,,,,,,,,,
asm0341001068,asm03410010680003001,Page 3,Latin America : special Pan American vacation fares 20% off,,,,,,,,,,,,,,,,,,,,
asm0341001069,,"Tri corner tours for the lazy : Peru, 'round South America","Tri corner tours for the lazy : Peru, 'round South America",,"Pan American World Airways, Inc.",,,,,Promotional materials; Brochures;,,1952,,1950-1959,Peru; South America,eng,University of Miami. Library. Special Collections,"Pan American World Airways, Inc. records",ASM0341,Printed Materials: Brochures and Booklets: Destinations,Box No. 1 of 1; Box Title: Brochures and Booklets: Destinations; Folder No. 8; Folder Title: Central and South America (1 of 4),"This material is in the public domain in the United States. The Pan Am brand remains under trademark. For additional information, please visit: https://digitalcollections.library.miami.edu/digital/custom/copyright-guidelines",http://rightsstatements.org/vocab/NoC-US/1.0/
asm0341001069,asm03410010690001001,Page 1,"Tri corner tours for the lazy : Peru, 'round South America",,,,,,,,,,,,,,,,,,,,
asm0341001069,asm03410010690002001,Page 2,"Tri corner tours for the lazy : Peru, 'round South America",,,,,,,,,,,,,,,,,,,,
asm0341001070,,Fly the Clipper to Central America,Fly the Clipper to Central America,,"Pan American World Airways, Inc.",,,,,Promotional materials; Brochures;,,1953,,1950-1959,Central America,eng,University of Miami. Library. Special Collections,"Pan American World Airways, Inc. records",ASM0341,Printed Materials: Brochures and Booklets: Destinations,Box No. 1 of 1; Box Title: Brochures and Booklets: Destinations; Folder No. 8; Folder Title: Central and South America (1 of 4),"This material is protected by copyright. Use for education purposes is permitted. Copyright was originally held by Pan American World Airways, Inc., but was transferred to the University of Miami. The Pan Am brand remains under trademark. For additional information, please visit: https://digitalcollections.library.miami.edu/digital/custom/copyright-guidelines",http://rightsstatements.org/vocab/InC-EDU/1.0/
asm0341001070,asm03410010700001001,Page 1,Fly the Clipper to Central America,,,,,,,,,,,,,,,,,,,,
asm0341001070,asm03410010700002001,Page 2,Fly the Clipper to Central America,,,,,,,,,,,,,,,,,,,,
asm0341001070,asm03410010700003001,Page 3,Fly the Clipper to Central America,,,,,,,,,,,,,,,,,,,,
asm0341001071,,Gay new world : Brazil via flying Clipper,Gay new world : Brazil via flying Clipper,,"Pan American World Airways, Inc.",,,,,Promotional materials; Brochures;,,1946,,1940-1949,Brazil,eng,University of Miami. Library. Special Collections,"Pan American World Airways, Inc. records",ASM0341,Printed Materials: Brochures and Booklets: Destinations,Box No. 1 of 1; Box Title: Brochures and Booklets: Destinations; Folder No. 8; Folder Title: Central and South America (1 of 4),"This material is protected by copyright. Use for education purposes is permitted. Copyright was originally held by Pan American World Airways, Inc., but was transferred to the University of Miami. The Pan Am brand remains under trademark. For additional information, please visit: https://digitalcollections.library.miami.edu/digital/custom/copyright-guidelines",http://rightsstatements.org/vocab/InC-EDU/1.0/
asm0341001071,asm03410010710001001,Page 1,Gay new world : Brazil via flying Clipper,,,,,,,,,,,,,,,,,,,,
asm0341001071,asm03410010710002001,Page 2,Gay new world : Brazil via flying Clipper,,,,,,,,,,,,,,,,,,,,
asm0341001071,asm03410010710003001,Page 3,Gay new world : Brazil via flying Clipper,,,,,,,,,,,,,,,,,,,,
asm0341001072,,Pan American Airways System : Argentina,Pan American Airways System : Argentina,,"Pan American World Airways, Inc.",,,,,Promotional materials; Brochures;,,1945,,1940-1949,Argentina,eng,University of Miami. Library. Special Collections,"Pan American World Airways, Inc. records",ASM0341,Printed Materials: Brochures and Booklets: Destinations,Box No. 1 of 1; Box Title: Brochures and Booklets: Destinations; Folder No. 8; Folder Title: Central and South America (1 of 4),"This material is protected by copyright. Use for education purposes is permitted. Copyright was originally held by Pan American World Airways, Inc., but was transferred to the University of Miami. The Pan Am brand remains under trademark. For additional information, please visit: https://digitalcollections.library.miami.edu/digital/custom/copyright-guidelines",http://rightsstatements.org/vocab/InC-EDU/1.0/
asm0341001072,asm03410010720001001,Page 1,Pan American Airways System : Argentina,,,,,,,,,,,,,,,,,,,,
asm0341001072,asm03410010720002001,Page 2,Pan American Airways System : Argentina,,,,,,,,,,,,,,,,,,,,
asm0341001073,,Never-to-be-forgotten flight across a continent via Panagra,Never-to-be-forgotten flight across a continent via Panagra,,Pan American-Grace Airways,,,,,Promotional materials; Brochures;,,,,,Chile; Argentina;,eng,University of Miami. Library. Special Collections,"Pan American World Airways, Inc. records",ASM0341,Printed Materials: Brochures and Booklets: Destinations,Box No. 1 of 1; Box Title: Brochures and Booklets: Destinations; Folder No. 8; Folder Title: Central and South America (1 of 4),"The copyright and related rights status of this material is unknown. The Pan Am brand remains under trademark. For additional information, please visit: https://digitalcollections.library.miami.edu/digital/custom/copyright-guidelines",http://rightsstatements.org/vocab/UND/1.0/
asm0341001073,asm03410010730001001,Page 1,Never-to-be-forgotten flight across a continent via Panagra,,,,,,,,,,,,,,,,,,,,
asm0341001073,asm03410010730002001,Page 2,Never-to-be-forgotten flight across a continent via Panagra,,,,,,,,,,,,,,,,,,,,
asm0341001073,asm03410010730003001,Page 3,Never-to-be-forgotten flight across a continent via Panagra,,,,,,,,,,,,,,,,,,,,
asm0341001074,,Pan American Airways System : Brazil,Pan American Airways System : Brazil,,"Pan American World Airways, Inc.",,,,,Promotional materials; Brochures;,,1945,,1940-1949,Brazil,eng,University of Miami. Library. Special Collections,"Pan American World Airways, Inc. records",ASM0341,Printed Materials: Brochures and Booklets: Destinations,Box No. 1 of 1; Box Title: Brochures and Booklets: Destinations; Folder No. 8; Folder Title: Central and South America (1 of 4),"This material is protected by copyright. Use for education purposes is permitted. Copyright was originally held by Pan American World Airways, Inc., but was transferred to the University of Miami. The Pan Am brand remains under trademark. For additional information, please visit: https://digitalcollections.library.miami.edu/digital/custom/copyright-guidelines",http://rightsstatements.org/vocab/InC-EDU/1.0/
asm0341001074,asm03410010740001001,Page 1,Pan American Airways System : Brazil,,,,,,,,,,,,,,,,,,,,
asm0341001074,asm03410010740002001,Page 2,Pan American Airways System : Brazil,,,,,,,,,,,,,,,,,,,,
asm0341001075,,Shortest time to sunshine,Shortest time to sunshine,,"Pan American World Airways, Inc.",,,,,Promotional materials; Brochures;,,,,,Latin America; Caribbean Area,eng,University of Miami. Library. Special Collections,"Pan American World Airways, Inc. records",ASM0341,Printed Materials: Brochures and Booklets: Destinations,Box No. 1 of 1; Box Title: Brochures and Booklets: Destinations; Folder No. 8; Folder Title: Central and South America (1 of 4),"The copyright and related rights status of this material is unknown. The Pan Am brand remains under trademark. For additional information, please visit: https://digitalcollections.library.miami.edu/digital/custom/copyright-guidelines",http://rightsstatements.org/vocab/UND/1.0/
asm0341001075,asm03410010750001001,Page 1,Shortest time to sunshine,,,,,,,,,,,,,,,,,,,,
asm0341001075,asm03410010750002001,Page 2,Shortest time to sunshine,,,,,,,,,,,,,,,,,,,,
asm0341001075,asm03410010750003001,Page 3,Shortest time to sunshine,,,,,,,,,,,,,,,,,,,,
asm0341001075,asm03410010750004001,Page 4,Shortest time to sunshine,,,,,,,,,,,,,,,,,,,,
asm0341001075,asm03410010750005001,Page 5,Shortest time to sunshine,,,,,,,,,,,,,,,,,,,,
asm0341001075,asm03410010750006001,Page 6,Shortest time to sunshine,,,,,,,,,,,,,,,,,,,,
asm0341001075,asm03410010750007001,Page 7,Shortest time to sunshine,,,,,,,,,,,,,,,,,,,,
asm0341001075,asm03410010750008001,Page 8,Shortest time to sunshine,,,,,,,,,,,,,,,,,,,,
asm0341001076,,"Latin America, West Indies, & Bermuda via Pan American World Airways System","Latin America, West Indies, & Bermuda via Pan American World Airways System",,"Pan American World Airways, Inc.",,,,,Promotional materials; Brochures;,,1946,,1940-1949,Latin America; West Indies; Bermuda Islands,eng,University of Miami. Library. Special Collections,"Pan American World Airways, Inc. records",ASM0341,Printed Materials: Brochures and Booklets: Destinations,Box No. 1 of 1; Box Title: Brochures and Booklets: Destinations; Folder No. 8; Folder Title: Central and South America (1 of 4),"This material is protected by copyright. Use for education purposes is permitted. Copyright was originally held by Pan American World Airways, Inc., but was transferred to the University of Miami. The Pan Am brand remains under trademark. For additional information, please visit: https://digitalcollections.library.miami.edu/digital/custom/copyright-guidelines",http://rightsstatements.org/vocab/InC-EDU/1.0/
asm0341001076,asm03410010760001001,Page 1,"Latin America, West Indies, & Bermuda via Pan American World Airways System",,,,,,,,,,,,,,,,,,,,
asm0341001076,asm03410010760002001,Page 2,"Latin America, West Indies, & Bermuda via Pan American World Airways System",,,,,,,,,,,,,,,,,,,,
asm0341001077,,Planned trips to Guatemala,Planned trips to Guatemala,,"Pan American World Airways, Inc.",,,,,Promotional materials; Brochures;,,,,,Guatemala,eng,University of Miami. Library. Special Collections,"Pan American World Airways, Inc. records",ASM0341,Printed Materials: Brochures and Booklets: Destinations,Box No. 1 of 1; Box Title: Brochures and Booklets: Destinations; Folder No. 8; Folder Title: Central and South America (1 of 4),"The copyright and related rights status of this material is unknown. The Pan Am brand remains under trademark. For additional information, please visit: https://digitalcollections.library.miami.edu/digital/custom/copyright-guidelines",http://rightsstatements.org/vocab/UND/1.0/
asm0341001077,asm03410010770001001,Page 1,Planned trips to Guatemala,,,,,,,,,,,,,,,,,,,,
asm0341001077,asm03410010770002001,Page 2,Planned trips to Guatemala,,,,,,,,,,,,,,,,,,,,
asm0341001077,asm03410010770003001,Page 3,Planned trips to Guatemala,,,,,,,,,,,,,,,,,,,,
asm0341001078,asm03410010780001001,Flight map : Mexico & Central America,Planned trips to Guatemala,,"Pan American World Airways, Inc.",,,,,Maps;,,,,,Mexico; Central America,eng,University of Miami. Library. Special Collections,"Pan American World Airways, Inc. records",ASM0341,Printed Materials: Brochures and Booklets: Destinations,Box No. 1 of 1; Box Title: Brochures and Booklets: Destinations; Folder No. 9; Folder Title: Central and South America (2 of 4),"The copyright and related rights status of this material is unknown. The Pan Am brand remains under trademark. For additional information, please visit: https://digitalcollections.library.miami.edu/digital/custom/copyright-guidelines",http://rightsstatements.org/vocab/UND/1.0/
asm0341001079,asm03410010790001001,"Flight map : South America, east coast",Planned trips to Guatemala,,"Pan American World Airways, Inc.",,,,,Maps;,,,,,South America,eng,University of Miami. Library. Special Collections,"Pan American World Airways, Inc. records",ASM0341,Printed Materials: Brochures and Booklets: Destinations,Box No. 1 of 1; Box Title: Brochures and Booklets: Destinations; Folder No. 9; Folder Title: Central and South America (2 of 4),"The copyright and related rights status of this material is unknown. The Pan Am brand remains under trademark. For additional information, please visit: https://digitalcollections.library.miami.edu/digital/custom/copyright-guidelines",http://rightsstatements.org/vocab/UND/1.0/
asm0341001080,,Pan Am Costa Rica brochure proof,Pan Am Costa Rica brochure proof,,"Pan American World Airways, Inc.",,,,,Promotional materials; Brochures; Proofs (prints by function),,1979,,1970-1979,Costa Rica,eng,University of Miami. Library. Special Collections,"Pan American World Airways, Inc. records",ASM0341,Printed Materials: Brochures and Booklets: Destinations,Box No. 1 of 1; Box Title: Brochures and Booklets: Destinations; Folder No. 9; Folder Title: Central and South America (2 of 4),"The copyright and related rights status of this material is unknown. The Pan Am brand remains under trademark. For additional information, please visit: https://digitalcollections.library.miami.edu/digital/custom/copyright-guidelines",http://rightsstatements.org/vocab/UND/1.0/
asm0341001080,asm03410010800001001,Page 1,Pan Am Costa Rica brochure proof,,,,,,,,,,,,,,,,,,,,
asm0341001080,asm03410010800002001,Page 2,Pan Am Costa Rica brochure proof,,,,,,,,,,,,,,,,,,,,
asm0341001081,,Mexico by Clipper,Mexico by Clipper,,"Pan American World Airways, Inc.",,,,,Promotional materials; Brochures;,,1956,,1950-1959,Mexico,eng,University of Miami. Library. Special Collections,"Pan American World Airways, Inc. records",ASM0341,Printed Materials: Brochures and Booklets: Destinations,Box No. 1 of 1; Box Title: Brochures and Booklets: Destinations; Folder No. 9; Folder Title: Central and South America (2 of 4),"This material is protected by copyright. Use for education purposes is permitted. Copyright was originally held by Pan American World Airways, Inc., but was transferred to the University of Miami. The Pan Am brand remains under trademark. For additional information, please visit: https://digitalcollections.library.miami.edu/digital/custom/copyright-guidelines",http://rightsstatements.org/vocab/InC-EDU/1.0/
asm0341001081,asm03410010810001001,Page 1,Mexico by Clipper,,,,,,,,,,,,,,,,,,,,
asm0341001081,asm03410010810002001,Page 2,Mexico by Clipper,,,,,,,,,,,,,,,,,,,,
asm0341001082,,Mexico by DC 7C with radar,Mexico by DC 7C with radar,,"Pan American World Airways, Inc.",,,,,Promotional materials; Brochures;,,,,,Mexico; Mexico City (Mexico),eng,University of Miami. Library. Special Collections,"Pan American World Airways, Inc. records",ASM0341,Printed Materials: Brochures and Booklets: Destinations,Box No. 1 of 1; Box Title: Brochures and Booklets: Destinations; Folder No. 9; Folder Title: Central and South America (2 of 4),"The copyright and related rights status of this material is unknown. The Pan Am brand remains under trademark. For additional information, please visit: https://digitalcollections.library.miami.edu/digital/custom/copyright-guidelines",http://rightsstatements.org/vocab/UND/1.0/
asm0341001082,asm03410010820001001,Page 1,Mexico by DC 7C with radar,,,,,,,,,,,,,,,,,,,,
asm0341001082,asm03410010820002001,Page 2,Mexico by DC 7C with radar,,,,,,,,,,,,,,,,,,,,
asm0341001083,,Mexico by Clipper,Mexico by Clipper,,"Pan American World Airways, Inc.",,,,,Promotional materials; Brochures;,,,,,Mexico,eng,University of Miami. Library. Special Collections,"Pan American World Airways, Inc. records",ASM0341,Printed Materials: Brochures and Booklets: Destinations,Box No. 1 of 1; Box Title: Brochures and Booklets: Destinations; Folder No. 9; Folder Title: Central and South America (2 of 4),"The copyright and related rights status of this material is unknown. The Pan Am brand remains under trademark. For additional information, please visit: https://digitalcollections.library.miami.edu/digital/custom/copyright-guidelines",http://rightsstatements.org/vocab/UND/1.0/
asm0341001083,asm03410010830001001,Page 1,Mexico by Clipper,,,,,,,,,,,,,,,,,,,,
asm0341001083,asm03410010830002001,Page 2,Mexico by Clipper,,,,,,,,,,,,,,,,,,,,
asm0341001084,,Fly Mexico : land of sun... land of fun!,Fly Mexico : land of sun... land of fun!,,"Pan American World Airways, Inc.",,,,,Promotional materials; Brochures;,,,,,Mexico,eng,University of Miami. Library. Special Collections,"Pan American World Airways, Inc. records",ASM0341,Printed Materials: Brochures and Booklets: Destinations,Box No. 1 of 1; Box Title: Brochures and Booklets: Destinations; Folder No. 9; Folder Title: Central and South America (2 of 4),"The copyright and related rights status of this material is unknown. The Pan Am brand remains under trademark. For additional information, please visit: https://digitalcollections.library.miami.edu/digital/custom/copyright-guidelines",http://rightsstatements.org/vocab/UND/1.0/
asm0341001084,asm03410010840001001,Page 1,Fly Mexico : land of sun... land of fun!,,,,,,,,,,,,,,,,,,,,
asm0341001084,asm03410010840002001,Page 2,Fly Mexico : land of sun... land of fun!,,,,,,,,,,,,,,,,,,,,
asm0341001085,,Pan American Airways System to Mexico,Pan American Airways System to Mexico,,"Pan American World Airways, Inc.",,,,,Promotional materials; Brochures;,,10/15/1942,,1940-1949,Mexico,eng,University of Miami. Library. Special Collections,"Pan American World Airways, Inc. records",ASM0341,Printed Materials: Brochures and Booklets: Destinations,Box No. 1 of 1; Box Title: Brochures and Booklets: Destinations; Folder No. 9; Folder Title: Central and South America (2 of 4),"This material is in the public domain in the United States. The Pan Am brand remains under trademark. For additional information, please visit: https://digitalcollections.library.miami.edu/digital/custom/copyright-guidelines",http://rightsstatements.org/vocab/NoC-US/1.0/
asm0341001085,asm03410010850001001,Page 1,Pan American Airways System to Mexico,,,,,,,,,,,,,,,,,,,,
asm0341001085,asm03410010850002001,Page 2,Pan American Airways System to Mexico,,,,,,,,,,,,,,,,,,,,
asm0341001086,,Your fiesta in Mexico,Your fiesta in Mexico,,"Mexicana (Airline company); Pan American World Airways, Inc.",,,,,Promotional materials; Brochures;,,,,,Mexico,eng,University of Miami. Library. Special Collections,"Pan American World Airways, Inc. records",ASM0341,Printed Materials: Brochures and Booklets: Destinations,Box No. 1 of 1; Box Title: Brochures and Booklets: Destinations; Folder No. 9; Folder Title: Central and South America (2 of 4),"The copyright and related rights status of this material is unknown. The Pan Am brand remains under trademark. For additional information, please visit: https://digitalcollections.library.miami.edu/digital/custom/copyright-guidelines",http://rightsstatements.org/vocab/UND/1.0/
asm0341001086,asm03410010860001001,Page 1,Your fiesta in Mexico,,,,,,,,,,,,,,,,,,,,
asm0341001086,asm03410010860002001,Page 2,Your fiesta in Mexico,,,,,,,,,,,,,,,,,,,,
asm0341001086,asm03410010860003001,Page 3,Your fiesta in Mexico,,,,,,,,,,,,,,,,,,,,
asm0341001087,,Fly to Central America and Panama via Mexico,Fly to Central America and Panama via Mexico,,Mexicana (Airline company); Líneas Aéreas Costarricenses S.A.,,,,,Promotional materials; Brochures;,,,,,Central America; Panama; Mexico,eng,University of Miami. Library. Special Collections,"Pan American World Airways, Inc. records",ASM0341,Printed Materials: Brochures and Booklets: Destinations,Box No. 1 of 1; Box Title: Brochures and Booklets: Destinations; Folder No. 9; Folder Title: Central and South America (2 of 4),"The copyright and related rights status of this material is unknown. The Pan Am brand remains under trademark. For additional information, please visit: https://digitalcollections.library.miami.edu/digital/custom/copyright-guidelines",http://rightsstatements.org/vocab/UND/1.0/
asm0341001087,asm03410010870001001,Page 1,Fly to Central America and Panama via Mexico,,,,,,,,,,,,,,,,,,,,
asm0341001087,asm03410010870002001,Page 2,Fly to Central America and Panama via Mexico,,,,,,,,,,,,,,,,,,,,
asm0341001088,,Fly to Mexico and all Central America,Fly to Mexico and all Central America,,"Pan American World Airways, Inc.",,,,,Promotional materials; Brochures;,,1958,,1950-1959,Mexico; Central America,eng,University of Miami. Library. Special Collections,"Pan American World Airways, Inc. records",ASM0341,Printed Materials: Brochures and Booklets: Destinations,Box No. 1 of 1; Box Title: Brochures and Booklets: Destinations; Folder No. 9; Folder Title: Central and South America (2 of 4),"This material is protected by copyright. Use for education purposes is permitted. Copyright was originally held by Pan American World Airways, Inc., but was transferred to the University of Miami. The Pan Am brand remains under trademark. For additional information, please visit: https://digitalcollections.library.miami.edu/digital/custom/copyright-guidelines",http://rightsstatements.org/vocab/InC-EDU/1.0/
asm0341001088,asm03410010880001001,Page 1,Fly to Mexico and all Central America,,,,,,,,,,,,,,,,,,,,
asm0341001088,asm03410010880002001,Page 2,Fly to Mexico and all Central America,,,,,,,,,,,,,,,,,,,,
asm0341001088,asm03410010880003001,Page 3,Fly to Mexico and all Central America,,,,,,,,,,,,,,,,,,,,
asm0341001089,,"Let's fly to Latin America! An imaginary trip by flying Clipper : a complete classroom project, adaptable for all grades","Let's fly to Latin America! An imaginary trip by flying Clipper : a complete classroom project, adaptable for all grades",,"Pan American World Airways, Inc.",,,Reprinted from The Grade Teacher Magazine.,,Booklets; Instructional materials,,1948,,1940-1949,Latin America;,eng,University of Miami. Library. Special Collections,"Pan American World Airways, Inc. records",ASM0341,Printed Materials: Brochures and Booklets: Destinations,Box No. 1 of 1; Box Title: Brochures and Booklets: Destinations; Folder No. 9; Folder Title: Central and South America (2 of 4),"The copyright and related rights status of this material is unknown. The Pan Am brand remains under trademark. For additional information, please visit: https://digitalcollections.library.miami.edu/digital/custom/copyright-guidelines",http://rightsstatements.org/vocab/UND/1.0/
asm0341001089,asm03410010890001001,Page 1,"Let's fly to Latin America! An imaginary trip by flying Clipper : a complete classroom project, adaptable for all grades",,,,,,,,,,,,,,,,,,,,
asm0341001089,asm03410010890002001,Page 2,"Let's fly to Latin America! An imaginary trip by flying Clipper : a complete classroom project, adaptable for all grades",,,,,,,,,,,,,,,,,,,,
asm0341001089,asm03410010890003001,Page 3,"Let's fly to Latin America! An imaginary trip by flying Clipper : a complete classroom project, adaptable for all grades",,,,,,,,,,,,,,,,,,,,
asm0341001089,asm03410010890004001,Page 4,"Let's fly to Latin America! An imaginary trip by flying Clipper : a complete classroom project, adaptable for all grades",,,,,,,,,,,,,,,,,,,,
asm0341001089,asm03410010890005001,Page 5,"Let's fly to Latin America! An imaginary trip by flying Clipper : a complete classroom project, adaptable for all grades",,,,,,,,,,,,,,,,,,,,
asm0341001089,asm03410010890006001,Page 6,"Let's fly to Latin America! An imaginary trip by flying Clipper : a complete classroom project, adaptable for all grades",,,,,,,,,,,,,,,,,,,,
asm0341001089,asm03410010890007001,Page 7,"Let's fly to Latin America! An imaginary trip by flying Clipper : a complete classroom project, adaptable for all grades",,,,,,,,,,,,,,,,,,,,
asm0341001089,asm03410010890008001,Page 8,"Let's fly to Latin America! An imaginary trip by flying Clipper : a complete classroom project, adaptable for all grades",,,,,,,,,,,,,,,,,,,,
asm0341001090,,Say hello to Mexico : say hello to Pan Am,Say hello to Mexico : say hello to Pan Am,,"Pan American World Airways, Inc.",,,,,Promotional materials; Brochures; Maps;,,,,,Mexico,eng,University of Miami. Library. Special Collections,"Pan American World Airways, Inc. records",ASM0341,Printed Materials: Brochures and Booklets: Destinations,Box No. 1 of 1; Box Title: Brochures and Booklets: Destinations; Folder No. 9; Folder Title: Central and South America (2 of 4),"The copyright and related rights status of this material is unknown. The Pan Am brand remains under trademark. For additional information, please visit: https://digitalcollections.library.miami.edu/digital/custom/copyright-guidelines",http://rightsstatements.org/vocab/UND/1.0/
asm0341001090,asm03410010900001001,Page 1,Say hello to Mexico : say hello to Pan Am,,,,,,,,,,,,,,,,,,,,
asm0341001090,asm03410010900002001,Page 2,Say hello to Mexico : say hello to Pan Am,,,,,,,,,,,,,,,,,,,,
asm0341001090,asm03410010900003001,Page 3,Say hello to Mexico : say hello to Pan Am,,,,,,,,,,,,,,,,,,,,
asm0341001091,,Fly to Latin America,Fly to Latin America,,"Pan American World Airways, Inc.",,,,,Promotional materials; Brochures;,,,,,Brazil,eng,University of Miami. Library. Special Collections,"Pan American World Airways, Inc. records",ASM0341,Printed Materials: Brochures and Booklets: Destinations,Box No. 1 of 1; Box Title: Brochures and Booklets: Destinations; Folder No. 9; Folder Title: Central and South America (2 of 4),"The copyright and related rights status of this material is unknown. The Pan Am brand remains under trademark. For additional information, please visit: https://digitalcollections.library.miami.edu/digital/custom/copyright-guidelines",http://rightsstatements.org/vocab/UND/1.0/
asm0341001091,asm03410010910001001,Page 1,Fly to Latin America,,,,,,,,,,,,,,,,,,,,
asm0341001091,asm03410010910002001,Page 2,Fly to Latin America,,,,,,,,,,,,,,,,,,,,
asm0341001091,asm03410010910003001,Page 3,Fly to Latin America,,,,,,,,,,,,,,,,,,,,
asm0341001092,,How to get the most out of your trip to Chile via Panagra,How to get the most out of your trip to Chile via Panagra,,Pan American-Grace Airways,,,,,Travel guidebooks;,,1961,,1960-1969,Chile,eng,University of Miami. Library. Special Collections,"Pan American World Airways, Inc. records",ASM0341,Printed Materials: Brochures and Booklets: Destinations,Box No. 1 of 1; Box Title: Brochures and Booklets: Destinations; Folder No. 10; Folder Title: Central and South America (3 of 4),"This material is protected by copyright. Use for education purposes is permitted. Copyright was originally held by Pan American World Airways, Inc., but was transferred to the University of Miami. The Pan Am brand remains under trademark. For additional information, please visit: https://digitalcollections.library.miami.edu/digital/custom/copyright-guidelines",http://rightsstatements.org/vocab/InC-EDU/1.0/
asm0341001092,asm03410010920001001,Page 1,How to get the most out of your trip to Chile via Panagra,,,,,,,,,,,,,,,,,,,,
asm0341001092,asm03410010920002001,Page 2,How to get the most out of your trip to Chile via Panagra,,,,,,,,,,,,,,,,,,,,
asm0341001092,asm03410010920003001,Page 3,How to get the most out of your trip to Chile via Panagra,,,,,,,,,,,,,,,,,,,,
asm0341001092,asm03410010920004001,Page 4,How to get the most out of your trip to Chile via Panagra,,,,,,,,,,,,,,,,,,,,
asm0341001092,asm03410010920005001,Page 5,How to get the most out of your trip to Chile via Panagra,,,,,,,,,,,,,,,,,,,,
asm0341001092,asm03410010920006001,Page 6,How to get the most out of your trip to Chile via Panagra,,,,,,,,,,,,,,,,,,,,
asm0341001092,asm03410010920007001,Page 7,How to get the most out of your trip to Chile via Panagra,,,,,,,,,,,,,,,,,,,,
asm0341001092,asm03410010920008001,Page 8,How to get the most out of your trip to Chile via Panagra,,,,,,,,,,,,,,,,,,,,
asm0341001092,asm03410010920009001,Page 9,How to get the most out of your trip to Chile via Panagra,,,,,,,,,,,,,,,,,,,,
asm0341001092,asm03410010920010001,Page 10,How to get the most out of your trip to Chile via Panagra,,,,,,,,,,,,,,,,,,,,
asm0341001092,asm03410010920011001,Page 11,How to get the most out of your trip to Chile via Panagra,,,,,,,,,,,,,,,,,,,,
asm0341001092,asm03410010920012001,Page 12,How to get the most out of your trip to Chile via Panagra,,,,,,,,,,,,,,,,,,,,
asm0341001092,asm03410010920013001,Page 13,How to get the most out of your trip to Chile via Panagra,,,,,,,,,,,,,,,,,,,,
asm0341001092,asm03410010920014001,Page 14,How to get the most out of your trip to Chile via Panagra,,,,,,,,,,,,,,,,,,,,
asm0341001092,asm03410010920015001,Page 15,How to get the most out of your trip to Chile via Panagra,,,,,,,,,,,,,,,,,,,,
asm0341001092,asm03410010920016001,Page 16,How to get the most out of your trip to Chile via Panagra,,,,,,,,,,,,,,,,,,,,
asm0341001093,,How to get the most out of your trip to Panama via Panagra,How to get the most out of your trip to Panama via Panagra,,Pan American-Grace Airways,,,,,Travel guidebooks;,,1962,,1960-1969,Chile,eng,University of Miami. Library. Special Collections,"Pan American World Airways, Inc. records",ASM0341,Printed Materials: Brochures and Booklets: Destinations,Box No. 1 of 1; Box Title: Brochures and Booklets: Destinations; Folder No. 10; Folder Title: Central and South America (3 of 4),"This material is protected by copyright. Use for education purposes is permitted. Copyright was originally held by Pan American World Airways, Inc., but was transferred to the University of Miami. The Pan Am brand remains under trademark. For additional information, please visit: https://digitalcollections.library.miami.edu/digital/custom/copyright-guidelines",http://rightsstatements.org/vocab/InC-EDU/1.0/
asm0341001093,asm03410010930001001,Page 1,How to get the most out of your trip to Panama via Panagra,,,,,,,,,,,,,,,,,,,,
asm0341001093,asm03410010930002001,Page 2,How to get the most out of your trip to Panama via Panagra,,,,,,,,,,,,,,,,,,,,
asm0341001093,asm03410010930003001,Page 3,How to get the most out of your trip to Panama via Panagra,,,,,,,,,,,,,,,,,,,,
asm0341001093,asm03410010930004001,Page 4,How to get the most out of your trip to Panama via Panagra,,,,,,,,,,,,,,,,,,,,
asm0341001093,asm03410010930005001,Page 5,How to get the most out of your trip to Panama via Panagra,,,,,,,,,,,,,,,,,,,,
asm0341001093,asm03410010930006001,Page 6,How to get the most out of your trip to Panama via Panagra,,,,,,,,,,,,,,,,,,,,
asm0341001093,asm03410010930007001,Page 7,How to get the most out of your trip to Panama via Panagra,,,,,,,,,,,,,,,,,,,,
asm0341001093,asm03410010930008001,Page 8,How to get the most out of your trip to Panama via Panagra,,,,,,,,,,,,,,,,,,,,
asm0341001093,asm03410010930009001,Page 9,How to get the most out of your trip to Panama via Panagra,,,,,,,,,,,,,,,,,,,,
asm0341001093,asm03410010930010001,Page 10,How to get the most out of your trip to Panama via Panagra,,,,,,,,,,,,,,,,,,,,
asm0341001093,asm03410010930011001,Page 11,How to get the most out of your trip to Panama via Panagra,,,,,,,,,,,,,,,,,,,,
asm0341001093,asm03410010930012001,Page 12,How to get the most out of your trip to Panama via Panagra,,,,,,,,,,,,,,,,,,,,
asm0341001093,asm03410010930013001,Page 13,How to get the most out of your trip to Panama via Panagra,,,,,,,,,,,,,,,,,,,,
asm0341001093,asm03410010930014001,Page 14,How to get the most out of your trip to Panama via Panagra,,,,,,,,,,,,,,,,,,,,
asm0341001093,asm03410010930015001,Page 15,How to get the most out of your trip to Panama via Panagra,,,,,,,,,,,,,,,,,,,,
asm0341001093,asm03410010930016001,Page 16,How to get the most out of your trip to Panama via Panagra,,,,,,,,,,,,,,,,,,,,
asm0341001094,,Pan American's guide to Ecuador,Pan American's guide to Ecuador,,"Pan American World Airways, Inc.",,,,,Travel guidebooks;,,1957-09,,1950-1959,Ecuador,eng,University of Miami. Library. Special Collections,"Pan American World Airways, Inc. records",ASM0341,Printed Materials: Brochures and Booklets: Destinations,Box No. 1 of 1; Box Title: Brochures and Booklets: Destinations; Folder No. 10; Folder Title: Central and South America (3 of 4),"This material is in the public domain in the United States. The Pan Am brand remains under trademark. For additional information, please visit: https://digitalcollections.library.miami.edu/digital/custom/copyright-guidelines",http://rightsstatements.org/vocab/NoC-US/1.0/
asm0341001094,asm03410010940001001,Page 1,Pan American's guide to Ecuador,,,,,,,,,,,,,,,,,,,,
asm0341001094,asm03410010940002001,Page 2,Pan American's guide to Ecuador,,,,,,,,,,,,,,,,,,,,
asm0341001094,asm03410010940003001,Page 3,Pan American's guide to Ecuador,,,,,,,,,,,,,,,,,,,,
asm0341001094,asm03410010940004001,Page 4,Pan American's guide to Ecuador,,,,,,,,,,,,,,,,,,,,
asm0341001094,asm03410010940005001,Page 5,Pan American's guide to Ecuador,,,,,,,,,,,,,,,,,,,,
asm0341001094,asm03410010940006001,Page 6,Pan American's guide to Ecuador,,,,,,,,,,,,,,,,,,,,
asm0341001094,asm03410010940007001,Page 7,Pan American's guide to Ecuador,,,,,,,,,,,,,,,,,,,,
asm0341001094,asm03410010940008001,Page 8,Pan American's guide to Ecuador,,,,,,,,,,,,,,,,,,,,
asm0341001095,,Pan American's guide to Brazil,Pan American's guide to Brazil,,"Pan American World Airways, Inc.",,,,,Travel guidebooks;,,,,,Brazil,eng,University of Miami. Library. Special Collections,"Pan American World Airways, Inc. records",ASM0341,Printed Materials: Brochures and Booklets: Destinations,Box No. 1 of 1; Box Title: Brochures and Booklets: Destinations; Folder No. 10; Folder Title: Central and South America (3 of 4),"The copyright and related rights status of this material is unknown. The Pan Am brand remains under trademark. For additional information, please visit: https://digitalcollections.library.miami.edu/digital/custom/copyright-guidelines",http://rightsstatements.org/vocab/UND/1.0/
asm0341001095,asm03410010950001001,Page 1,Pan American's guide to Brazil,,,,,,,,,,,,,,,,,,,,
asm0341001095,asm03410010950002001,Page 2,Pan American's guide to Brazil,,,,,,,,,,,,,,,,,,,,
asm0341001095,asm03410010950003001,Page 3,Pan American's guide to Brazil,,,,,,,,,,,,,,,,,,,,
asm0341001095,asm03410010950004001,Page 4,Pan American's guide to Brazil,,,,,,,,,,,,,,,,,,,,
asm0341001095,asm03410010950005001,Page 5,Pan American's guide to Brazil,,,,,,,,,,,,,,,,,,,,
asm0341001095,asm03410010950006001,Page 6,Pan American's guide to Brazil,,,,,,,,,,,,,,,,,,,,
asm0341001095,asm03410010950007001,Page 7,Pan American's guide to Brazil,,,,,,,,,,,,,,,,,,,,
asm0341001095,asm03410010950008001,Page 8,Pan American's guide to Brazil,,,,,,,,,,,,,,,,,,,,
asm0341001095,asm03410010950009001,Page 9,Pan American's guide to Brazil,,,,,,,,,,,,,,,,,,,,
asm0341001095,asm03410010950010001,Page 10,Pan American's guide to Brazil,,,,,,,,,,,,,,,,,,,,
asm0341001095,asm03410010950011001,Page 11,Pan American's guide to Brazil,,,,,,,,,,,,,,,,,,,,
asm0341001095,asm03410010950012001,Page 12,Pan American's guide to Brazil,,,,,,,,,,,,,,,,,,,,
asm0341001096,,Pan American's guide to Brazil,Pan American's guide to Brazil,,"Pan American World Airways, Inc.",,,,,Travel guidebooks;,,1965,,1960-1969,Brazil,eng,University of Miami. Library. Special Collections,"Pan American World Airways, Inc. records",ASM0341,Printed Materials: Brochures and Booklets: Destinations,Box No. 1 of 1; Box Title: Brochures and Booklets: Destinations; Folder No. 10; Folder Title: Central and South America (3 of 4),"This material is protected by copyright. Use for education purposes is permitted. Copyright was originally held by Pan American World Airways, Inc., but was transferred to the University of Miami. The Pan Am brand remains under trademark. For additional information, please visit: https://digitalcollections.library.miami.edu/digital/custom/copyright-guidelines",http://rightsstatements.org/vocab/InC-EDU/1.0/
asm0341001096,asm03410010960001001,Page 1,Pan American's guide to Brazil,,,,,,,,,,,,,,,,,,,,
asm0341001096,asm03410010960002001,Page 2,Pan American's guide to Brazil,,,,,,,,,,,,,,,,,,,,
asm0341001096,asm03410010960003001,Page 3,Pan American's guide to Brazil,,,,,,,,,,,,,,,,,,,,
asm0341001096,asm03410010960004001,Page 4,Pan American's guide to Brazil,,,,,,,,,,,,,,,,,,,,
asm0341001096,asm03410010960005001,Page 5,Pan American's guide to Brazil,,,,,,,,,,,,,,,,,,,,
asm0341001096,asm03410010960006001,Page 6,Pan American's guide to Brazil,,,,,,,,,,,,,,,,,,,,
asm0341001096,asm03410010960007001,Page 7,Pan American's guide to Brazil,,,,,,,,,,,,,,,,,,,,
asm0341001096,asm03410010960008001,Page 8,Pan American's guide to Brazil,,,,,,,,,,,,,,,,,,,,
asm0341001096,asm03410010960009001,Page 9,Pan American's guide to Brazil,,,,,,,,,,,,,,,,,,,,
asm0341001096,asm03410010960010001,Page 10,Pan American's guide to Brazil,,,,,,,,,,,,,,,,,,,,
asm0341001096,asm03410010960011001,Page 11,Pan American's guide to Brazil,,,,,,,,,,,,,,,,,,,,
asm0341001096,asm03410010960012001,Page 12,Pan American's guide to Brazil,,,,,,,,,,,,,,,,,,,,
asm0341001097,,Pan American's guide to Guatemala,Pan American's guide to Guatemala,,"Pan American World Airways, Inc.",,,,,Travel guidebooks;,,,,,Guatemala,eng,University of Miami. Library. Special Collections,"Pan American World Airways, Inc. records",ASM0341,Printed Materials: Brochures and Booklets: Destinations,Box No. 1 of 1; Box Title: Brochures and Booklets: Destinations; Folder No. 10; Folder Title: Central and South America (3 of 4),"The copyright and related rights status of this material is unknown. The Pan Am brand remains under trademark. For additional information, please visit: https://digitalcollections.library.miami.edu/digital/custom/copyright-guidelines",http://rightsstatements.org/vocab/UND/1.0/
asm0341001097,asm03410010970001001,Page 1,Pan American's guide to Guatemala,,,,,,,,,,,,,,,,,,,,
asm0341001097,asm03410010970002001,Page 2,Pan American's guide to Guatemala,,,,,,,,,,,,,,,,,,,,
asm0341001097,asm03410010970003001,Page 3,Pan American's guide to Guatemala,,,,,,,,,,,,,,,,,,,,
asm0341001097,asm03410010970004001,Page 4,Pan American's guide to Guatemala,,,,,,,,,,,,,,,,,,,,
asm0341001097,asm03410010970005001,Page 5,Pan American's guide to Guatemala,,,,,,,,,,,,,,,,,,,,
asm0341001097,asm03410010970006001,Page 6,Pan American's guide to Guatemala,,,,,,,,,,,,,,,,,,,,
asm0341001097,asm03410010970007001,Page 7,Pan American's guide to Guatemala,,,,,,,,,,,,,,,,,,,,
asm0341001097,asm03410010970008001,Page 8,Pan American's guide to Guatemala,,,,,,,,,,,,,,,,,,,,
asm0341001098,,Pan American's guide to Bolivia,Pan American's guide to Bolivia,,"Pan American World Airways, Inc.",,,,,Travel guidebooks;,,,,,Bolivia,eng,University of Miami. Library. Special Collections,"Pan American World Airways, Inc. records",ASM0341,Printed Materials: Brochures and Booklets: Destinations,Box No. 1 of 1; Box Title: Brochures and Booklets: Destinations; Folder No. 10; Folder Title: Central and South America (3 of 4),"The copyright and related rights status of this material is unknown. The Pan Am brand remains under trademark. For additional information, please visit: https://digitalcollections.library.miami.edu/digital/custom/copyright-guidelines",http://rightsstatements.org/vocab/UND/1.0/
asm0341001098,asm03410010980001001,Page 1,Pan American's guide to Bolivia,,,,,,,,,,,,,,,,,,,,
asm0341001098,asm03410010980002001,Page 2,Pan American's guide to Bolivia,,,,,,,,,,,,,,,,,,,,
asm0341001098,asm03410010980003001,Page 3,Pan American's guide to Bolivia,,,,,,,,,,,,,,,,,,,,
asm0341001098,asm03410010980004001,Page 4,Pan American's guide to Bolivia,,,,,,,,,,,,,,,,,,,,
asm0341001098,asm03410010980005001,Page 5,Pan American's guide to Bolivia,,,,,,,,,,,,,,,,,,,,
asm0341001098,asm03410010980006001,Page 6,Pan American's guide to Bolivia,,,,,,,,,,,,,,,,,,,,
asm0341001098,asm03410010980007001,Page 7,Pan American's guide to Bolivia,,,,,,,,,,,,,,,,,,,,
asm0341001098,asm03410010980008001,Page 8,Pan American's guide to Bolivia,,,,,,,,,,,,,,,,,,,,
asm0341001099,,Saludos amigos! Picture preview of your tour around Mexico,Saludos amigos! Picture preview of your tour around Mexico,,Mexicana (Airline company),,,,,Promotional materials; Booklets;,,,,,Mexico,eng,University of Miami. Library. Special Collections,"Pan American World Airways, Inc. records",ASM0341,Printed Materials: Brochures and Booklets: Destinations,Box No. 1 of 1; Box Title: Brochures and Booklets: Destinations; Folder No. 10; Folder Title: Central and South America (3 of 4),"The copyright and related rights status of this material is unknown. The Pan Am brand remains under trademark. For additional information, please visit: https://digitalcollections.library.miami.edu/digital/custom/copyright-guidelines",http://rightsstatements.org/vocab/UND/1.0/
asm0341001099,asm03410010990001001,Page 1,Saludos amigos! Picture preview of your tour around Mexico,,,,,,,,,,,,,,,,,,,,
asm0341001099,asm03410010990002001,Page 2,Saludos amigos! Picture preview of your tour around Mexico,,,,,,,,,,,,,,,,,,,,
asm0341001099,asm03410010990003001,Page 3,Saludos amigos! Picture preview of your tour around Mexico,,,,,,,,,,,,,,,,,,,,
asm0341001099,asm03410010990004001,Page 4,Saludos amigos! Picture preview of your tour around Mexico,,,,,,,,,,,,,,,,,,,,
asm0341001099,asm03410010990005001,Page 5,Saludos amigos! Picture preview of your tour around Mexico,,,,,,,,,,,,,,,,,,,,
asm0341001099,asm03410010990006001,Page 6,Saludos amigos! Picture preview of your tour around Mexico,,,,,,,,,,,,,,,,,,,,
asm0341001099,asm03410010990007001,Page 7,Saludos amigos! Picture preview of your tour around Mexico,,,,,,,,,,,,,,,,,,,,
asm0341001099,asm03410010990008001,Page 8,Saludos amigos! Picture preview of your tour around Mexico,,,,,,,,,,,,,,,,,,,,
asm0341001099,asm03410010990009001,Page 9,Saludos amigos! Picture preview of your tour around Mexico,,,,,,,,,,,,,,,,,,,,
asm0341001099,asm03410010990010001,Page 10,Saludos amigos! Picture preview of your tour around Mexico,,,,,,,,,,,,,,,,,,,,
asm0341001099,asm03410010990011001,Page 11,Saludos amigos! Picture preview of your tour around Mexico,,,,,,,,,,,,,,,,,,,,
asm0341001099,asm03410010990012001,Page 12,Saludos amigos! Picture preview of your tour around Mexico,,,,,,,,,,,,,,,,,,,,
asm0341001099,asm03410010990013001,Page 13,Saludos amigos! Picture preview of your tour around Mexico,,,,,,,,,,,,,,,,,,,,
asm0341001099,asm03410010990014001,Page 14,Saludos amigos! Picture preview of your tour around Mexico,,,,,,,,,,,,,,,,,,,,
asm0341001099,asm03410010990015001,Page 15,Saludos amigos! Picture preview of your tour around Mexico,,,,,,,,,,,,,,,,,,,,
asm0341001099,asm03410010990016001,Page 16,Saludos amigos! Picture preview of your tour around Mexico,,,,,,,,,,,,,,,,,,,,
asm0341001099,asm03410010990017001,Page 17,Saludos amigos! Picture preview of your tour around Mexico,,,,,,,,,,,,,,,,,,,,
asm0341001099,asm03410010990018001,Page 18,Saludos amigos! Picture preview of your tour around Mexico,,,,,,,,,,,,,,,,,,,,
asm0341001099,asm03410010990019001,Page 19,Saludos amigos! Picture preview of your tour around Mexico,,,,,,,,,,,,,,,,,,,,
asm0341001099,asm03410010990020001,Page 20,Saludos amigos! Picture preview of your tour around Mexico,,,,,,,,,,,,,,,,,,,,
asm0341001099,asm03410010990021001,Page 21,Saludos amigos! Picture preview of your tour around Mexico,,,,,,,,,,,,,,,,,,,,
asm0341001099,asm03410010990022001,Page 22,Saludos amigos! Picture preview of your tour around Mexico,,,,,,,,,,,,,,,,,,,,
asm0341001099,asm03410010990023001,Page 23,Saludos amigos! Picture preview of your tour around Mexico,,,,,,,,,,,,,,,,,,,,
asm0341001099,asm03410010990024001,Page 24,Saludos amigos! Picture preview of your tour around Mexico,,,,,,,,,,,,,,,,,,,,
asm0341001099,asm03410010990025001,Page 25,Saludos amigos! Picture preview of your tour around Mexico,,,,,,,,,,,,,,,,,,,,
asm0341001099,asm03410010990026001,Page 26,Saludos amigos! Picture preview of your tour around Mexico,,,,,,,,,,,,,,,,,,,,
asm0341001099,asm03410010990027001,Page 27,Saludos amigos! Picture preview of your tour around Mexico,,,,,,,,,,,,,,,,,,,,
asm0341001099,asm03410010990028001,Page 28,Saludos amigos! Picture preview of your tour around Mexico,,,,,,,,,,,,,,,,,,,,
asm0341001099,asm03410010990029001,Page 29,Saludos amigos! Picture preview of your tour around Mexico,,,,,,,,,,,,,,,,,,,,
asm0341001099,asm03410010990030001,Page 30,Saludos amigos! Picture preview of your tour around Mexico,,,,,,,,,,,,,,,,,,,,
asm0341001099,asm03410010990031001,Page 31,Saludos amigos! Picture preview of your tour around Mexico,,,,,,,,,,,,,,,,,,,,
asm0341001099,asm03410010990032001,Page 32,Saludos amigos! Picture preview of your tour around Mexico,,,,,,,,,,,,,,,,,,,,
asm0341001099,asm03410010990033001,Page 33,Saludos amigos! Picture preview of your tour around Mexico,,,,,,,,,,,,,,,,,,,,
asm0341001099,asm03410010990034001,Page 34,Saludos amigos! Picture preview of your tour around Mexico,,,,,,,,,,,,,,,,,,,,
asm0341001099,asm03410010990035001,Page 35,Saludos amigos! Picture preview of your tour around Mexico,,,,,,,,,,,,,,,,,,,,
asm0341001099,asm03410010990036001,Page 36,Saludos amigos! Picture preview of your tour around Mexico,,,,,,,,,,,,,,,,,,,,
asm0341001099,asm03410010990037001,Page 37,Saludos amigos! Picture preview of your tour around Mexico,,,,,,,,,,,,,,,,,,,,
asm0341001099,asm03410010990038001,Page 38,Saludos amigos! Picture preview of your tour around Mexico,,,,,,,,,,,,,,,,,,,,
asm0341001099,asm03410010990039001,Page 39,Saludos amigos! Picture preview of your tour around Mexico,,,,,,,,,,,,,,,,,,,,
asm0341001099,asm03410010990040001,Page 40,Saludos amigos! Picture preview of your tour around Mexico,,,,,,,,,,,,,,,,,,,,
asm0341001099,asm03410010990041001,Page 41,Saludos amigos! Picture preview of your tour around Mexico,,,,,,,,,,,,,,,,,,,,
asm0341001099,asm03410010990042001,Page 42,Saludos amigos! Picture preview of your tour around Mexico,,,,,,,,,,,,,,,,,,,,
asm0341001099,asm03410010990043001,Page 43,Saludos amigos! Picture preview of your tour around Mexico,,,,,,,,,,,,,,,,,,,,
asm0341001099,asm03410010990044001,Page 44,Saludos amigos! Picture preview of your tour around Mexico,,,,,,,,,,,,,,,,,,,,
asm0341001099,asm03410010990045001,Page 45,Saludos amigos! Picture preview of your tour around Mexico,,,,,,,,,,,,,,,,,,,,
asm0341001099,asm03410010990046001,Page 46,Saludos amigos! Picture preview of your tour around Mexico,,,,,,,,,,,,,,,,,,,,
asm0341001099,asm03410010990047001,Page 47,Saludos amigos! Picture preview of your tour around Mexico,,,,,,,,,,,,,,,,,,,,
asm0341001099,asm03410010990048001,Page 48,Saludos amigos! Picture preview of your tour around Mexico,,,,,,,,,,,,,,,,,,,,
asm0341001099,asm03410010990049001,Page 49,Saludos amigos! Picture preview of your tour around Mexico,,,,,,,,,,,,,,,,,,,,
asm0341001099,asm03410010990050001,Page 50,Saludos amigos! Picture preview of your tour around Mexico,,,,,,,,,,,,,,,,,,,,
asm0341001099,asm03410010990051001,Page 51,Saludos amigos! Picture preview of your tour around Mexico,,,,,,,,,,,,,,,,,,,,
asm0341001099,asm03410010990052001,Page 52,Saludos amigos! Picture preview of your tour around Mexico,,,,,,,,,,,,,,,,,,,,
asm0341001099,asm03410010990053001,Page 53,Saludos amigos! Picture preview of your tour around Mexico,,,,,,,,,,,,,,,,,,,,
asm0341001099,asm03410010990054001,Page 54,Saludos amigos! Picture preview of your tour around Mexico,,,,,,,,,,,,,,,,,,,,
asm0341001099,asm03410010990055001,Page 55,Saludos amigos! Picture preview of your tour around Mexico,,,,,,,,,,,,,,,,,,,,
asm0341001099,asm03410010990056001,Page 56,Saludos amigos! Picture preview of your tour around Mexico,,,,,,,,,,,,,,,,,,,,
asm0341001099,asm03410010990057001,Page 57,Saludos amigos! Picture preview of your tour around Mexico,,,,,,,,,,,,,,,,,,,,
asm0341001099,asm03410010990058001,Page 58,Saludos amigos! Picture preview of your tour around Mexico,,,,,,,,,,,,,,,,,,,,
asm0341001099,asm03410010990059001,Page 59,Saludos amigos! Picture preview of your tour around Mexico,,,,,,,,,,,,,,,,,,,,
asm0341001099,asm03410010990060001,Page 60,Saludos amigos! Picture preview of your tour around Mexico,,,,,,,,,,,,,,,,,,,,
asm0341001099,asm03410010990061001,Page 61,Saludos amigos! Picture preview of your tour around Mexico,,,,,,,,,,,,,,,,,,,,
asm0341001099,asm03410010990062001,Page 62,Saludos amigos! Picture preview of your tour around Mexico,,,,,,,,,,,,,,,,,,,,
asm0341001099,asm03410010990063001,Page 63,Saludos amigos! Picture preview of your tour around Mexico,,,,,,,,,,,,,,,,,,,,
asm0341001099,asm03410010990064001,Page 64,Saludos amigos! Picture preview of your tour around Mexico,,,,,,,,,,,,,,,,,,,,
asm0341001099,asm03410010990065001,Page 65,Saludos amigos! Picture preview of your tour around Mexico,,,,,,,,,,,,,,,,,,,,
asm0341001099,asm03410010990066001,Page 66,Saludos amigos! Picture preview of your tour around Mexico,,,,,,,,,,,,,,,,,,,,
asm0341001099,asm03410010990067001,Page 67,Saludos amigos! Picture preview of your tour around Mexico,,,,,,,,,,,,,,,,,,,,
asm0341001099,asm03410010990068001,Page 68,Saludos amigos! Picture preview of your tour around Mexico,,,,,,,,,,,,,,,,,,,,
asm0341001099,asm03410010990069001,Page 69,Saludos amigos! Picture preview of your tour around Mexico,,,,,,,,,,,,,,,,,,,,
asm0341001099,asm03410010990070001,Page 70,Saludos amigos! Picture preview of your tour around Mexico,,,,,,,,,,,,,,,,,,,,
asm0341001099,asm03410010990071001,Page 71,Saludos amigos! Picture preview of your tour around Mexico,,,,,,,,,,,,,,,,,,,,
asm0341001099,asm03410010990072001,Page 72,Saludos amigos! Picture preview of your tour around Mexico,,,,,,,,,,,,,,,,,,,,
asm0341001099,asm03410010990073001,Page 73,Saludos amigos! Picture preview of your tour around Mexico,,,,,,,,,,,,,,,,,,,,
asm0341001099,asm03410010990074001,Page 74,Saludos amigos! Picture preview of your tour around Mexico,,,,,,,,,,,,,,,,,,,,
asm0341001099,asm03410010990075001,Page 75,Saludos amigos! Picture preview of your tour around Mexico,,,,,,,,,,,,,,,,,,,,
asm0341001099,asm03410010990076001,Page 76,Saludos amigos! Picture preview of your tour around Mexico,,,,,,,,,,,,,,,,,,,,
asm0341001100,,How to get the most out of your trip to Colombia,How to get the most out of your trip to Colombia,,"Pan American World Airways, Inc.",,,,,Travel guidebooks;,,,,,Colombia,eng,University of Miami. Library. Special Collections,"Pan American World Airways, Inc. records",ASM0341,Printed Materials: Brochures and Booklets: Destinations,Box No. 1 of 1; Box Title: Brochures and Booklets: Destinations; Folder No. 10; Folder Title: Central and South America (3 of 4),"The copyright and related rights status of this material is unknown. The Pan Am brand remains under trademark. For additional information, please visit: https://digitalcollections.library.miami.edu/digital/custom/copyright-guidelines",http://rightsstatements.org/vocab/UND/1.0/
asm0341001100,asm03410011000001001,Page 1,How to get the most out of your trip to Colombia,,,,,,,,,,,,,,,,,,,,
asm0341001100,asm03410011000002001,Page 2,How to get the most out of your trip to Colombia,,,,,,,,,,,,,,,,,,,,
asm0341001100,asm03410011000003001,Page 3,How to get the most out of your trip to Colombia,,,,,,,,,,,,,,,,,,,,
asm0341001100,asm03410011000004001,Page 4,How to get the most out of your trip to Colombia,,,,,,,,,,,,,,,,,,,,
asm0341001100,asm03410011000005001,Page 5,How to get the most out of your trip to Colombia,,,,,,,,,,,,,,,,,,,,
asm0341001100,asm03410011000006001,Page 6,How to get the most out of your trip to Colombia,,,,,,,,,,,,,,,,,,,,
asm0341001100,asm03410011000007001,Page 7,How to get the most out of your trip to Colombia,,,,,,,,,,,,,,,,,,,,
asm0341001100,asm03410011000008001,Page 8,How to get the most out of your trip to Colombia,,,,,,,,,,,,,,,,,,,,
asm0341001101,,Mexico,Mexico,,"Pan American World Airways, Inc.",,,,,Travel guidebooks;,,1979,,1970-1979,Mexico,eng,University of Miami. Library. Special Collections,"Pan American World Airways, Inc. records",ASM0341,Printed Materials: Brochures and Booklets: Destinations,Box No. 1 of 1; Box Title: Brochures and Booklets: Destinations; Folder No. 10; Folder Title: Central and South America (3 of 4),"This material is protected by copyright. Use for education purposes is permitted. Copyright was originally held by Pan American World Airways, Inc., but was transferred to the University of Miami. The Pan Am brand remains under trademark. For additional information, please visit: https://digitalcollections.library.miami.edu/digital/custom/copyright-guidelines",http://rightsstatements.org/vocab/InC-EDU/1.0/
asm0341001101,asm03410011010001001,Page 1,Mexico,,,,,,,,,,,,,,,,,,,,
asm0341001101,asm03410011010002001,Page 2,Mexico,,,,,,,,,,,,,,,,,,,,
asm0341001101,asm03410011010003001,Page 3,Mexico,,,,,,,,,,,,,,,,,,,,
asm0341001101,asm03410011010004001,Page 4,Mexico,,,,,,,,,,,,,,,,,,,,
asm0341001101,asm03410011010005001,Page 5,Mexico,,,,,,,,,,,,,,,,,,,,
asm0341001101,asm03410011010006001,Page 6,Mexico,,,,,,,,,,,,,,,,,,,,
asm0341001101,asm03410011010007001,Page 7,Mexico,,,,,,,,,,,,,,,,,,,,
asm0341001101,asm03410011010008001,Page 8,Mexico,,,,,,,,,,,,,,,,,,,,
asm0341001101,asm03410011010009001,Page 9,Mexico,,,,,,,,,,,,,,,,,,,,
asm0341001101,asm03410011010010001,Page 10,Mexico,,,,,,,,,,,,,,,,,,,,
asm0341001101,asm03410011010011001,Page 11,Mexico,,,,,,,,,,,,,,,,,,,,
asm0341001101,asm03410011010012001,Page 12,Mexico,,,,,,,,,,,,,,,,,,,,
asm0341001102,,Romantic Rio can be yours…,Romantic Rio can be yours…,,"Pan American World Airways, Inc.",,,,,Promotional materials; Brochures;,,,,,Rio de Janeiro (Brazil),eng,University of Miami. Library. Special Collections,"Pan American World Airways, Inc. records",ASM0341,Printed Materials: Brochures and Booklets: Destinations,Box No. 1 of 1; Box Title: Brochures and Booklets: Destinations; Folder No. 11; Folder Title: Central and South America (4 of 4),"The copyright and related rights status of this material is unknown. The Pan Am brand remains under trademark. For additional information, please visit: https://digitalcollections.library.miami.edu/digital/custom/copyright-guidelines",http://rightsstatements.org/vocab/UND/1.0/
asm0341001102,asm03410011020001001,Page 1,Romantic Rio can be yours…,,,,,,,,,,,,,,,,,,,,
asm0341001102,asm03410011020002001,Page 2,Romantic Rio can be yours…,,,,,,,,,,,,,,,,,,,,
asm0341001102,asm03410011020003001,Page 3,Romantic Rio can be yours…,,,,,,,,,,,,,,,,,,,,
asm0341001102,asm03410011020004001,Page 4,Romantic Rio can be yours…,,,,,,,,,,,,,,,,,,,,
asm0341001102,asm03410011020005001,Page 5,Romantic Rio can be yours…,,,,,,,,,,,,,,,,,,,,
asm0341001102,asm03410011020006001,Page 6,Romantic Rio can be yours…,,,,,,,,,,,,,,,,,,,,
asm0341001102,asm03410011020007001,Page 7,Romantic Rio can be yours…,,,,,,,,,,,,,,,,,,,,
asm0341001102,asm03410011020008001,Page 8,Romantic Rio can be yours…,,,,,,,,,,,,,,,,,,,,
asm0341001103,,Welcome to Argentina,Welcome to Argentina,,"Pan American-Grace Airways; Pan American World Airways, Inc.",,,,,Travel guidebooks; Promotional materials;,,,,,Argentina,eng,University of Miami. Library. Special Collections,"Pan American World Airways, Inc. records",ASM0341,Printed Materials: Brochures and Booklets: Destinations,Box No. 1 of 1; Box Title: Brochures and Booklets: Destinations; Folder No. 11; Folder Title: Central and South America (4 of 4),"The copyright and related rights status of this material is unknown. The Pan Am brand remains under trademark. For additional information, please visit: https://digitalcollections.library.miami.edu/digital/custom/copyright-guidelines",http://rightsstatements.org/vocab/UND/1.0/
asm0341001103,asm03410011030001001,Page 1,Welcome to Argentina,,,,,,,,,,,,,,,,,,,,
asm0341001103,asm03410011030002001,Page 2,Welcome to Argentina,,,,,,,,,,,,,,,,,,,,
asm0341001103,asm03410011030003001,Page 3,Welcome to Argentina,,,,,,,,,,,,,,,,,,,,
asm0341001103,asm03410011030004001,Page 4,Welcome to Argentina,,,,,,,,,,,,,,,,,,,,
asm0341001103,asm03410011030005001,Page 5,Welcome to Argentina,,,,,,,,,,,,,,,,,,,,
asm0341001103,asm03410011030006001,Page 6,Welcome to Argentina,,,,,,,,,,,,,,,,,,,,
asm0341001103,asm03410011030007001,Page 7,Welcome to Argentina,,,,,,,,,,,,,,,,,,,,
asm0341001103,asm03410011030008001,Page 8,Welcome to Argentina,,,,,,,,,,,,,,,,,,,,
asm0341001103,asm03410011030009001,Page 9,Welcome to Argentina,,,,,,,,,,,,,,,,,,,,
asm0341001103,asm03410011030010001,Page 10,Welcome to Argentina,,,,,,,,,,,,,,,,,,,,
asm0341001103,asm03410011030011001,Page 11,Welcome to Argentina,,,,,,,,,,,,,,,,,,,,
asm0341001103,asm03410011030012001,Page 12,Welcome to Argentina,,,,,,,,,,,,,,,,,,,,
asm0341001103,asm03410011030013001,Page 13,Welcome to Argentina,,,,,,,,,,,,,,,,,,,,
asm0341001103,asm03410011030014001,Page 14,Welcome to Argentina,,,,,,,,,,,,,,,,,,,,
asm0341001103,asm03410011030015001,Page 15,Welcome to Argentina,,,,,,,,,,,,,,,,,,,,
asm0341001103,asm03410011030016001,Page 16,Welcome to Argentina,,,,,,,,,,,,,,,,,,,,
asm0341001103,asm03410011030017001,Page 17,Welcome to Argentina,,,,,,,,,,,,,,,,,,,,
asm0341001103,asm03410011030018001,Page 18,Welcome to Argentina,,,,,,,,,,,,,,,,,,,,
asm0341001103,asm03410011030019001,Page 19,Welcome to Argentina,,,,,,,,,,,,,,,,,,,,
asm0341001103,asm03410011030020001,Page 20,Welcome to Argentina,,,,,,,,,,,,,,,,,,,,
asm0341001103,asm03410011030021001,Page 21,Welcome to Argentina,,,,,,,,,,,,,,,,,,,,
asm0341001103,asm03410011030022001,Page 22,Welcome to Argentina,,,,,,,,,,,,,,,,,,,,
asm0341001103,asm03410011030023001,Page 23,Welcome to Argentina,,,,,,,,,,,,,,,,,,,,
asm0341001103,asm03410011030024001,Page 24,Welcome to Argentina,,,,,,,,,,,,,,,,,,,,
asm0341001103,asm03410011030025001,Page 25,Welcome to Argentina,,,,,,,,,,,,,,,,,,,,
asm0341001103,asm03410011030026001,Page 26,Welcome to Argentina,,,,,,,,,,,,,,,,,,,,
asm0341001103,asm03410011030027001,Page 27,Welcome to Argentina,,,,,,,,,,,,,,,,,,,,
asm0341001103,asm03410011030028001,Page 28,Welcome to Argentina,,,,,,,,,,,,,,,,,,,,
asm0341001103,asm03410011030029001,Page 29,Welcome to Argentina,,,,,,,,,,,,,,,,,,,,
asm0341001103,asm03410011030030001,Page 30,Welcome to Argentina,,,,,,,,,,,,,,,,,,,,
asm0341001103,asm03410011030031001,Page 31,Welcome to Argentina,,,,,,,,,,,,,,,,,,,,
asm0341001103,asm03410011030032001,Page 32,Welcome to Argentina,,,,,,,,,,,,,,,,,,,,
asm0341001103,asm03410011030033001,Page 33,Welcome to Argentina,,,,,,,,,,,,,,,,,,,,
asm0341001103,asm03410011030034001,Page 34,Welcome to Argentina,,,,,,,,,,,,,,,,,,,,
asm0341001103,asm03410011030035001,Page 35,Welcome to Argentina,,,,,,,,,,,,,,,,,,,,
asm0341001103,asm03410011030036001,Page 36,Welcome to Argentina,,,,,,,,,,,,,,,,,,,,
asm0341001103,asm03410011030037001,Page 37,Welcome to Argentina,,,,,,,,,,,,,,,,,,,,
asm0341001103,asm03410011030038001,Page 38,Welcome to Argentina,,,,,,,,,,,,,,,,,,,,
asm0341001103,asm03410011030039001,Page 39,Welcome to Argentina,,,,,,,,,,,,,,,,,,,,
asm0341001103,asm03410011030040001,Page 40,Welcome to Argentina,,,,,,,,,,,,,,,,,,,,
asm0341001103,asm03410011030041001,Page 41,Welcome to Argentina,,,,,,,,,,,,,,,,,,,,
asm0341001103,asm03410011030042001,Page 42,Welcome to Argentina,,,,,,,,,,,,,,,,,,,,
asm0341001103,asm03410011030043001,Page 43,Welcome to Argentina,,,,,,,,,,,,,,,,,,,,
asm0341001103,asm03410011030044001,Page 44,Welcome to Argentina,,,,,,,,,,,,,,,,,,,,
asm0341001103,asm03410011030045001,Page 45,Welcome to Argentina,,,,,,,,,,,,,,,,,,,,
asm0341001103,asm03410011030046001,Page 46,Welcome to Argentina,,,,,,,,,,,,,,,,,,,,
asm0341001103,asm03410011030047001,Page 47,Welcome to Argentina,,,,,,,,,,,,,,,,,,,,
asm0341001103,asm03410011030048001,Page 48,Welcome to Argentina,,,,,,,,,,,,,,,,,,,,
asm0341001103,asm03410011030049001,Page 49,Welcome to Argentina,,,,,,,,,,,,,,,,,,,,
asm0341001103,asm03410011030050001,Page 50,Welcome to Argentina,,,,,,,,,,,,,,,,,,,,
asm0341001103,asm03410011030051001,Page 51,Welcome to Argentina,,,,,,,,,,,,,,,,,,,,
asm0341001103,asm03410011030052001,Page 52,Welcome to Argentina,,,,,,,,,,,,,,,,,,,,
asm0341001103,asm03410011030053001,Page 53,Welcome to Argentina,,,,,,,,,,,,,,,,,,,,
asm0341001103,asm03410011030054001,Page 54,Welcome to Argentina,,,,,,,,,,,,,,,,,,,,
asm0341001103,asm03410011030055001,Page 55,Welcome to Argentina,,,,,,,,,,,,,,,,,,,,
asm0341001103,asm03410011030056001,Page 56,Welcome to Argentina,,,,,,,,,,,,,,,,,,,,
asm0341001103,asm03410011030057001,Page 57,Welcome to Argentina,,,,,,,,,,,,,,,,,,,,
asm0341001103,asm03410011030058001,Page 58,Welcome to Argentina,,,,,,,,,,,,,,,,,,,,
asm0341001103,asm03410011030059001,Page 59,Welcome to Argentina,,,,,,,,,,,,,,,,,,,,
asm0341001103,asm03410011030060001,Page 60,Welcome to Argentina,,,,,,,,,,,,,,,,,,,,
asm0341001103,asm03410011030061001,Page 61,Welcome to Argentina,,,,,,,,,,,,,,,,,,,,
asm0341001103,asm03410011030062001,Page 62,Welcome to Argentina,,,,,,,,,,,,,,,,,,,,
asm0341001103,asm03410011030063001,Page 63,Welcome to Argentina,,,,,,,,,,,,,,,,,,,,
asm0341001103,asm03410011030064001,Page 64,Welcome to Argentina,,,,,,,,,,,,,,,,,,,,
asm0341001103,asm03410011030065001,Page 65,Welcome to Argentina,,,,,,,,,,,,,,,,,,,,
asm0341001103,asm03410011030066001,Page 66,Welcome to Argentina,,,,,,,,,,,,,,,,,,,,
asm0341001103,asm03410011030067001,Page 67,Welcome to Argentina,,,,,,,,,,,,,,,,,,,,
asm0341001103,asm03410011030068001,Page 68,Welcome to Argentina,,,,,,,,,,,,,,,,,,,,
asm0341001103,asm03410011030069001,Page 69,Welcome to Argentina,,,,,,,,,,,,,,,,,,,,
asm0341001103,asm03410011030070001,Page 70,Welcome to Argentina,,,,,,,,,,,,,,,,,,,,
asm0341001103,asm03410011030071001,Page 71,Welcome to Argentina,,,,,,,,,,,,,,,,,,,,
asm0341001103,asm03410011030072001,Page 72,Welcome to Argentina,,,,,,,,,,,,,,,,,,,,
asm0341001103,asm03410011030073001,Page 73,Welcome to Argentina,,,,,,,,,,,,,,,,,,,,
asm0341001103,asm03410011030074001,Page 74,Welcome to Argentina,,,,,,,,,,,,,,,,,,,,
asm0341001103,asm03410011030075001,Page 75,Welcome to Argentina,,,,,,,,,,,,,,,,,,,,
asm0341001103,asm03410011030076001,Page 76,Welcome to Argentina,,,,,,,,,,,,,,,,,,,,
asm0341001103,asm03410011030077001,Page 77,Welcome to Argentina,,,,,,,,,,,,,,,,,,,,
asm0341001103,asm03410011030078001,Page 78,Welcome to Argentina,,,,,,,,,,,,,,,,,,,,
asm0341001103,asm03410011030079001,Page 79,Welcome to Argentina,,,,,,,,,,,,,,,,,,,,
asm0341001103,asm03410011030080001,Page 80,Welcome to Argentina,,,,,,,,,,,,,,,,,,,,
asm0341001103,asm03410011030081001,Page 81,Welcome to Argentina,,,,,,,,,,,,,,,,,,,,
asm0341001103,asm03410011030082001,Page 82,Welcome to Argentina,,,,,,,,,,,,,,,,,,,,
asm0341001104,,Clipper cruises to Latin America,Clipper cruises to Latin America,,"Exprinter Travel Services, Inc.",,,,,Promotional materials; Booklets;,,,,,Latin America,eng,University of Miami. Library. Special Collections,"Pan American World Airways, Inc. records",ASM0341,Printed Materials: Brochures and Booklets: Destinations,Box No. 1 of 1; Box Title: Brochures and Booklets: Destinations; Folder No. 11; Folder Title: Central and South America (4 of 4),"The copyright and related rights status of this material is unknown. The Pan Am brand remains under trademark. For additional information, please visit: https://digitalcollections.library.miami.edu/digital/custom/copyright-guidelines",http://rightsstatements.org/vocab/UND/1.0/
asm0341001104,asm03410011040001001,Page 1,Clipper cruises to Latin America,,,,,,,,,,,,,,,,,,,,
asm0341001104,asm03410011040002001,Page 2,Clipper cruises to Latin America,,,,,,,,,,,,,,,,,,,,
asm0341001104,asm03410011040003001,Page 3,Clipper cruises to Latin America,,,,,,,,,,,,,,,,,,,,
asm0341001104,asm03410011040004001,Page 4,Clipper cruises to Latin America,,,,,,,,,,,,,,,,,,,,
asm0341001104,asm03410011040005001,Page 5,Clipper cruises to Latin America,,,,,,,,,,,,,,,,,,,,
asm0341001104,asm03410011040006001,Page 6,Clipper cruises to Latin America,,,,,,,,,,,,,,,,,,,,
asm0341001104,asm03410011040007001,Page 7,Clipper cruises to Latin America,,,,,,,,,,,,,,,,,,,,
asm0341001104,asm03410011040008001,Page 8,Clipper cruises to Latin America,,,,,,,,,,,,,,,,,,,,
asm0341001104,asm03410011040009001,Page 9,Clipper cruises to Latin America,,,,,,,,,,,,,,,,,,,,
asm0341001104,asm03410011040010001,Page 10,Clipper cruises to Latin America,,,,,,,,,,,,,,,,,,,,
asm0341001104,asm03410011040011001,Page 11,Clipper cruises to Latin America,,,,,,,,,,,,,,,,,,,,
asm0341001104,asm03410011040012001,Page 12,Clipper cruises to Latin America,,,,,,,,,,,,,,,,,,,,
asm0341001104,asm03410011040013001,Page 13,Clipper cruises to Latin America,,,,,,,,,,,,,,,,,,,,
asm0341001104,asm03410011040014001,Page 14,Clipper cruises to Latin America,,,,,,,,,,,,,,,,,,,,
asm0341001104,asm03410011040015001,Page 15,Clipper cruises to Latin America,,,,,,,,,,,,,,,,,,,,
asm0341001104,asm03410011040016001,Page 16,Clipper cruises to Latin America,,,,,,,,,,,,,,,,,,,,
asm0341001104,asm03410011040017001,Page 17,Clipper cruises to Latin America,,,,,,,,,,,,,,,,,,,,
asm0341001104,asm03410011040018001,Page 18,Clipper cruises to Latin America,,,,,,,,,,,,,,,,,,,,
asm0341001104,asm03410011040019001,Page 19,Clipper cruises to Latin America,,,,,,,,,,,,,,,,,,,,
asm0341001104,asm03410011040020001,Page 20,Clipper cruises to Latin America,,,,,,,,,,,,,,,,,,,,
asm0341001104,asm03410011040021001,Page 21,Clipper cruises to Latin America,,,,,,,,,,,,,,,,,,,,
asm0341001104,asm03410011040022001,Page 22,Clipper cruises to Latin America,,,,,,,,,,,,,,,,,,,,
asm0341001104,asm03410011040023001,Page 23,Clipper cruises to Latin America,,,,,,,,,,,,,,,,,,,,
asm0341001104,asm03410011040024001,Page 24,Clipper cruises to Latin America,,,,,,,,,,,,,,,,,,,,
asm0341001104,asm03410011040025001,Page 25,Clipper cruises to Latin America,,,,,,,,,,,,,,,,,,,,
asm0341001104,asm03410011040026001,Page 26,Clipper cruises to Latin America,,,,,,,,,,,,,,,,,,,,
asm0341001104,asm03410011040027001,Page 27,Clipper cruises to Latin America,,,,,,,,,,,,,,,,,,,,
asm0341001104,asm03410011040028001,Page 28,Clipper cruises to Latin America,,,,,,,,,,,,,,,,,,,,
asm0341001104,asm03410011040029001,Page 29,Clipper cruises to Latin America,,,,,,,,,,,,,,,,,,,,
asm0341001104,asm03410011040030001,Page 30,Clipper cruises to Latin America,,,,,,,,,,,,,,,,,,,,
asm0341001104,asm03410011040031001,Page 31,Clipper cruises to Latin America,,,,,,,,,,,,,,,,,,,,
asm0341001104,asm03410011040032001,Page 32,Clipper cruises to Latin America,,,,,,,,,,,,,,,,,,,,
asm0341001105,,Clipper cruises to Latin America ; Mexico - Caribbean - Central & South America,Clipper cruises to Latin America ; Mexico - Caribbean - Central & South America,,"Exprinter Travel Services, Inc.",,,,,Promotional materials; Booklets;,,,,,Latin America; Mexico; Caribbean Area; Central America; South America,eng,University of Miami. Library. Special Collections,"Pan American World Airways, Inc. records",ASM0341,Printed Materials: Brochures and Booklets: Destinations,Box No. 1 of 1; Box Title: Brochures and Booklets: Destinations; Folder No. 11; Folder Title: Central and South America (4 of 4),"The copyright and related rights status of this material is unknown. The Pan Am brand remains under trademark. For additional information, please visit: https://digitalcollections.library.miami.edu/digital/custom/copyright-guidelines",http://rightsstatements.org/vocab/UND/1.0/
asm0341001105,asm03410011050001001,Page 1,Clipper cruises to Latin America ; Mexico - Caribbean - Central & South America,,,,,,,,,,,,,,,,,,,,
asm0341001105,asm03410011050002001,Page 2,Clipper cruises to Latin America ; Mexico - Caribbean - Central & South America,,,,,,,,,,,,,,,,,,,,
asm0341001105,asm03410011050003001,Page 3,Clipper cruises to Latin America ; Mexico - Caribbean - Central & South America,,,,,,,,,,,,,,,,,,,,
asm0341001105,asm03410011050004001,Page 4,Clipper cruises to Latin America ; Mexico - Caribbean - Central & South America,,,,,,,,,,,,,,,,,,,,
asm0341001105,asm03410011050005001,Page 5,Clipper cruises to Latin America ; Mexico - Caribbean - Central & South America,,,,,,,,,,,,,,,,,,,,
asm0341001105,asm03410011050006001,Page 6,Clipper cruises to Latin America ; Mexico - Caribbean - Central & South America,,,,,,,,,,,,,,,,,,,,
asm0341001105,asm03410011050007001,Page 7,Clipper cruises to Latin America ; Mexico - Caribbean - Central & South America,,,,,,,,,,,,,,,,,,,,
asm0341001105,asm03410011050008001,Page 8,Clipper cruises to Latin America ; Mexico - Caribbean - Central & South America,,,,,,,,,,,,,,,,,,,,
asm0341001105,asm03410011050009001,Page 9,Clipper cruises to Latin America ; Mexico - Caribbean - Central & South America,,,,,,,,,,,,,,,,,,,,
asm0341001105,asm03410011050010001,Page 10,Clipper cruises to Latin America ; Mexico - Caribbean - Central & South America,,,,,,,,,,,,,,,,,,,,
asm0341001105,asm03410011050011001,Page 11,Clipper cruises to Latin America ; Mexico - Caribbean - Central & South America,,,,,,,,,,,,,,,,,,,,
asm0341001105,asm03410011050012001,Page 12,Clipper cruises to Latin America ; Mexico - Caribbean - Central & South America,,,,,,,,,,,,,,,,,,,,
asm0341001105,asm03410011050013001,Page 13,Clipper cruises to Latin America ; Mexico - Caribbean - Central & South America,,,,,,,,,,,,,,,,,,,,
asm0341001105,asm03410011050014001,Page 14,Clipper cruises to Latin America ; Mexico - Caribbean - Central & South America,,,,,,,,,,,,,,,,,,,,
asm0341001105,asm03410011050015001,Page 15,Clipper cruises to Latin America ; Mexico - Caribbean - Central & South America,,,,,,,,,,,,,,,,,,,,
asm0341001105,asm03410011050016001,Page 16,Clipper cruises to Latin America ; Mexico - Caribbean - Central & South America,,,,,,,,,,,,,,,,,,,,
asm0341001105,asm03410011050017001,Page 17,Clipper cruises to Latin America ; Mexico - Caribbean - Central & South America,,,,,,,,,,,,,,,,,,,,
asm0341001105,asm03410011050018001,Page 18,Clipper cruises to Latin America ; Mexico - Caribbean - Central & South America,,,,,,,,,,,,,,,,,,,,
asm0341001105,asm03410011050019001,Page 19,Clipper cruises to Latin America ; Mexico - Caribbean - Central & South America,,,,,,,,,,,,,,,,,,,,
asm0341001105,asm03410011050020001,Page 20,Clipper cruises to Latin America ; Mexico - Caribbean - Central & South America,,,,,,,,,,,,,,,,,,,,
asm0341001105,asm03410011050021001,Page 21,Clipper cruises to Latin America ; Mexico - Caribbean - Central & South America,,,,,,,,,,,,,,,,,,,,
asm0341001105,asm03410011050022001,Page 22,Clipper cruises to Latin America ; Mexico - Caribbean - Central & South America,,,,,,,,,,,,,,,,,,,,
asm0341001105,asm03410011050023001,Page 23,Clipper cruises to Latin America ; Mexico - Caribbean - Central & South America,,,,,,,,,,,,,,,,,,,,
asm0341001105,asm03410011050024001,Page 24,Clipper cruises to Latin America ; Mexico - Caribbean - Central & South America,,,,,,,,,,,,,,,,,,,,
asm0341001105,asm03410011050025001,Page 25,Clipper cruises to Latin America ; Mexico - Caribbean - Central & South America,,,,,,,,,,,,,,,,,,,,
asm0341001105,asm03410011050026001,Page 26,Clipper cruises to Latin America ; Mexico - Caribbean - Central & South America,,,,,,,,,,,,,,,,,,,,
asm0341001105,asm03410011050027001,Page 27,Clipper cruises to Latin America ; Mexico - Caribbean - Central & South America,,,,,,,,,,,,,,,,,,,,
asm0341001105,asm03410011050028001,Page 28,Clipper cruises to Latin America ; Mexico - Caribbean - Central & South America,,,,,,,,,,,,,,,,,,,,
asm0341001105,asm03410011050029001,Page 29,Clipper cruises to Latin America ; Mexico - Caribbean - Central & South America,,,,,,,,,,,,,,,,,,,,
asm0341001105,asm03410011050030001,Page 30,Clipper cruises to Latin America ; Mexico - Caribbean - Central & South America,,,,,,,,,,,,,,,,,,,,
asm0341001105,asm03410011050031001,Page 31,Clipper cruises to Latin America ; Mexico - Caribbean - Central & South America,,,,,,,,,,,,,,,,,,,,
asm0341001105,asm03410011050032001,Page 32,Clipper cruises to Latin America ; Mexico - Caribbean - Central & South America,,,,,,,,,,,,,,,,,,,,
asm0341001106,,Top-flight hotels in Latin America,Top-flight hotels in Latin America,,Inter-Continental Hotels and Resorts,,,,,Promotional materials; Brochures;,,,,,Latin America,eng,University of Miami. Library. Special Collections,"Pan American World Airways, Inc. records",ASM0341,Printed Materials: Brochures and Booklets: Destinations,Box No. 1 of 1; Box Title: Brochures and Booklets: Destinations; Folder No. 11; Folder Title: Central and South America (4 of 4),"The copyright and related rights status of this material is unknown. The Pan Am brand remains under trademark. For additional information, please visit: https://digitalcollections.library.miami.edu/digital/custom/copyright-guidelines",http://rightsstatements.org/vocab/UND/1.0/
asm0341001106,asm03410011060001001,Page 1,Top-flight hotels in Latin America,,,,,,,,,,,,,,,,,,,,
asm0341001106,asm03410011060002001,Page 2,Top-flight hotels in Latin America,,,,,,,,,,,,,,,,,,,,
asm0341001106,asm03410011060003001,Page 3,Top-flight hotels in Latin America,,,,,,,,,,,,,,,,,,,,
asm0341001106,asm03410011060004001,Page 4,Top-flight hotels in Latin America,,,,,,,,,,,,,,,,,,,,
asm0341001106,asm03410011060005001,Page 5,Top-flight hotels in Latin America,,,,,,,,,,,,,,,,,,,,
asm0341001106,asm03410011060006001,Page 6,Top-flight hotels in Latin America,,,,,,,,,,,,,,,,,,,,
asm0341001106,asm03410011060007001,Page 7,Top-flight hotels in Latin America,,,,,,,,,,,,,,,,,,,,
asm0341001106,asm03410011060008001,Page 8,Top-flight hotels in Latin America,,,,,,,,,,,,,,,,,,,,
asm0341001106,asm03410011060009001,Page 9,Top-flight hotels in Latin America,,,,,,,,,,,,,,,,,,,,
asm0341001106,asm03410011060010001,Page 10,Top-flight hotels in Latin America,,,,,,,,,,,,,,,,,,,,
asm0341001106,asm03410011060011001,Page 11,Top-flight hotels in Latin America,,,,,,,,,,,,,,,,,,,,
asm0341001106,asm03410011060012001,Page 12,Top-flight hotels in Latin America,,,,,,,,,,,,,,,,,,,,
asm0341001106,asm03410011060013001,Page 13,Top-flight hotels in Latin America,,,,,,,,,,,,,,,,,,,,
asm0341001106,asm03410011060014001,Page 14,Top-flight hotels in Latin America,,,,,,,,,,,,,,,,,,,,
asm0341001107,,Clipper cruises to Latin America,Clipper cruises to Latin America,,"Exprinter Travel Services, Inc.",,,,,Promotional materials; Booklets;,,,,,Latin America,eng,University of Miami. Library. Special Collections,"Pan American World Airways, Inc. records",ASM0341,Printed Materials: Brochures and Booklets: Destinations,Box No. 1 of 1; Box Title: Brochures and Booklets: Destinations; Folder No. 11; Folder Title: Central and South America (4 of 4),"The copyright and related rights status of this material is unknown. The Pan Am brand remains under trademark. For additional information, please visit: https://digitalcollections.library.miami.edu/digital/custom/copyright-guidelines",http://rightsstatements.org/vocab/UND/1.0/
asm0341001107,asm03410011070001001,Page 1,Clipper cruises to Latin America,,,,,,,,,,,,,,,,,,,,
asm0341001107,asm03410011070002001,Page 2,Clipper cruises to Latin America,,,,,,,,,,,,,,,,,,,,
asm0341001107,asm03410011070003001,Page 3,Clipper cruises to Latin America,,,,,,,,,,,,,,,,,,,,
asm0341001107,asm03410011070004001,Page 4,Clipper cruises to Latin America,,,,,,,,,,,,,,,,,,,,
asm0341001107,asm03410011070005001,Page 5,Clipper cruises to Latin America,,,,,,,,,,,,,,,,,,,,
asm0341001107,asm03410011070006001,Page 6,Clipper cruises to Latin America,,,,,,,,,,,,,,,,,,,,
asm0341001107,asm03410011070007001,Page 7,Clipper cruises to Latin America,,,,,,,,,,,,,,,,,,,,
asm0341001107,asm03410011070008001,Page 8,Clipper cruises to Latin America,,,,,,,,,,,,,,,,,,,,
asm0341001107,asm03410011070009001,Page 9,Clipper cruises to Latin America,,,,,,,,,,,,,,,,,,,,
asm0341001107,asm03410011070010001,Page 10,Clipper cruises to Latin America,,,,,,,,,,,,,,,,,,,,
asm0341001107,asm03410011070011001,Page 11,Clipper cruises to Latin America,,,,,,,,,,,,,,,,,,,,
asm0341001107,asm03410011070012001,Page 12,Clipper cruises to Latin America,,,,,,,,,,,,,,,,,,,,
asm0341001107,asm03410011070013001,Page 13,Clipper cruises to Latin America,,,,,,,,,,,,,,,,,,,,
asm0341001107,asm03410011070014001,Page 14,Clipper cruises to Latin America,,,,,,,,,,,,,,,,,,,,
asm0341001107,asm03410011070015001,Page 15,Clipper cruises to Latin America,,,,,,,,,,,,,,,,,,,,
asm0341001107,asm03410011070016001,Page 16,Clipper cruises to Latin America,,,,,,,,,,,,,,,,,,,,
asm0341001107,asm03410011070017001,Page 17,Clipper cruises to Latin America,,,,,,,,,,,,,,,,,,,,
asm0341001107,asm03410011070018001,Page 18,Clipper cruises to Latin America,,,,,,,,,,,,,,,,,,,,
asm0341001107,asm03410011070019001,Page 19,Clipper cruises to Latin America,,,,,,,,,,,,,,,,,,,,
asm0341001107,asm03410011070020001,Page 20,Clipper cruises to Latin America,,,,,,,,,,,,,,,,,,,,
asm0341001107,asm03410011070021001,Page 21,Clipper cruises to Latin America,,,,,,,,,,,,,,,,,,,,
asm0341001107,asm03410011070022001,Page 22,Clipper cruises to Latin America,,,,,,,,,,,,,,,,,,,,
asm0341001107,asm03410011070023001,Page 23,Clipper cruises to Latin America,,,,,,,,,,,,,,,,,,,,
asm0341001107,asm03410011070024001,Page 24,Clipper cruises to Latin America,,,,,,,,,,,,,,,,,,,,
asm0341001107,asm03410011070025001,Page 25,Clipper cruises to Latin America,,,,,,,,,,,,,,,,,,,,
asm0341001107,asm03410011070026001,Page 26,Clipper cruises to Latin America,,,,,,,,,,,,,,,,,,,,
asm0341001107,asm03410011070027001,Page 27,Clipper cruises to Latin America,,,,,,,,,,,,,,,,,,,,
asm0341001107,asm03410011070028001,Page 28,Clipper cruises to Latin America,,,,,,,,,,,,,,,,,,,,
asm0341001107,asm03410011070029001,Page 29,Clipper cruises to Latin America,,,,,,,,,,,,,,,,,,,,
asm0341001107,asm03410011070030001,Page 30,Clipper cruises to Latin America,,,,,,,,,,,,,,,,,,,,
asm0341001107,asm03410011070031001,Page 31,Clipper cruises to Latin America,,,,,,,,,,,,,,,,,,,,
asm0341001107,asm03410011070032001,Page 32,Clipper cruises to Latin America,,,,,,,,,,,,,,,,,,,,
asm0341001108,,South America : Pan Am's world tours,South America : Pan Am's world tours,,"Pan American World Airways, Inc.",,,,,Promotional materials;,,,,,South America,eng,University of Miami. Library. Special Collections,"Pan American World Airways, Inc. records",ASM0341,Printed Materials: Brochures and Booklets: Destinations,Box No. 1 of 1; Box Title: Brochures and Booklets: Destinations; Folder No. 11; Folder Title: Central and South America (4 of 4),"The copyright and related rights status of this material is unknown. The Pan Am brand remains under trademark. For additional information, please visit: https://digitalcollections.library.miami.edu/digital/custom/copyright-guidelines",http://rightsstatements.org/vocab/UND/1.0/
asm0341001108,asm03410011080001001,Page 1,South America : Pan Am's world tours,,,,,,,,,,,,,,,,,,,,
asm0341001108,asm03410011080002001,Page 2,South America : Pan Am's world tours,,,,,,,,,,,,,,,,,,,,
asm0341001108,asm03410011080003001,Page 3,South America : Pan Am's world tours,,,,,,,,,,,,,,,,,,,,
asm0341001108,asm03410011080004001,Page 4,South America : Pan Am's world tours,,,,,,,,,,,,,,,,,,,,
asm0341001108,asm03410011080005001,Page 5,South America : Pan Am's world tours,,,,,,,,,,,,,,,,,,,,
asm0341001108,asm03410011080006001,Page 6,South America : Pan Am's world tours,,,,,,,,,,,,,,,,,,,,
asm0341001108,asm03410011080007001,Page 7,South America : Pan Am's world tours,,,,,,,,,,,,,,,,,,,,
asm0341001108,asm03410011080008001,Page 8,South America : Pan Am's world tours,,,,,,,,,,,,,,,,,,,,
asm0341001108,asm03410011080009001,Page 9,South America : Pan Am's world tours,,,,,,,,,,,,,,,,,,,,
asm0341001108,asm03410011080010001,Page 10,South America : Pan Am's world tours,,,,,,,,,,,,,,,,,,,,
asm0341001108,asm03410011080011001,Page 11,South America : Pan Am's world tours,,,,,,,,,,,,,,,,,,,,
asm0341001108,asm03410011080012001,Page 12,South America : Pan Am's world tours,,,,,,,,,,,,,,,,,,,,
asm0341001108,asm03410011080013001,Page 13,South America : Pan Am's world tours,,,,,,,,,,,,,,,,,,,,
asm0341001108,asm03410011080014001,Page 14,South America : Pan Am's world tours,,,,,,,,,,,,,,,,,,,,
asm0341001108,asm03410011080015001,Page 15,South America : Pan Am's world tours,,,,,,,,,,,,,,,,,,,,
asm0341001108,asm03410011080016001,Page 16,South America : Pan Am's world tours,,,,,,,,,,,,,,,,,,,,
asm0341001108,asm03410011080017001,Page 17,South America : Pan Am's world tours,,,,,,,,,,,,,,,,,,,,
asm0341001108,asm03410011080018001,Page 18,South America : Pan Am's world tours,,,,,,,,,,,,,,,,,,,,
asm0341001108,asm03410011080019001,Page 19,South America : Pan Am's world tours,,,,,,,,,,,,,,,,,,,,
asm0341001108,asm03410011080020001,Page 20,South America : Pan Am's world tours,,,,,,,,,,,,,,,,,,,,
asm0341001108,asm03410011080021001,Page 21,South America : Pan Am's world tours,,,,,,,,,,,,,,,,,,,,
asm0341001108,asm03410011080022001,Page 22,South America : Pan Am's world tours,,,,,,,,,,,,,,,,,,,,
asm0341001108,asm03410011080023001,Page 23,South America : Pan Am's world tours,,,,,,,,,,,,,,,,,,,,
asm0341001108,asm03410011080024001,Page 24,South America : Pan Am's world tours,,,,,,,,,,,,,,,,,,,,
asm0341001109,,Pan Am : the #1 bird to Latin America,Pan Am : the #1 bird to Latin America,,"Pan American World Airways, Inc.",,,,,Promotional materials; Brochures;,,,,,Latin America,eng,University of Miami. Library. Special Collections,"Pan American World Airways, Inc. records",ASM0341,Printed Materials: Brochures and Booklets: Destinations,Box No. 1 of 1; Box Title: Brochures and Booklets: Destinations; Folder No. 11; Folder Title: Central and South America (4 of 4),"The copyright and related rights status of this material is unknown. The Pan Am brand remains under trademark. For additional information, please visit: https://digitalcollections.library.miami.edu/digital/custom/copyright-guidelines",http://rightsstatements.org/vocab/UND/1.0/
asm0341001109,asm03410011090001001,Page 1,Pan Am : the #1 bird to Latin America,,,,,,,,,,,,,,,,,,,,
asm0341001109,asm03410011090002001,Page 2,Pan Am : the #1 bird to Latin America,,,,,,,,,,,,,,,,,,,,
asm0341001110,,Central America : Pan Am's world tours,Central America : Pan Am's world tours,,"Pan American World Airways, Inc.",,,,,Promotional materials;,,1979,,1970-1979,Central America,eng,University of Miami. Library. Special Collections,"Pan American World Airways, Inc. records",ASM0341,Printed Materials: Brochures and Booklets: Destinations,Box No. 1 of 1; Box Title: Brochures and Booklets: Destinations; Folder No. 11; Folder Title: Central and South America (4 of 4),"This material is protected by copyright. Use for education purposes is permitted. Copyright was originally held by Pan American World Airways, Inc., but was transferred to the University of Miami. The Pan Am brand remains under trademark. For additional information, please visit: https://digitalcollections.library.miami.edu/digital/custom/copyright-guidelines",http://rightsstatements.org/vocab/InC-EDU/1.0/
asm0341001110,asm03410011100001001,Page 1,Central America : Pan Am's world tours,,,,,,,,,,,,,,,,,,,,
asm0341001110,asm03410011100002001,Page 2,Central America : Pan Am's world tours,,,,,,,,,,,,,,,,,,,,
asm0341001110,asm03410011100003001,Page 3,Central America : Pan Am's world tours,,,,,,,,,,,,,,,,,,,,
asm0341001110,asm03410011100004001,Page 4,Central America : Pan Am's world tours,,,,,,,,,,,,,,,,,,,,
asm0341001110,asm03410011100005001,Page 5,Central America : Pan Am's world tours,,,,,,,,,,,,,,,,,,,,
asm0341001110,asm03410011100006001,Page 6,Central America : Pan Am's world tours,,,,,,,,,,,,,,,,,,,,
asm0341001110,asm03410011100007001,Page 7,Central America : Pan Am's world tours,,,,,,,,,,,,,,,,,,,,
asm0341001110,asm03410011100008001,Page 8,Central America : Pan Am's world tours,,,,,,,,,,,,,,,,,,,,
asm0341001110,asm03410011100009001,Page 9,Central America : Pan Am's world tours,,,,,,,,,,,,,,,,,,,,
asm0341001110,asm03410011100010001,Page 10,Central America : Pan Am's world tours,,,,,,,,,,,,,,,,,,,,
asm0341001110,asm03410011100011001,Page 11,Central America : Pan Am's world tours,,,,,,,,,,,,,,,,,,,,
asm0341001110,asm03410011100012001,Page 12,Central America : Pan Am's world tours,,,,,,,,,,,,,,,,,,,,
asm0341001110,asm03410011100013001,Page 13,Central America : Pan Am's world tours,,,,,,,,,,,,,,,,,,,,
asm0341001110,asm03410011100014001,Page 14,Central America : Pan Am's world tours,,,,,,,,,,,,,,,,,,,,
asm0341001110,asm03410011100015001,Page 15,Central America : Pan Am's world tours,,,,,,,,,,,,,,,,,,,,
asm0341001110,asm03410011100016001,Page 16,Central America : Pan Am's world tours,,,,,,,,,,,,,,,,,,,,
asm0341001110,asm03410011100017001,Page 17,Central America : Pan Am's world tours,,,,,,,,,,,,,,,,,,,,
asm0341001110,asm03410011100018001,Page 18,Central America : Pan Am's world tours,,,,,,,,,,,,,,,,,,,,
asm0341001110,asm03410011100019001,Page 19,Central America : Pan Am's world tours,,,,,,,,,,,,,,,,,,,,
asm0341001110,asm03410011100020001,Page 20,Central America : Pan Am's world tours,,,,,,,,,,,,,,,,,,,,
asm0341001110,asm03410011100021001,Page 21,Central America : Pan Am's world tours,,,,,,,,,,,,,,,,,,,,
asm0341001110,asm03410011100022001,Page 22,Central America : Pan Am's world tours,,,,,,,,,,,,,,,,,,,,
asm0341001110,asm03410011100023001,Page 23,Central America : Pan Am's world tours,,,,,,,,,,,,,,,,,,,,
asm0341001110,asm03410011100024001,Page 24,Central America : Pan Am's world tours,,,,,,,,,,,,,,,,,,,,
asm0341001111,,Wealth of the other Americas,Wealth of the other Americas,,"Pan American World Airways, Inc.",,,,,Promotional materials;,,1945,,,Latin America; Mexico; Cuba; Central America; West Indies,eng,University of Miami. Library. Special Collections,"Pan American World Airways, Inc. records",ASM0341,Printed Materials: Brochures and Booklets: Destinations,Box No. 1 of 1; Box Title: Brochures and Booklets: Destinations; Folder No. 12; Folder Title: Europe (1 of 6),"The copyright and related rights status of this material is unknown. The Pan Am brand remains under trademark. For additional information, please visit: https://digitalcollections.library.miami.edu/digital/custom/copyright-guidelines",http://rightsstatements.org/vocab/UND/1.0/
asm0341001111,asm03410011110001001,Page 1,Wealth of the other Americas,,,,,,,,,,,,,,,,,,,,
asm0341001111,asm03410011110002001,Page 2,Wealth of the other Americas,,,,,,,,,,,,,,,,,,,,
asm0341001111,asm03410011110003001,Page 3,Wealth of the other Americas,,,,,,,,,,,,,,,,,,,,
asm0341001111,asm03410011110004001,Page 4,Wealth of the other Americas,,,,,,,,,,,,,,,,,,,,
asm0341001111,asm03410011110005001,Page 5,Wealth of the other Americas,,,,,,,,,,,,,,,,,,,,
asm0341001111,asm03410011110006001,Page 6,Wealth of the other Americas,,,,,,,,,,,,,,,,,,,,
asm0341001111,asm03410011110007001,Page 7,Wealth of the other Americas,,,,,,,,,,,,,,,,,,,,
asm0341001111,asm03410011110008001,Page 8,Wealth of the other Americas,,,,,,,,,,,,,,,,,,,,
asm0341001111,asm03410011110009001,Page 9,Wealth of the other Americas,,,,,,,,,,,,,,,,,,,,
asm0341001111,asm03410011110010001,Page 10,Wealth of the other Americas,,,,,,,,,,,,,,,,,,,,
asm0341001111,asm03410011110011001,Page 11,Wealth of the other Americas,,,,,,,,,,,,,,,,,,,,
asm0341001111,asm03410011110012001,Page 12,Wealth of the other Americas,,,,,,,,,,,,,,,,,,,,
asm0341001111,asm03410011110013001,Page 13,Wealth of the other Americas,,,,,,,,,,,,,,,,,,,,
asm0341001111,asm03410011110014001,Page 14,Wealth of the other Americas,,,,,,,,,,,,,,,,,,,,
asm0341001111,asm03410011110015001,Page 15,Wealth of the other Americas,,,,,,,,,,,,,,,,,,,,
asm0341001111,asm03410011110016001,Page 16,Wealth of the other Americas,,,,,,,,,,,,,,,,,,,,
asm0341001111,asm03410011110017001,Page 17,Wealth of the other Americas,,,,,,,,,,,,,,,,,,,,
asm0341001111,asm03410011110018001,Page 18,Wealth of the other Americas,,,,,,,,,,,,,,,,,,,,
asm0341001111,asm03410011110019001,Page 19,Wealth of the other Americas,,,,,,,,,,,,,,,,,,,,
asm0341001111,asm03410011110020001,Page 20,Wealth of the other Americas,,,,,,,,,,,,,,,,,,,,
asm0341001111,asm03410011110021001,Page 21,Wealth of the other Americas,,,,,,,,,,,,,,,,,,,,
asm0341001111,asm03410011110022001,Page 22,Wealth of the other Americas,,,,,,,,,,,,,,,,,,,,
asm0341001111,asm03410011110023001,Page 23,Wealth of the other Americas,,,,,,,,,,,,,,,,,,,,
asm0341001111,asm03410011110024001,Page 24,Wealth of the other Americas,,,,,,,,,,,,,,,,,,,,
asm0341001111,asm03410011110025001,Page 25,Wealth of the other Americas,,,,,,,,,,,,,,,,,,,,
asm0341001111,asm03410011110026001,Page 26,Wealth of the other Americas,,,,,,,,,,,,,,,,,,,,
asm0341001111,asm03410011110027001,Page 27,Wealth of the other Americas,,,,,,,,,,,,,,,,,,,,
asm0341001111,asm03410011110028001,Page 28,Wealth of the other Americas,,,,,,,,,,,,,,,,,,,,
asm0341001111,asm03410011110029001,Page 29,Wealth of the other Americas,,,,,,,,,,,,,,,,,,,,
asm0341001111,asm03410011110030001,Page 30,Wealth of the other Americas,,,,,,,,,,,,,,,,,,,,
asm0341001111,asm03410011110031001,Page 31,Wealth of the other Americas,,,,,,,,,,,,,,,,,,,,
asm0341001111,asm03410011110032001,Page 32,Wealth of the other Americas,,,,,,,,,,,,,,,,,,,,
asm0341001111,asm03410011110033001,Page 33,Wealth of the other Americas,,,,,,,,,,,,,,,,,,,,
asm0341001111,asm03410011110034001,Page 34,Wealth of the other Americas,,,,,,,,,,,,,,,,,,,,
asm0341001111,asm03410011110035001,Page 35,Wealth of the other Americas,,,,,,,,,,,,,,,,,,,,
asm0341001111,asm03410011110036001,Page 36,Wealth of the other Americas,,,,,,,,,,,,,,,,,,,,
asm0341001111,asm03410011110037001,Page 37,Wealth of the other Americas,,,,,,,,,,,,,,,,,,,,
asm0341001111,asm03410011110038001,Page 38,Wealth of the other Americas,,,,,,,,,,,,,,,,,,,,
asm0341001111,asm03410011110039001,Page 39,Wealth of the other Americas,,,,,,,,,,,,,,,,,,,,
asm0341001111,asm03410011110040001,Page 40,Wealth of the other Americas,,,,,,,,,,,,,,,,,,,,
asm0341001112,,"France, Belgium, the Netherlands, Switzerland, Luxembourg via Pan Am World airways","France, Belgium, the Netherlands, Switzerland, Luxembourg via Pan Am World airways",,"Pan American World Airways, Inc.",,,,,Promotional materials; Brochures;,,1946,,1940-1949,France; Belgium; Netherlands; Switzerland; Luxembourg,eng,University of Miami. Library. Special Collections,"Pan American World Airways, Inc. records",ASM0341,Printed Materials: Brochures and Booklets: Destinations,Box No. 1 of 1; Box Title: Brochures and Booklets: Destinations; Folder No. 12; Folder Title: Europe (1 of 6),"This material is protected by copyright. Use for education purposes is permitted. Copyright was originally held by Pan American World Airways, Inc., but was transferred to the University of Miami. The Pan Am brand remains under trademark. For additional information, please visit: https://digitalcollections.library.miami.edu/digital/custom/copyright-guidelines",http://rightsstatements.org/vocab/InC-EDU/1.0/
asm0341001112,asm03410011120001001,Page 1,"France, Belgium, the Netherlands, Switzerland, Luxembourg via Pan Am World airways",,,,,,,,,,,,,,,,,,,,
asm0341001112,asm03410011120002001,Page 2,"France, Belgium, the Netherlands, Switzerland, Luxembourg via Pan Am World airways",,,,,,,,,,,,,,,,,,,,
asm0341001113,,Paris et France,Paris et France,,"Pan American World Airways, Inc.",,,,,Promotional materials; Brochures; Tourist maps;,,1954,,1950-1959,Paris (France); France,eng,University of Miami. Library. Special Collections,"Pan American World Airways, Inc. records",ASM0341,Printed Materials: Brochures and Booklets: Destinations,Box No. 1 of 1; Box Title: Brochures and Booklets: Destinations; Folder No. 12; Folder Title: Europe (1 of 6),"This material is protected by copyright. Use for education purposes is permitted. Copyright was originally held by Pan American World Airways, Inc., but was transferred to the University of Miami. The Pan Am brand remains under trademark. For additional information, please visit: https://digitalcollections.library.miami.edu/digital/custom/copyright-guidelines",http://rightsstatements.org/vocab/InC-EDU/1.0/
asm0341001113,asm03410011130001001,Page 1,Paris et France,,,,,,,,,,,,,,,,,,,,
asm0341001113,asm03410011130002001,Page 2,Paris et France,,,,,,,,,,,,,,,,,,,,
asm0341001113,asm03410011130003001,Page 3,Paris et France,,,,,,,,,,,,,,,,,,,,
asm0341001113,asm03410011130004001,Page 4,Paris et France,,,,,,,,,,,,,,,,,,,,
asm0341001113,asm03410011130005001,Page 5,Paris et France,,,,,,,,,,,,,,,,,,,,
asm0341001113,asm03410011130006001,Page 6,Paris et France,,,,,,,,,,,,,,,,,,,,
asm0341001114,,Paris et France,Paris et France,,"Pan American World Airways, Inc.",,,,,Promotional materials; Brochures; Tourist maps;,,1953,,1950-1959,Paris (France); France,eng,University of Miami. Library. Special Collections,"Pan American World Airways, Inc. records",ASM0341,Printed Materials: Brochures and Booklets: Destinations,Box No. 1 of 1; Box Title: Brochures and Booklets: Destinations; Folder No. 12; Folder Title: Europe (1 of 6),"This material is protected by copyright. Use for education purposes is permitted. Copyright was originally held by Pan American World Airways, Inc., but was transferred to the University of Miami. The Pan Am brand remains under trademark. For additional information, please visit: https://digitalcollections.library.miami.edu/digital/custom/copyright-guidelines",http://rightsstatements.org/vocab/InC-EDU/1.0/
asm0341001114,asm03410011140001001,Page 1,Paris et France,,,,,,,,,,,,,,,,,,,,
asm0341001114,asm03410011140002001,Page 2,Paris et France,,,,,,,,,,,,,,,,,,,,
asm0341001114,asm03410011140003001,Page 3,Paris et France,,,,,,,,,,,,,,,,,,,,
asm0341001114,asm03410011140004001,Page 4,Paris et France,,,,,,,,,,,,,,,,,,,,
asm0341001114,asm03410011140005001,Page 5,Paris et France,,,,,,,,,,,,,,,,,,,,
asm0341001114,asm03410011140006001,Page 6,Paris et France,,,,,,,,,,,,,,,,,,,,
asm0341001115,,Great Britain and Ireland via Pan American World Airways,Great Britain and Ireland via Pan American World Airways,,"Pan American World Airways, Inc.",,,,,Promotional materials; Brochures;,,1946,,1940-1949,Great Britain; Ireland,eng,University of Miami. Library. Special Collections,"Pan American World Airways, Inc. records",ASM0341,Printed Materials: Brochures and Booklets: Destinations,Box No. 1 of 1; Box Title: Brochures and Booklets: Destinations; Folder No. 12; Folder Title: Europe (1 of 6),"This material is protected by copyright. Use for education purposes is permitted. Copyright was originally held by Pan American World Airways, Inc., but was transferred to the University of Miami. The Pan Am brand remains under trademark. For additional information, please visit: https://digitalcollections.library.miami.edu/digital/custom/copyright-guidelines",http://rightsstatements.org/vocab/InC-EDU/1.0/
asm0341001115,asm03410011150001001,Page 1,Great Britain and Ireland via Pan American World Airways,,,,,,,,,,,,,,,,,,,,
asm0341001115,asm03410011150002001,Page 2,Great Britain and Ireland via Pan American World Airways,,,,,,,,,,,,,,,,,,,,
asm0341001116,,Here's how you can take an air trip around Europe,Here's how you can take an air trip around Europe,,"Pan American World Airways, Inc.",,,,,Promotional materials; Brochures;,,1953,,1950-1959,Europe,eng,University of Miami. Library. Special Collections,"Pan American World Airways, Inc. records",ASM0341,Printed Materials: Brochures and Booklets: Destinations,Box No. 1 of 1; Box Title: Brochures and Booklets: Destinations; Folder No. 12; Folder Title: Europe (1 of 6),"This material is protected by copyright. Use for education purposes is permitted. Copyright was originally held by Pan American World Airways, Inc., but was transferred to the University of Miami. The Pan Am brand remains under trademark. For additional information, please visit: https://digitalcollections.library.miami.edu/digital/custom/copyright-guidelines",http://rightsstatements.org/vocab/InC-EDU/1.0/
asm0341001116,asm03410011160001001,Page 1,Here's how you can take an air trip around Europe,,,,,,,,,,,,,,,,,,,,
asm0341001116,asm03410011160002001,Page 2,Here's how you can take an air trip around Europe,,,,,,,,,,,,,,,,,,,,
asm0341001116,asm03410011160003001,Page 3,Here's how you can take an air trip around Europe,,,,,,,,,,,,,,,,,,,,
asm0341001117,,Now... non-stop sleeper service ...daily between New York and London,Now... non-stop sleeper service ...daily between New York and London,,"Pan American World Airways, Inc.",,,,,Promotional materials; Brochures;,,,,,New York (N.Y.); London (England),eng,University of Miami. Library. Special Collections,"Pan American World Airways, Inc. records",ASM0341,Printed Materials: Brochures and Booklets: Destinations,Box No. 1 of 1; Box Title: Brochures and Booklets: Destinations; Folder No. 12; Folder Title: Europe (1 of 6),"The copyright and related rights status of this material is unknown. The Pan Am brand remains under trademark. For additional information, please visit: https://digitalcollections.library.miami.edu/digital/custom/copyright-guidelines",http://rightsstatements.org/vocab/UND/1.0/
asm0341001117,asm03410011170001001,Page 1,Now... non-stop sleeper service ...daily between New York and London,,,,,,,,,,,,,,,,,,,,
asm0341001117,asm03410011170002001,Page 2,Now... non-stop sleeper service ...daily between New York and London,,,,,,,,,,,,,,,,,,,,
asm0341001117,asm03410011170003001,Page 3,Now... non-stop sleeper service ...daily between New York and London,,,,,,,,,,,,,,,,,,,,
asm0341001117,asm03410011170004001,Page 4,Now... non-stop sleeper service ...daily between New York and London,,,,,,,,,,,,,,,,,,,,
asm0341001118,,Irish eyes will be smiling when you visit the Emerald Isle by Clipper,Irish eyes will be smiling when you visit the Emerald Isle by Clipper,,"Pan American World Airways, Inc.",,,,,Promotional materials; Brochures;,,1948,,1940-1949,Ireland,eng,University of Miami. Library. Special Collections,"Pan American World Airways, Inc. records",ASM0341,Printed Materials: Brochures and Booklets: Destinations,Box No. 1 of 1; Box Title: Brochures and Booklets: Destinations; Folder No. 12; Folder Title: Europe (1 of 6),"This material is protected by copyright. Use for education purposes is permitted. Copyright was originally held by Pan American World Airways, Inc., but was transferred to the University of Miami. The Pan Am brand remains under trademark. For additional information, please visit: https://digitalcollections.library.miami.edu/digital/custom/copyright-guidelines",http://rightsstatements.org/vocab/InC-EDU/1.0/
asm0341001118,asm03410011180001001,Page 1,Irish eyes will be smiling when you visit the Emerald Isle by Clipper,,,,,,,,,,,,,,,,,,,,
asm0341001118,asm03410011180002001,Page 2,Irish eyes will be smiling when you visit the Emerald Isle by Clipper,,,,,,,,,,,,,,,,,,,,
asm0341001118,asm03410011180003001,Page 3,Irish eyes will be smiling when you visit the Emerald Isle by Clipper,,,,,,,,,,,,,,,,,,,,
asm0341001119,,Scandanavia and Finland are waiting to welcome you,Scandanavia and Finland are waiting to welcome you,,"Pan American World Airways, Inc.",,,,,Promotional materials; Brochures;,,1953,,1950-1959,Scandinavia; Denmark; Sweden; Norway; Finland,eng,University of Miami. Library. Special Collections,"Pan American World Airways, Inc. records",ASM0341,Printed Materials: Brochures and Booklets: Destinations,Box No. 1 of 1; Box Title: Brochures and Booklets: Destinations; Folder No. 12; Folder Title: Europe (1 of 6),"This material is protected by copyright. Use for education purposes is permitted. Copyright was originally held by Pan American World Airways, Inc., but was transferred to the University of Miami. The Pan Am brand remains under trademark. For additional information, please visit: https://digitalcollections.library.miami.edu/digital/custom/copyright-guidelines",http://rightsstatements.org/vocab/InC-EDU/1.0/
asm0341001119,asm03410011190001001,Page 1,Scandanavia and Finland are waiting to welcome you,,,,,,,,,,,,,,,,,,,,
asm0341001119,asm03410011190002001,Page 2,Scandanavia and Finland are waiting to welcome you,,,,,,,,,,,,,,,,,,,,
asm0341001119,asm03410011190003001,Page 3,Scandanavia and Finland are waiting to welcome you,,,,,,,,,,,,,,,,,,,,
asm0341001120,,Central and southeastern Europe via Pan American Airways,Central and southeastern Europe via Pan American Airways,,"Pan American World Airways, Inc.",,,,,Promotional materials; Brochures;,,1946,,1940-1949,"Europe, Central; Balkan Peninsula",eng,University of Miami. Library. Special Collections,"Pan American World Airways, Inc. records",ASM0341,Printed Materials: Brochures and Booklets: Destinations,Box No. 1 of 1; Box Title: Brochures and Booklets: Destinations; Folder No. 12; Folder Title: Europe (1 of 6),"This material is protected by copyright. Use for education purposes is permitted. Copyright was originally held by Pan American World Airways, Inc., but was transferred to the University of Miami. The Pan Am brand remains under trademark. For additional information, please visit: https://digitalcollections.library.miami.edu/digital/custom/copyright-guidelines",http://rightsstatements.org/vocab/InC-EDU/1.0/
asm0341001120,asm03410011200001001,Page 1,Central and southeastern Europe via Pan American Airways,,,,,,,,,,,,,,,,,,,,
asm0341001120,asm03410011200002001,Page 2,Central and southeastern Europe via Pan American Airways,,,,,,,,,,,,,,,,,,,,
asm0341001121,,How will you take part in the observance of Marian Year,How will you take part in the observance of Marian Year,,"Pan American World Airways, Inc.",,,,,Promotional materials; Brochures;,,1954,,1950-1959,,eng,University of Miami. Library. Special Collections,"Pan American World Airways, Inc. records",ASM0341,Printed Materials: Brochures and Booklets: Destinations,Box No. 1 of 1; Box Title: Brochures and Booklets: Destinations; Folder No. 12; Folder Title: Europe (1 of 6),"This material is protected by copyright. Use for education purposes is permitted. Copyright was originally held by Pan American World Airways, Inc., but was transferred to the University of Miami. The Pan Am brand remains under trademark. For additional information, please visit: https://digitalcollections.library.miami.edu/digital/custom/copyright-guidelines",http://rightsstatements.org/vocab/InC-EDU/1.0/
asm0341001121,asm03410011210001001,Page 1,How will you take part in the observance of Marian Year,,,,,,,,,,,,,,,,,,,,
asm0341001121,asm03410011210002001,Page 2,How will you take part in the observance of Marian Year,,,,,,,,,,,,,,,,,,,,
asm0341001121,asm03410011210003001,Page 3,How will you take part in the observance of Marian Year,,,,,,,,,,,,,,,,,,,,
asm0341001122,,Europe by bike and clipper,Europe by bike and clipper,,"Pan American World Airways, Inc.",,,,,Promotional materials; Brochures;,,,,,Europe,eng,University of Miami. Library. Special Collections,"Pan American World Airways, Inc. records",ASM0341,Printed Materials: Brochures and Booklets: Destinations,Box No. 1 of 1; Box Title: Brochures and Booklets: Destinations; Folder No. 12; Folder Title: Europe (1 of 6),"The copyright and related rights status of this material is unknown. The Pan Am brand remains under trademark. For additional information, please visit: https://digitalcollections.library.miami.edu/digital/custom/copyright-guidelines",http://rightsstatements.org/vocab/UND/1.0/
asm0341001122,asm03410011220001001,Page 1,Europe by bike and clipper,,,,,,,,,,,,,,,,,,,,
asm0341001122,asm03410011220002001,Page 2,Europe by bike and clipper,,,,,,,,,,,,,,,,,,,,
asm0341001123,,Paris and then to Rome,Paris and then to Rome,,"Pan American World Airways, Inc.",,,,,Promotional materials; Brochures;,,,,,Paris (France); Rome (Italy),eng,University of Miami. Library. Special Collections,"Pan American World Airways, Inc. records",ASM0341,Printed Materials: Brochures and Booklets: Destinations,Box No. 1 of 1; Box Title: Brochures and Booklets: Destinations; Folder No. 12; Folder Title: Europe (1 of 6),"The copyright and related rights status of this material is unknown. The Pan Am brand remains under trademark. For additional information, please visit: https://digitalcollections.library.miami.edu/digital/custom/copyright-guidelines",http://rightsstatements.org/vocab/UND/1.0/
asm0341001123,asm03410011230001001,Page 1,Paris and then to Rome,,,,,,,,,,,,,,,,,,,,
asm0341001123,asm03410011230002001,Page 2,Paris and then to Rome,,,,,,,,,,,,,,,,,,,,
asm0341001124,,European vacations,European vacations,,"Pan American World Airways, Inc.",,,,,Promotional materials; Brochures;,,,,,Europe,eng,University of Miami. Library. Special Collections,"Pan American World Airways, Inc. records",ASM0341,Printed Materials: Brochures and Booklets: Destinations,Box No. 1 of 1; Box Title: Brochures and Booklets: Destinations; Folder No. 12; Folder Title: Europe (1 of 6),"The copyright and related rights status of this material is unknown. The Pan Am brand remains under trademark. For additional information, please visit: https://digitalcollections.library.miami.edu/digital/custom/copyright-guidelines",http://rightsstatements.org/vocab/UND/1.0/
asm0341001124,asm03410011240001001,Page 1,European vacations,,,,,,,,,,,,,,,,,,,,
asm0341001124,asm03410011240002001,Page 2,European vacations,,,,,,,,,,,,,,,,,,,,
asm0341001124,asm03410011240003001,Page 3,European vacations,,,,,,,,,,,,,,,,,,,,
asm0341001125,,PAA Rainbow service to Europe,PAA Rainbow service to Europe,,"Pan American World Airways, Inc.",,,,,Promotional materials; Advertisements; Price lists;,,,,,Europe,eng,University of Miami. Library. Special Collections,"Pan American World Airways, Inc. records",ASM0341,Printed Materials: Brochures and Booklets: Destinations,Box No. 1 of 1; Box Title: Brochures and Booklets: Destinations; Folder No. 12; Folder Title: Europe (1 of 6),"The copyright and related rights status of this material is unknown. The Pan Am brand remains under trademark. For additional information, please visit: https://digitalcollections.library.miami.edu/digital/custom/copyright-guidelines",http://rightsstatements.org/vocab/UND/1.0/
asm0341001125,asm03410011250001001,Page 1,PAA Rainbow service to Europe,,,,,,,,,,,,,,,,,,,,
asm0341001125,asm03410011250002001,Page 2,PAA Rainbow service to Europe,,,,,,,,,,,,,,,,,,,,
asm0341001126,asm03410011260001001,Rainbow to Europe order form #1,PAA Rainbow service to Europe,,"Pan American World Airways, Inc.",,,,,Order forms,,,,,Europe,eng,University of Miami. Library. Special Collections,"Pan American World Airways, Inc. records",ASM0341,Printed Materials: Brochures and Booklets: Destinations,Box No. 1 of 1; Box Title: Brochures and Booklets: Destinations; Folder No. 12; Folder Title: Europe (1 of 6),"The copyright and related rights status of this material is unknown. The Pan Am brand remains under trademark. For additional information, please visit: https://digitalcollections.library.miami.edu/digital/custom/copyright-guidelines",http://rightsstatements.org/vocab/UND/1.0/
asm0341001127,,Rate sheet Europe,Rate sheet Europe,,"Exprinter Travel Services, Inc.",,,,,Price lists; Brochures;,,1956,,1950-1959,Europe,eng,University of Miami. Library. Special Collections,"Pan American World Airways, Inc. records",ASM0341,Printed Materials: Brochures and Booklets: Destinations,Box No. 1 of 1; Box Title: Brochures and Booklets: Destinations; Folder No. 12; Folder Title: Europe (1 of 6),"This material is in the public domain in the United States. The Pan Am brand remains under trademark. For additional information, please visit: https://digitalcollections.library.miami.edu/digital/custom/copyright-guidelines",http://rightsstatements.org/vocab/NoC-US/1.0/
asm0341001127,asm03410011270001001,Page 1,Rate sheet Europe,,,,,,,,,,,,,,,,,,,,
asm0341001127,asm03410011270002001,Page 2,Rate sheet Europe,,,,,,,,,,,,,,,,,,,,
asm0341001128,,Now... non-stop sleeper service ...daily between New York and London,Now... non-stop sleeper service ...daily between New York and London,,"Pan American World Airways, Inc.",,,,,Promotional materials; Booklets;,,1947,,1940-1949,New York (N.Y.); London (England),eng,University of Miami. Library. Special Collections,"Pan American World Airways, Inc. records",ASM0341,Printed Materials: Brochures and Booklets: Destinations,Box No. 1 of 1; Box Title: Brochures and Booklets: Destinations; Folder No. 12; Folder Title: Europe (1 of 6),"This material is protected by copyright. Use for education purposes is permitted. Copyright was originally held by Pan American World Airways, Inc., but was transferred to the University of Miami. The Pan Am brand remains under trademark. For additional information, please visit: https://digitalcollections.library.miami.edu/digital/custom/copyright-guidelines",http://rightsstatements.org/vocab/InC-EDU/1.0/
asm0341001128,asm03410011280001001,Page 1,Now... non-stop sleeper service ...daily between New York and London,,,,,,,,,,,,,,,,,,,,
asm0341001128,asm03410011280002001,Page 2,Now... non-stop sleeper service ...daily between New York and London,,,,,,,,,,,,,,,,,,,,
asm0341001128,asm03410011280003001,Page 3,Now... non-stop sleeper service ...daily between New York and London,,,,,,,,,,,,,,,,,,,,
asm0341001128,asm03410011280004001,Page 4,Now... non-stop sleeper service ...daily between New York and London,,,,,,,,,,,,,,,,,,,,
asm0341001128,asm03410011280005001,Page 5,Now... non-stop sleeper service ...daily between New York and London,,,,,,,,,,,,,,,,,,,,
asm0341001128,asm03410011280006001,Page 6,Now... non-stop sleeper service ...daily between New York and London,,,,,,,,,,,,,,,,,,,,
asm0341001128,asm03410011280007001,Page 7,Now... non-stop sleeper service ...daily between New York and London,,,,,,,,,,,,,,,,,,,,
asm0341001128,asm03410011280008001,Page 8,Now... non-stop sleeper service ...daily between New York and London,,,,,,,,,,,,,,,,,,,,
asm0341001128,asm03410011280009001,Page 9,Now... non-stop sleeper service ...daily between New York and London,,,,,,,,,,,,,,,,,,,,
asm0341001128,asm03410011280010001,Page 10,Now... non-stop sleeper service ...daily between New York and London,,,,,,,,,,,,,,,,,,,,
asm0341001128,asm03410011280011001,Page 11,Now... non-stop sleeper service ...daily between New York and London,,,,,,,,,,,,,,,,,,,,
asm0341001128,asm03410011280012001,Page 12,Now... non-stop sleeper service ...daily between New York and London,,,,,,,,,,,,,,,,,,,,
asm0341001129,,Fly to Europe by Pan American Clipper!,Fly to Europe by Pan American Clipper!,,"Pan American World Airways, Inc.",,,,,Promotional materials; Brochures;,,,,,Europe,slo,University of Miami. Library. Special Collections,"Pan American World Airways, Inc. records",ASM0341,Printed Materials: Brochures and Booklets: Destinations,Box No. 1 of 1; Box Title: Brochures and Booklets: Destinations; Folder No. 12; Folder Title: Europe (1 of 6),"The copyright and related rights status of this material is unknown. The Pan Am brand remains under trademark. For additional information, please visit: https://digitalcollections.library.miami.edu/digital/custom/copyright-guidelines",http://rightsstatements.org/vocab/UND/1.0/
asm0341001129,asm03410011290001001,Page 1,Fly to Europe by Pan American Clipper!,,,,,,,,,,,,,,,,,,,,
asm0341001129,asm03410011290002001,Page 2,Fly to Europe by Pan American Clipper!,,,,,,,,,,,,,,,,,,,,
asm0341001129,asm03410011290003001,Page 3,Fly to Europe by Pan American Clipper!,,,,,,,,,,,,,,,,,,,,
asm0341001130,,Fly to Europe by Pan American Clipper!,Fly to Europe by Pan American Clipper!,,"Pan American World Airways, Inc.",,,,,Promotional materials; Brochures;,,,,,Europe,eng,University of Miami. Library. Special Collections,"Pan American World Airways, Inc. records",ASM0341,Printed Materials: Brochures and Booklets: Destinations,Box No. 1 of 1; Box Title: Brochures and Booklets: Destinations; Folder No. 12; Folder Title: Europe (1 of 6),"The copyright and related rights status of this material is unknown. The Pan Am brand remains under trademark. For additional information, please visit: https://digitalcollections.library.miami.edu/digital/custom/copyright-guidelines",http://rightsstatements.org/vocab/UND/1.0/
asm0341001130,asm03410011300001001,Page 1,Fly to Europe by Pan American Clipper!,,,,,,,,,,,,,,,,,,,,
asm0341001130,asm03410011300002001,Page 2,Fly to Europe by Pan American Clipper!,,,,,,,,,,,,,,,,,,,,
asm0341001130,asm03410011300003001,Page 3,Fly to Europe by Pan American Clipper!,,,,,,,,,,,,,,,,,,,,
asm0341001131,,Holy year tours to Europe,Holy year tours to Europe,,"Pan American World Airways, Inc.",,,,,Promotional materials; Brochures;,,1950,,1950-1959,Europe; Rome (Italy),eng,University of Miami. Library. Special Collections,"Pan American World Airways, Inc. records",ASM0341,Printed Materials: Brochures and Booklets: Destinations,Box No. 1 of 1; Box Title: Brochures and Booklets: Destinations; Folder No. 12; Folder Title: Europe (1 of 6),"This material is protected by copyright. Use for education purposes is permitted. Copyright was originally held by Pan American World Airways, Inc., but was transferred to the University of Miami. The Pan Am brand remains under trademark. For additional information, please visit: https://digitalcollections.library.miami.edu/digital/custom/copyright-guidelines",http://rightsstatements.org/vocab/InC-EDU/1.0/
asm0341001131,asm03410011310001001,Page 1,Holy year tours to Europe,,,,,,,,,,,,,,,,,,,,
asm0341001131,asm03410011310002001,Page 2,Holy year tours to Europe,,,,,,,,,,,,,,,,,,,,
asm0341001132,,Marian year pilgrimages to Europe,Marian year pilgrimages to Europe,,"Exprinter Travel Services, Inc.",,,,,Promotional materials; Brochures;,,1954-01,,1950-1959,Europe; France; Italy,eng,University of Miami. Library. Special Collections,"Pan American World Airways, Inc. records",ASM0341,Printed Materials: Brochures and Booklets: Destinations,Box No. 1 of 1; Box Title: Brochures and Booklets: Destinations; Folder No. 12; Folder Title: Europe (1 of 6),"This material is in the public domain in the United States. The Pan Am brand remains under trademark. For additional information, please visit: https://digitalcollections.library.miami.edu/digital/custom/copyright-guidelines",http://rightsstatements.org/vocab/NoC-US/1.0/
asm0341001132,asm03410011320001001,Page 1,Marian year pilgrimages to Europe,,,,,,,,,,,,,,,,,,,,
asm0341001132,asm03410011320002001,Page 2,Marian year pilgrimages to Europe,,,,,,,,,,,,,,,,,,,,
asm0341001133,,Guild of student travel to Europe : 1954 program of conducted tours,Guild of student travel to Europe : 1954 program of conducted tours,,"Pan American World Airways, Inc.",,,,,Promotional materials; Brochures;,,1954-01,,1950-1959,Europe,eng,University of Miami. Library. Special Collections,"Pan American World Airways, Inc. records",ASM0341,Printed Materials: Brochures and Booklets: Destinations,Box No. 1 of 1; Box Title: Brochures and Booklets: Destinations; Folder No. 12; Folder Title: Europe (1 of 6),"This material is in the public domain in the United States. The Pan Am brand remains under trademark. For additional information, please visit: https://digitalcollections.library.miami.edu/digital/custom/copyright-guidelines",http://rightsstatements.org/vocab/NoC-US/1.0/
asm0341001133,asm03410011330001001,Page 1,Guild of student travel to Europe : 1954 program of conducted tours,,,,,,,,,,,,,,,,,,,,
asm0341001133,asm03410011330002001,Page 2,Guild of student travel to Europe : 1954 program of conducted tours,,,,,,,,,,,,,,,,,,,,
asm0341001133,asm03410011330003001,Page 3,Guild of student travel to Europe : 1954 program of conducted tours,,,,,,,,,,,,,,,,,,,,
asm0341001134,,Now! See Europe for less money,Now! See Europe for less money,,"Pan American World Airways, Inc.",,,,,Promotional materials; Brochures;,,5/1/1952,,1950-1959,Europe,eng,University of Miami. Library. Special Collections,"Pan American World Airways, Inc. records",ASM0341,Printed Materials: Brochures and Booklets: Destinations,Box No. 1 of 1; Box Title: Brochures and Booklets: Destinations; Folder No. 12; Folder Title: Europe (1 of 6),"This material is in the public domain in the United States. The Pan Am brand remains under trademark. For additional information, please visit: https://digitalcollections.library.miami.edu/digital/custom/copyright-guidelines",http://rightsstatements.org/vocab/NoC-US/1.0/
asm0341001134,asm03410011340001001,Page 1,Now! See Europe for less money,,,,,,,,,,,,,,,,,,,,
asm0341001134,asm03410011340002001,Page 2,Now! See Europe for less money,,,,,,,,,,,,,,,,,,,,
asm0341001134,asm03410011340003001,Page 3,Now! See Europe for less money,,,,,,,,,,,,,,,,,,,,
asm0341001135,,Europe : Marian jubilee year pilgrimages,Europe : Marian jubilee year pilgrimages,,American Express Company,,,,,Promotional materials; Brochures;,,,1954,1950-1959,Europe,eng,University of Miami. Library. Special Collections,"Pan American World Airways, Inc. records",ASM0341,Printed Materials: Brochures and Booklets: Destinations,Box No. 1 of 1; Box Title: Brochures and Booklets: Destinations; Folder No. 12; Folder Title: Europe (1 of 6),"The copyright and related rights status of this material is unknown. The Pan Am brand remains under trademark. For additional information, please visit: https://digitalcollections.library.miami.edu/digital/custom/copyright-guidelines",http://rightsstatements.org/vocab/UND/1.0/
asm0341001135,asm03410011350001001,Page 1,Europe : Marian jubilee year pilgrimages,,,,,,,,,,,,,,,,,,,,
asm0341001135,asm03410011350002001,Page 2,Europe : Marian jubilee year pilgrimages,,,,,,,,,,,,,,,,,,,,
asm0341001136,,Trip by Clipper and car to Europe now for just 1/3 down,Trip by Clipper and car to Europe now for just 1/3 down,,"Pan American World Airways, Inc.",,,,,Promotional materials; Brochures;,,1954,,1950-1959,Europe,eng,University of Miami. Library. Special Collections,"Pan American World Airways, Inc. records",ASM0341,Printed Materials: Brochures and Booklets: Destinations,Box No. 1 of 1; Box Title: Brochures and Booklets: Destinations; Folder No. 12; Folder Title: Europe (1 of 6),"This material is protected by copyright. Use for education purposes is permitted. Copyright was originally held by Pan American World Airways, Inc., but was transferred to the University of Miami. The Pan Am brand remains under trademark. For additional information, please visit: https://digitalcollections.library.miami.edu/digital/custom/copyright-guidelines",http://rightsstatements.org/vocab/InC-EDU/1.0/
asm0341001136,asm03410011360001001,Page 1,Trip by Clipper and car to Europe now for just 1/3 down,,,,,,,,,,,,,,,,,,,,
asm0341001136,asm03410011360002001,Page 2,Trip by Clipper and car to Europe now for just 1/3 down,,,,,,,,,,,,,,,,,,,,
asm0341001136,asm03410011360003001,Page 3,Trip by Clipper and car to Europe now for just 1/3 down,,,,,,,,,,,,,,,,,,,,
asm0341001137,,Marian year tours to Europe,Marian year tours to Europe,,Thomas Cook (Firm),,,,,Promotional materials; Brochures;,,,1954,1950-1959,Europe,eng,University of Miami. Library. Special Collections,"Pan American World Airways, Inc. records",ASM0341,Printed Materials: Brochures and Booklets: Destinations,Box No. 1 of 1; Box Title: Brochures and Booklets: Destinations; Folder No. 12; Folder Title: Europe (1 of 6),"The copyright and related rights status of this material is unknown. The Pan Am brand remains under trademark. For additional information, please visit: https://digitalcollections.library.miami.edu/digital/custom/copyright-guidelines",http://rightsstatements.org/vocab/UND/1.0/
asm0341001137,asm03410011370001001,Page 1,Marian year tours to Europe,,,,,,,,,,,,,,,,,,,,
asm0341001137,asm03410011370002001,Page 2,Marian year tours to Europe,,,,,,,,,,,,,,,,,,,,
asm0341001137,asm03410011370003001,Page 3,Marian year tours to Europe,,,,,,,,,,,,,,,,,,,,
asm0341001138,,Go to Europe on a pilgrimage,Go to Europe on a pilgrimage,,"Pan American World Airways, Inc.",,,,,Promotional materials; Brochures;,,,1954,1950-1959,Europe,eng,University of Miami. Library. Special Collections,"Pan American World Airways, Inc. records",ASM0341,Printed Materials: Brochures and Booklets: Destinations,Box No. 1 of 1; Box Title: Brochures and Booklets: Destinations; Folder No. 12; Folder Title: Europe (1 of 6),"The copyright and related rights status of this material is unknown. The Pan Am brand remains under trademark. For additional information, please visit: https://digitalcollections.library.miami.edu/digital/custom/copyright-guidelines",http://rightsstatements.org/vocab/UND/1.0/
asm0341001138,asm03410011380001001,Page 1,Go to Europe on a pilgrimage,,,,,,,,,,,,,,,,,,,,
asm0341001138,asm03410011380002001,Page 2,Go to Europe on a pilgrimage,,,,,,,,,,,,,,,,,,,,
asm0341001139,,See Europe now on a budget,See Europe now on a budget,,American Express Company,,,,,Promotional materials; Brochures;,,,,,Europe,eng,University of Miami. Library. Special Collections,"Pan American World Airways, Inc. records",ASM0341,Printed Materials: Brochures and Booklets: Destinations,Box No. 1 of 1; Box Title: Brochures and Booklets: Destinations; Folder No. 12; Folder Title: Europe (1 of 6),"The copyright and related rights status of this material is unknown. The Pan Am brand remains under trademark. For additional information, please visit: https://digitalcollections.library.miami.edu/digital/custom/copyright-guidelines",http://rightsstatements.org/vocab/UND/1.0/
asm0341001139,asm03410011390001001,Page 1,See Europe now on a budget,,,,,,,,,,,,,,,,,,,,
asm0341001139,asm03410011390002001,Page 2,See Europe now on a budget,,,,,,,,,,,,,,,,,,,,
asm0341001139,asm03410011390003001,Page 3,See Europe now on a budget,,,,,,,,,,,,,,,,,,,,
asm0341001140,,See Europe now on a budget,See Europe now on a budget,,American Express Company,,,,,Promotional materials; Brochures;,,,,,Europe,eng,University of Miami. Library. Special Collections,"Pan American World Airways, Inc. records",ASM0341,Printed Materials: Brochures and Booklets: Destinations,Box No. 1 of 1; Box Title: Brochures and Booklets: Destinations; Folder No. 12; Folder Title: Europe (1 of 6),"The copyright and related rights status of this material is unknown. The Pan Am brand remains under trademark. For additional information, please visit: https://digitalcollections.library.miami.edu/digital/custom/copyright-guidelines",http://rightsstatements.org/vocab/UND/1.0/
asm0341001140,asm03410011400001001,Page 1,See Europe now on a budget,,,,,,,,,,,,,,,,,,,,
asm0341001140,asm03410011400002001,Page 2,See Europe now on a budget,,,,,,,,,,,,,,,,,,,,
asm0341001140,asm03410011400003001,Page 3,See Europe now on a budget,,,,,,,,,,,,,,,,,,,,
asm0341001141,,See Europe in the thrift season,See Europe in the thrift season,,American Express Company,,,,,Promotional materials; Brochures;,,,,,Europe,eng,University of Miami. Library. Special Collections,"Pan American World Airways, Inc. records",ASM0341,Printed Materials: Brochures and Booklets: Destinations,Box No. 1 of 1; Box Title: Brochures and Booklets: Destinations; Folder No. 12; Folder Title: Europe (1 of 6),"The copyright and related rights status of this material is unknown. The Pan Am brand remains under trademark. For additional information, please visit: https://digitalcollections.library.miami.edu/digital/custom/copyright-guidelines",http://rightsstatements.org/vocab/UND/1.0/
asm0341001141,asm03410011410001001,Page 1,See Europe in the thrift season,,,,,,,,,,,,,,,,,,,,
asm0341001141,asm03410011410002001,Page 2,See Europe in the thrift season,,,,,,,,,,,,,,,,,,,,
asm0341001141,asm03410011410003001,Page 3,See Europe in the thrift season,,,,,,,,,,,,,,,,,,,,
asm0341001142,,Europe by Clipper,Europe by Clipper,,"Pan American World Airways, Inc.",,,,,Promotional materials; Brochures;,,1954,,1950-1959,Europe,eng,University of Miami. Library. Special Collections,"Pan American World Airways, Inc. records",ASM0341,Printed Materials: Brochures and Booklets: Destinations,Box No. 1 of 1; Box Title: Brochures and Booklets: Destinations; Folder No. 13; Folder Title: Europe (2 of 6),"This material is protected by copyright. Use for education purposes is permitted. Copyright was originally held by Pan American World Airways, Inc., but was transferred to the University of Miami. The Pan Am brand remains under trademark. For additional information, please visit: https://digitalcollections.library.miami.edu/digital/custom/copyright-guidelines",http://rightsstatements.org/vocab/InC-EDU/1.0/
asm0341001142,asm03410011420001001,Page 1,Europe by Clipper,,,,,,,,,,,,,,,,,,,,
asm0341001142,asm03410011420002001,Page 2,Europe by Clipper,,,,,,,,,,,,,,,,,,,,
asm0341001143,,Now the whole family can head for Europe by Clipper because of Pan Am's family fare plan during thrift season,Now the whole family can head for Europe by Clipper because of Pan Am's family fare plan during thrift season,,"Pan American World Airways, Inc.",,,,,Promotional materials; Brochures;,,1955,,1950-1959,Europe,eng,University of Miami. Library. Special Collections,"Pan American World Airways, Inc. records",ASM0341,Printed Materials: Brochures and Booklets: Destinations,Box No. 1 of 1; Box Title: Brochures and Booklets: Destinations; Folder No. 13; Folder Title: Europe (2 of 6),"This material is protected by copyright. Use for education purposes is permitted. Copyright was originally held by Pan American World Airways, Inc., but was transferred to the University of Miami. The Pan Am brand remains under trademark. For additional information, please visit: https://digitalcollections.library.miami.edu/digital/custom/copyright-guidelines",http://rightsstatements.org/vocab/InC-EDU/1.0/
asm0341001143,asm03410011430001001,Page 1,Now the whole family can head for Europe by Clipper because of Pan Am's family fare plan during thrift season,,,,,,,,,,,,,,,,,,,,
asm0341001143,asm03410011430002001,Page 2,Now the whole family can head for Europe by Clipper because of Pan Am's family fare plan during thrift season,,,,,,,,,,,,,,,,,,,,
asm0341001145,,Only on Pan Am. We'll give you a one day cruise on SeaEscape,Only on Pan Am. We'll give you a one day cruise on SeaEscape,,"Pan American World Airways, Inc.",,,,,Promotional materials; Brochures;,,1982,,1980-1989,Miami (Fla.); Orlando (Fla.),eng,University of Miami. Library. Special Collections,"Pan American World Airways, Inc. records",ASM0341,Printed Materials: Brochures and Booklets: Destinations,Box No. 1 of 1; Box Title: Brochures and Booklets: Destinations; Folder No. 13; Folder Title: Europe (2 of 6),"The copyright and related rights status of this material is unknown. The Pan Am brand remains under trademark. For additional information, please visit: https://digitalcollections.library.miami.edu/digital/custom/copyright-guidelines",http://rightsstatements.org/vocab/UND/1.0/
asm0341001145,asm03410011450001001,Page 1,Only on Pan Am. We'll give you a one day cruise on SeaEscape,,,,,,,,,,,,,,,,,,,,
asm0341001145,asm03410011450002001,Page 2,Only on Pan Am. We'll give you a one day cruise on SeaEscape,,,,,,,,,,,,,,,,,,,,
asm0341001146,,Enjoy an extra cities bonus,Enjoy an extra cities bonus,,"Pan American World Airways, Inc.",,,,,Promotional materials; Brochures;,,1956,,1950-1959,Europe,eng,University of Miami. Library. Special Collections,"Pan American World Airways, Inc. records",ASM0341,Printed Materials: Brochures and Booklets: Destinations,Box No. 1 of 1; Box Title: Brochures and Booklets: Destinations; Folder No. 13; Folder Title: Europe (2 of 6),"This material is protected by copyright. Use for education purposes is permitted. Copyright was originally held by Pan American World Airways, Inc., but was transferred to the University of Miami. The Pan Am brand remains under trademark. For additional information, please visit: https://digitalcollections.library.miami.edu/digital/custom/copyright-guidelines",http://rightsstatements.org/vocab/InC-EDU/1.0/
asm0341001146,asm03410011460001001,Page 1,Enjoy an extra cities bonus,,,,,,,,,,,,,,,,,,,,
asm0341001146,asm03410011460002001,Page 2,Enjoy an extra cities bonus,,,,,,,,,,,,,,,,,,,,
asm0341001147,,Willkommen : Welcome to Germany!,Willkommen : Welcome to Germany!,,"Pan American World Airways, Inc.",,,,,Promotional materials; Brochures;,,,,,Germany,eng,University of Miami. Library. Special Collections,"Pan American World Airways, Inc. records",ASM0341,Printed Materials: Brochures and Booklets: Destinations,Box No. 1 of 1; Box Title: Brochures and Booklets: Destinations; Folder No. 13; Folder Title: Europe (2 of 6),"The copyright and related rights status of this material is unknown. The Pan Am brand remains under trademark. For additional information, please visit: https://digitalcollections.library.miami.edu/digital/custom/copyright-guidelines",http://rightsstatements.org/vocab/UND/1.0/
asm0341001147,asm03410011470001001,Page 1,Willkommen : Welcome to Germany!,,,,,,,,,,,,,,,,,,,,
asm0341001147,asm03410011470002001,Page 2,Willkommen : Welcome to Germany!,,,,,,,,,,,,,,,,,,,,
asm0341001148,,Välkommen : Welcome to Scandinavia!,Välkommen : Welcome to Scandinavia!,,"Pan American World Airways, Inc.",,,,,Promotional materials; Brochures;,,,,,Scandinavia,eng,University of Miami. Library. Special Collections,"Pan American World Airways, Inc. records",ASM0341,Printed Materials: Brochures and Booklets: Destinations,Box No. 1 of 1; Box Title: Brochures and Booklets: Destinations; Folder No. 13; Folder Title: Europe (2 of 6),"The copyright and related rights status of this material is unknown. The Pan Am brand remains under trademark. For additional information, please visit: https://digitalcollections.library.miami.edu/digital/custom/copyright-guidelines",http://rightsstatements.org/vocab/UND/1.0/
asm0341001148,asm03410011480001001,Page 1,Välkommen : Welcome to Scandinavia!,,,,,,,,,,,,,,,,,,,,
asm0341001148,asm03410011480002001,Page 2,Välkommen : Welcome to Scandinavia!,,,,,,,,,,,,,,,,,,,,
asm0341001149,,Ben venuto! : Welcome to Italy!,Ben venuto! : Welcome to Italy!,,"Pan American World Airways, Inc.",,,,,Promotional materials; Brochures;,,,,,Italy,eng,University of Miami. Library. Special Collections,"Pan American World Airways, Inc. records",ASM0341,Printed Materials: Brochures and Booklets: Destinations,Box No. 1 of 1; Box Title: Brochures and Booklets: Destinations; Folder No. 13; Folder Title: Europe (2 of 6),"The copyright and related rights status of this material is unknown. The Pan Am brand remains under trademark. For additional information, please visit: https://digitalcollections.library.miami.edu/digital/custom/copyright-guidelines",http://rightsstatements.org/vocab/UND/1.0/
asm0341001149,asm03410011490001001,Page 1,Ben venuto! : Welcome to Italy!,,,,,,,,,,,,,,,,,,,,
asm0341001149,asm03410011490002001,Page 2,Ben venuto! : Welcome to Italy!,,,,,,,,,,,,,,,,,,,,
asm0341001150,,Fly overnight to Germany,Fly overnight to Germany,,"Pan American World Airways, Inc.",,,,,Promotional materials; Brochures;,,,,,Germany,eng,University of Miami. Library. Special Collections,"Pan American World Airways, Inc. records",ASM0341,Printed Materials: Brochures and Booklets: Destinations,Box No. 1 of 1; Box Title: Brochures and Booklets: Destinations; Folder No. 13; Folder Title: Europe (2 of 6),"The copyright and related rights status of this material is unknown. The Pan Am brand remains under trademark. For additional information, please visit: https://digitalcollections.library.miami.edu/digital/custom/copyright-guidelines",http://rightsstatements.org/vocab/UND/1.0/
asm0341001150,asm03410011500001001,Page 1,Fly overnight to Germany,,,,,,,,,,,,,,,,,,,,
asm0341001150,asm03410011500002001,Page 2,Fly overnight to Germany,,,,,,,,,,,,,,,,,,,,
asm0341001151,,Your paradise found : Mallorca and Menorca in the Balearic Islands,Your paradise found : Mallorca and Menorca in the Balearic Islands,,"Pan American World Airways, Inc.",,,,,Promotional materials; Brochures;,,,,,Majorca (Spain); Minorca (Spain); Balearic Islands (Spain),eng,University of Miami. Library. Special Collections,"Pan American World Airways, Inc. records",ASM0341,Printed Materials: Brochures and Booklets: Destinations,Box No. 1 of 1; Box Title: Brochures and Booklets: Destinations; Folder No. 13; Folder Title: Europe (2 of 6),"The copyright and related rights status of this material is unknown. The Pan Am brand remains under trademark. For additional information, please visit: https://digitalcollections.library.miami.edu/digital/custom/copyright-guidelines",http://rightsstatements.org/vocab/UND/1.0/
asm0341001151,asm03410011510001001,Page 1,Your paradise found : Mallorca and Menorca in the Balearic Islands,,,,,,,,,,,,,,,,,,,,
asm0341001151,asm03410011510002001,Page 2,Your paradise found : Mallorca and Menorca in the Balearic Islands,,,,,,,,,,,,,,,,,,,,
asm0341001152,,Fly to Ireland in 12 hours,Fly to Ireland in 12 hours,,"Pan American World Airways, Inc.",,,,,Promotional materials; Brochures;,,,,,Ireland,eng,University of Miami. Library. Special Collections,"Pan American World Airways, Inc. records",ASM0341,Printed Materials: Brochures and Booklets: Destinations,Box No. 1 of 1; Box Title: Brochures and Booklets: Destinations; Folder No. 13; Folder Title: Europe (2 of 6),"The copyright and related rights status of this material is unknown. The Pan Am brand remains under trademark. For additional information, please visit: https://digitalcollections.library.miami.edu/digital/custom/copyright-guidelines",http://rightsstatements.org/vocab/UND/1.0/
asm0341001152,asm03410011520001001,Page 1,Fly to Ireland in 12 hours,,,,,,,,,,,,,,,,,,,,
asm0341001152,asm03410011520002001,Page 2,Fly to Ireland in 12 hours,,,,,,,,,,,,,,,,,,,,
asm0341001153,,Failte! : Welcome to Ireland!,Failte! : Welcome to Ireland!,,"Pan American World Airways, Inc.",,,,,Promotional materials; Brochures;,,,,,Ireland,eng,University of Miami. Library. Special Collections,"Pan American World Airways, Inc. records",ASM0341,Printed Materials: Brochures and Booklets: Destinations,Box No. 1 of 1; Box Title: Brochures and Booklets: Destinations; Folder No. 13; Folder Title: Europe (2 of 6),"The copyright and related rights status of this material is unknown. The Pan Am brand remains under trademark. For additional information, please visit: https://digitalcollections.library.miami.edu/digital/custom/copyright-guidelines",http://rightsstatements.org/vocab/UND/1.0/
asm0341001153,asm03410011530001001,Page 1,Failte! : Welcome to Ireland!,,,,,,,,,,,,,,,,,,,,
asm0341001153,asm03410011530002001,Page 2,Failte! : Welcome to Ireland!,,,,,,,,,,,,,,,,,,,,
asm0341001154,,Europe is yours by Pan-Am,Europe is yours by Pan-Am,,"Pan American World Airways, Inc.",,,,,Promotional materials; Booklets;,,1955,,1950-1959,Europe,eng,University of Miami. Library. Special Collections,"Pan American World Airways, Inc. records",ASM0341,Printed Materials: Brochures and Booklets: Destinations,Box No. 1 of 1; Box Title: Brochures and Booklets: Destinations; Folder No. 13; Folder Title: Europe (2 of 6),"This material is protected by copyright. Use for education purposes is permitted. Copyright was originally held by Pan American World Airways, Inc., but was transferred to the University of Miami. The Pan Am brand remains under trademark. For additional information, please visit: https://digitalcollections.library.miami.edu/digital/custom/copyright-guidelines",http://rightsstatements.org/vocab/InC-EDU/1.0/
asm0341001154,asm03410011540001001,Page 1,Europe is yours by Pan-Am,,,,,,,,,,,,,,,,,,,,
asm0341001154,asm03410011540002001,Page 2,Europe is yours by Pan-Am,,,,,,,,,,,,,,,,,,,,
asm0341001154,asm03410011540003001,Page 3,Europe is yours by Pan-Am,,,,,,,,,,,,,,,,,,,,
asm0341001154,asm03410011540004001,Page 4,Europe is yours by Pan-Am,,,,,,,,,,,,,,,,,,,,
asm0341001154,asm03410011540005001,Page 5,Europe is yours by Pan-Am,,,,,,,,,,,,,,,,,,,,
asm0341001154,asm03410011540006001,Page 6,Europe is yours by Pan-Am,,,,,,,,,,,,,,,,,,,,
asm0341001154,asm03410011540007001,Page 7,Europe is yours by Pan-Am,,,,,,,,,,,,,,,,,,,,
asm0341001154,asm03410011540008001,Page 8,Europe is yours by Pan-Am,,,,,,,,,,,,,,,,,,,,
asm0341001155,,Seeing Europe by Pan Am jet,Seeing Europe by Pan Am jet,,"Pan American World Airways, Inc.",,,,,Promotional materials; Booklets;,,1960,,1960-1969,Europe,eng,University of Miami. Library. Special Collections,"Pan American World Airways, Inc. records",ASM0341,Printed Materials: Brochures and Booklets: Destinations,Box No. 1 of 1; Box Title: Brochures and Booklets: Destinations; Folder No. 13; Folder Title: Europe (2 of 6),"This material is protected by copyright. Use for education purposes is permitted. Copyright was originally held by Pan American World Airways, Inc., but was transferred to the University of Miami. The Pan Am brand remains under trademark. For additional information, please visit: https://digitalcollections.library.miami.edu/digital/custom/copyright-guidelines",http://rightsstatements.org/vocab/InC-EDU/1.0/
asm0341001155,asm03410011550001001,Page 1,Seeing Europe by Pan Am jet,,,,,,,,,,,,,,,,,,,,
asm0341001155,asm03410011550002001,Page 2,Seeing Europe by Pan Am jet,,,,,,,,,,,,,,,,,,,,
asm0341001155,asm03410011550003001,Page 3,Seeing Europe by Pan Am jet,,,,,,,,,,,,,,,,,,,,
asm0341001155,asm03410011550004001,Page 4,Seeing Europe by Pan Am jet,,,,,,,,,,,,,,,,,,,,
asm0341001155,asm03410011550005001,Page 5,Seeing Europe by Pan Am jet,,,,,,,,,,,,,,,,,,,,
asm0341001155,asm03410011550006001,Page 6,Seeing Europe by Pan Am jet,,,,,,,,,,,,,,,,,,,,
asm0341001155,asm03410011550007001,Page 7,Seeing Europe by Pan Am jet,,,,,,,,,,,,,,,,,,,,
asm0341001155,asm03410011550008001,Page 8,Seeing Europe by Pan Am jet,,,,,,,,,,,,,,,,,,,,
asm0341001155,asm03410011550009001,Page 9,Seeing Europe by Pan Am jet,,,,,,,,,,,,,,,,,,,,
asm0341001155,asm03410011550010001,Page 10,Seeing Europe by Pan Am jet,,,,,,,,,,,,,,,,,,,,
asm0341001155,asm03410011550011001,Page 11,Seeing Europe by Pan Am jet,,,,,,,,,,,,,,,,,,,,
asm0341001155,asm03410011550012001,Page 12,Seeing Europe by Pan Am jet,,,,,,,,,,,,,,,,,,,,
asm0341001155,asm03410011550013001,Page 13,Seeing Europe by Pan Am jet,,,,,,,,,,,,,,,,,,,,
asm0341001156,,Europe's more thrilling than ever : it's a holiday all the way,Europe's more thrilling than ever : it's a holiday all the way,,"Pan American World Airways, Inc.",,,,,Promotional materials; Brochures;,,1959,,1950-1959,Europe,eng,University of Miami. Library. Special Collections,"Pan American World Airways, Inc. records",ASM0341,Printed Materials: Brochures and Booklets: Destinations,Box No. 1 of 1; Box Title: Brochures and Booklets: Destinations; Folder No. 13; Folder Title: Europe (2 of 6),"This material is protected by copyright. Use for education purposes is permitted. Copyright was originally held by Pan American World Airways, Inc., but was transferred to the University of Miami. The Pan Am brand remains under trademark. For additional information, please visit: https://digitalcollections.library.miami.edu/digital/custom/copyright-guidelines",http://rightsstatements.org/vocab/InC-EDU/1.0/
asm0341001156,asm03410011560001001,Page 1,Europe's more thrilling than ever : it's a holiday all the way,,,,,,,,,,,,,,,,,,,,
asm0341001156,asm03410011560002001,Page 2,Europe's more thrilling than ever : it's a holiday all the way,,,,,,,,,,,,,,,,,,,,
asm0341001157,,Scandinavia & Finland by Pan Am jet Clipper,Scandinavia & Finland by Pan Am jet Clipper,,"Pan American World Airways, Inc.",,,,,Promotional materials; Brochures;,,1961,,1960-1969,Scandinavia; Denmark; Sweden; Norway; Finland,eng,University of Miami. Library. Special Collections,"Pan American World Airways, Inc. records",ASM0341,Printed Materials: Brochures and Booklets: Destinations,Box No. 1 of 1; Box Title: Brochures and Booklets: Destinations; Folder No. 13; Folder Title: Europe (2 of 6),"This material is protected by copyright. Use for education purposes is permitted. Copyright was originally held by Pan American World Airways, Inc., but was transferred to the University of Miami. The Pan Am brand remains under trademark. For additional information, please visit: https://digitalcollections.library.miami.edu/digital/custom/copyright-guidelines",http://rightsstatements.org/vocab/InC-EDU/1.0/
asm0341001157,asm03410011570001001,Page 1,Scandinavia & Finland by Pan Am jet Clipper,,,,,,,,,,,,,,,,,,,,
asm0341001157,asm03410011570002001,Page 2,Scandinavia & Finland by Pan Am jet Clipper,,,,,,,,,,,,,,,,,,,,
asm0341001158,,Mediterranean by Pan Am jet Clipper,Mediterranean by Pan Am jet Clipper,,"Pan American World Airways, Inc.",,,,,Promotional materials; Brochures;,,1962,,1960-1969,Mediterranean Region,eng,University of Miami. Library. Special Collections,"Pan American World Airways, Inc. records",ASM0341,Printed Materials: Brochures and Booklets: Destinations,Box No. 1 of 1; Box Title: Brochures and Booklets: Destinations; Folder No. 13; Folder Title: Europe (2 of 6),"This material is protected by copyright. Use for education purposes is permitted. Copyright was originally held by Pan American World Airways, Inc., but was transferred to the University of Miami. The Pan Am brand remains under trademark. For additional information, please visit: https://digitalcollections.library.miami.edu/digital/custom/copyright-guidelines",http://rightsstatements.org/vocab/InC-EDU/1.0/
asm0341001158,asm03410011580001001,Page 1,Mediterranean by Pan Am jet Clipper,,,,,,,,,,,,,,,,,,,,
asm0341001158,asm03410011580002001,Page 2,Mediterranean by Pan Am jet Clipper,,,,,,,,,,,,,,,,,,,,
asm0341001159,,See Ireland first by Clipper,See Ireland first by Clipper,,"Pan American World Airways, Inc.",,,,,Promotional materials; Brochures;,,,,,Ireland,eng,University of Miami. Library. Special Collections,"Pan American World Airways, Inc. records",ASM0341,Printed Materials: Brochures and Booklets: Destinations,Box No. 1 of 1; Box Title: Brochures and Booklets: Destinations; Folder No. 13; Folder Title: Europe (2 of 6),"The copyright and related rights status of this material is unknown. The Pan Am brand remains under trademark. For additional information, please visit: https://digitalcollections.library.miami.edu/digital/custom/copyright-guidelines",http://rightsstatements.org/vocab/UND/1.0/
asm0341001159,asm03410011590001001,Page 1,See Ireland first by Clipper,,,,,,,,,,,,,,,,,,,,
asm0341001159,asm03410011590002001,Page 2,See Ireland first by Clipper,,,,,,,,,,,,,,,,,,,,
asm0341001159,asm03410011590003001,Page 3,See Ireland first by Clipper,,,,,,,,,,,,,,,,,,,,
asm0341001160,,Go Pan Am and see Europe on your own by Clipper and car,Go Pan Am and see Europe on your own by Clipper and car,,"Pan American World Airways, Inc.",,,,,Promotional materials; Brochures;,,,,,Europe,eng,University of Miami. Library. Special Collections,"Pan American World Airways, Inc. records",ASM0341,Printed Materials: Brochures and Booklets: Destinations,Box No. 1 of 1; Box Title: Brochures and Booklets: Destinations; Folder No. 13; Folder Title: Europe (2 of 6),"The copyright and related rights status of this material is unknown. The Pan Am brand remains under trademark. For additional information, please visit: https://digitalcollections.library.miami.edu/digital/custom/copyright-guidelines",http://rightsstatements.org/vocab/UND/1.0/
asm0341001160,asm03410011600001001,Page 1,Go Pan Am and see Europe on your own by Clipper and car,,,,,,,,,,,,,,,,,,,,
asm0341001160,asm03410011600002001,Page 2,Go Pan Am and see Europe on your own by Clipper and car,,,,,,,,,,,,,,,,,,,,
asm0341001161,,Europe is waiting for you,Europe is waiting for you,,"Pan American World Airways, Inc.",,,,,Promotional materials; Brochures;,,,,,Europe; Paris (France); Rome (Italy); London (England),eng,University of Miami. Library. Special Collections,"Pan American World Airways, Inc. records",ASM0341,Printed Materials: Brochures and Booklets: Destinations,Box No. 1 of 1; Box Title: Brochures and Booklets: Destinations; Folder No. 13; Folder Title: Europe (2 of 6),"The copyright and related rights status of this material is unknown. The Pan Am brand remains under trademark. For additional information, please visit: https://digitalcollections.library.miami.edu/digital/custom/copyright-guidelines",http://rightsstatements.org/vocab/UND/1.0/
asm0341001161,asm03410011610001001,Page 1,Europe is waiting for you,,,,,,,,,,,,,,,,,,,,
asm0341001161,asm03410011610002001,Page 2,Europe is waiting for you,,,,,,,,,,,,,,,,,,,,
asm0341001162,,Mediterranean : mirror to paradise,Mediterranean : mirror to paradise,,"Pan American World Airways, Inc.",,,,,Promotional materials; Brochures;,,1953,,1950-1959,Mediterranean Region,eng,University of Miami. Library. Special Collections,"Pan American World Airways, Inc. records",ASM0341,Printed Materials: Brochures and Booklets: Destinations,Box No. 1 of 1; Box Title: Brochures and Booklets: Destinations; Folder No. 13; Folder Title: Europe (2 of 6),"This material is protected by copyright. Use for education purposes is permitted. Copyright was originally held by Pan American World Airways, Inc., but was transferred to the University of Miami. The Pan Am brand remains under trademark. For additional information, please visit: https://digitalcollections.library.miami.edu/digital/custom/copyright-guidelines",http://rightsstatements.org/vocab/InC-EDU/1.0/
asm0341001162,asm03410011620001001,Page 1,Mediterranean : mirror to paradise,,,,,,,,,,,,,,,,,,,,
asm0341001162,asm03410011620002001,Page 2,Mediterranean : mirror to paradise,,,,,,,,,,,,,,,,,,,,
asm0341001162,asm03410011620003001,Page 3,Mediterranean : mirror to paradise,,,,,,,,,,,,,,,,,,,,
asm0341001162,asm03410011620004001,Page 4,Mediterranean : mirror to paradise,,,,,,,,,,,,,,,,,,,,
asm0341001162,asm03410011620005001,Page 5,Mediterranean : mirror to paradise,,,,,,,,,,,,,,,,,,,,
asm0341001162,asm03410011620006001,Page 6,Mediterranean : mirror to paradise,,,,,,,,,,,,,,,,,,,,
asm0341001162,asm03410011620007001,Page 7,Mediterranean : mirror to paradise,,,,,,,,,,,,,,,,,,,,
asm0341001162,asm03410011620008001,Page 8,Mediterranean : mirror to paradise,,,,,,,,,,,,,,,,,,,,
asm0341001162,asm03410011620009001,Page 9,Mediterranean : mirror to paradise,,,,,,,,,,,,,,,,,,,,
asm0341001163,,Map of Paris = plan de Paris,Map of Paris = plan de Paris,,"Pan American World Airways, Inc.",,,,,Tourist maps;,,,,,Paris (France),eng; fre; ger; spa,University of Miami. Library. Special Collections,"Pan American World Airways, Inc. records",ASM0341,Printed Materials: Brochures and Booklets: Destinations,Box No. 1 of 1; Box Title: Brochures and Booklets: Destinations; Folder No. 13; Folder Title: Europe (2 of 6),"The copyright and related rights status of this material is unknown. The Pan Am brand remains under trademark. For additional information, please visit: https://digitalcollections.library.miami.edu/digital/custom/copyright-guidelines",http://rightsstatements.org/vocab/UND/1.0/
asm0341001163,asm03410011630001001,Page 1,Map of Paris = plan de Paris,,,,,,,,,,,,,,,,,,,,
asm0341001163,asm03410011630002001,Page 2,Map of Paris = plan de Paris,,,,,,,,,,,,,,,,,,,,
asm0341001163,asm03410011630003001,Page 3,Map of Paris = plan de Paris,,,,,,,,,,,,,,,,,,,,
asm0341001164,,Lowest fares ever to Europe : the Rainbow,Lowest fares ever to Europe : the Rainbow,,"Pan American World Airways, Inc.",,,,,Promotional materials; Brochures;,,1952,,1950-1959,Europe,eng,University of Miami. Library. Special Collections,"Pan American World Airways, Inc. records",ASM0341,Printed Materials: Brochures and Booklets: Destinations,Box No. 1 of 1; Box Title: Brochures and Booklets: Destinations; Folder No. 13; Folder Title: Europe (2 of 6),"This material is in the public domain in the United States. The Pan Am brand remains under trademark. For additional information, please visit: https://digitalcollections.library.miami.edu/digital/custom/copyright-guidelines",http://rightsstatements.org/vocab/NoC-US/1.0/
asm0341001164,asm03410011640001001,Page 1,Lowest fares ever to Europe : the Rainbow,,,,,,,,,,,,,,,,,,,,
asm0341001164,asm03410011640002001,Page 2,Lowest fares ever to Europe : the Rainbow,,,,,,,,,,,,,,,,,,,,
asm0341001165,,"New, low family fares to Europe","New, low family fares to Europe",,"Pan American World Airways, Inc.",,,,,Promotional materials; Price lists;,,1955,,1950-1959,Europe,eng,University of Miami. Library. Special Collections,"Pan American World Airways, Inc. records",ASM0341,Printed Materials: Brochures and Booklets: Destinations,Box No. 1 of 1; Box Title: Brochures and Booklets: Destinations; Folder No. 13; Folder Title: Europe (2 of 6),"This material is protected by copyright. Use for education purposes is permitted. Copyright was originally held by Pan American World Airways, Inc., but was transferred to the University of Miami. The Pan Am brand remains under trademark. For additional information, please visit: https://digitalcollections.library.miami.edu/digital/custom/copyright-guidelines",http://rightsstatements.org/vocab/InC-EDU/1.0/
asm0341001165,asm03410011650001001,Page 1,"New, low family fares to Europe",,,,,,,,,,,,,,,,,,,,
asm0341001165,asm03410011650002001,Page 2,"New, low family fares to Europe",,,,,,,,,,,,,,,,,,,,
asm0341001166,,England by Flying Clipper,England by Flying Clipper,,"Pan American World Airways, Inc.",,,,,Promotional materials; Brochures;,,,,,England,eng,University of Miami. Library. Special Collections,"Pan American World Airways, Inc. records",ASM0341,Printed Materials: Brochures and Booklets: Destinations,Box No. 1 of 1; Box Title: Brochures and Booklets: Destinations; Folder No. 13; Folder Title: Europe (2 of 6),"The copyright and related rights status of this material is unknown. The Pan Am brand remains under trademark. For additional information, please visit: https://digitalcollections.library.miami.edu/digital/custom/copyright-guidelines",http://rightsstatements.org/vocab/UND/1.0/
asm0341001166,asm03410011660001001,Page 1,England by Flying Clipper,,,,,,,,,,,,,,,,,,,,
asm0341001166,asm03410011660002001,Page 2,England by Flying Clipper,,,,,,,,,,,,,,,,,,,,
asm0341001167,,Europe by bike and Clipper,Europe by bike and Clipper,,"Pan American World Airways, Inc.",,,,,Promotional materials; Brochures;,,1949,,1940-1949,Europe,eng,University of Miami. Library. Special Collections,"Pan American World Airways, Inc. records",ASM0341,Printed Materials: Brochures and Booklets: Destinations,Box No. 1 of 1; Box Title: Brochures and Booklets: Destinations; Folder No. 13; Folder Title: Europe (2 of 6),"This material is protected by copyright. Use for education purposes is permitted. Copyright was originally held by Pan American World Airways, Inc., but was transferred to the University of Miami. The Pan Am brand remains under trademark. For additional information, please visit: https://digitalcollections.library.miami.edu/digital/custom/copyright-guidelines",http://rightsstatements.org/vocab/InC-EDU/1.0/
asm0341001167,asm03410011670001001,Page 1,Europe by bike and Clipper,,,,,,,,,,,,,,,,,,,,
asm0341001167,asm03410011670002001,Page 2,Europe by bike and Clipper,,,,,,,,,,,,,,,,,,,,
asm0341001167,asm03410011670003001,Page 3,Europe by bike and Clipper,,,,,,,,,,,,,,,,,,,,
asm0341001167,asm03410011670004001,Page 4,Europe by bike and Clipper,,,,,,,,,,,,,,,,,,,,
asm0341001168,,Europe by bike and Clipper,Europe by bike and Clipper,,"Pan American World Airways, Inc.",,,,,Promotional materials; Brochures;,,1949,,1940-1949,Europe,eng,University of Miami. Library. Special Collections,"Pan American World Airways, Inc. records",ASM0341,Printed Materials: Brochures and Booklets: Destinations,Box No. 1 of 1; Box Title: Brochures and Booklets: Destinations; Folder No. 13; Folder Title: Europe (2 of 6),"This material is protected by copyright. Use for education purposes is permitted. Copyright was originally held by Pan American World Airways, Inc., but was transferred to the University of Miami. The Pan Am brand remains under trademark. For additional information, please visit: https://digitalcollections.library.miami.edu/digital/custom/copyright-guidelines",http://rightsstatements.org/vocab/InC-EDU/1.0/
asm0341001168,asm03410011680001001,Page 1,Europe by bike and Clipper,,,,,,,,,,,,,,,,,,,,
asm0341001168,asm03410011680002001,Page 2,Europe by bike and Clipper,,,,,,,,,,,,,,,,,,,,
asm0341001168,asm03410011680003001,Page 3,Europe by bike and Clipper,,,,,,,,,,,,,,,,,,,,
asm0341001169,,Your show plane to Europe,Your show plane to Europe,,"Pan American World Airways, Inc.",,,,,Promotional materials; Brochures;,,,,,Europe,eng,University of Miami. Library. Special Collections,"Pan American World Airways, Inc. records",ASM0341,Printed Materials: Brochures and Booklets: Destinations,Box No. 1 of 1; Box Title: Brochures and Booklets: Destinations; Folder No. 13; Folder Title: Europe (2 of 6),"The copyright and related rights status of this material is unknown. The Pan Am brand remains under trademark. For additional information, please visit: https://digitalcollections.library.miami.edu/digital/custom/copyright-guidelines",http://rightsstatements.org/vocab/UND/1.0/
asm0341001169,asm03410011690001001,Page 1,Your show plane to Europe,,,,,,,,,,,,,,,,,,,,
asm0341001169,asm03410011690002001,Page 2,Your show plane to Europe,,,,,,,,,,,,,,,,,,,,
asm0341001170,,Wonderful in Winter! to Europe by Clipper,Wonderful in Winter! to Europe by Clipper,,"Pan American World Airways, Inc.",,,,,Promotional materials; Brochures;,,,,,Europe,eng,University of Miami. Library. Special Collections,"Pan American World Airways, Inc. records",ASM0341,Printed Materials: Brochures and Booklets: Destinations,Box No. 1 of 1; Box Title: Brochures and Booklets: Destinations; Folder No. 13; Folder Title: Europe (2 of 6),"The copyright and related rights status of this material is unknown. The Pan Am brand remains under trademark. For additional information, please visit: https://digitalcollections.library.miami.edu/digital/custom/copyright-guidelines",http://rightsstatements.org/vocab/UND/1.0/
asm0341001170,asm03410011700001001,Page 1,Wonderful in Winter! to Europe by Clipper,,,,,,,,,,,,,,,,,,,,
asm0341001170,asm03410011700002001,Page 2,Wonderful in Winter! to Europe by Clipper,,,,,,,,,,,,,,,,,,,,
asm0341001171,,Fly to Ireland by Clipper,Fly to Ireland by Clipper,,"Pan American World Airways, Inc.",,,,,Promotional materials; Brochures;,,1955,,1950-1959,Ireland,eng,University of Miami. Library. Special Collections,"Pan American World Airways, Inc. records",ASM0341,Printed Materials: Brochures and Booklets: Destinations,Box No. 1 of 1; Box Title: Brochures and Booklets: Destinations; Folder No. 13; Folder Title: Europe (2 of 6),"This material is protected by copyright. Use for education purposes is permitted. Copyright was originally held by Pan American World Airways, Inc., but was transferred to the University of Miami. The Pan Am brand remains under trademark. For additional information, please visit: https://digitalcollections.library.miami.edu/digital/custom/copyright-guidelines",http://rightsstatements.org/vocab/InC-EDU/1.0/
asm0341001171,asm03410011710001001,Page 1,Fly to Ireland by Clipper,,,,,,,,,,,,,,,,,,,,
asm0341001171,asm03410011710002001,Page 2,Fly to Ireland by Clipper,,,,,,,,,,,,,,,,,,,,
asm0341001172,,Ad clericos et religiosos : viros iuvandos per terrarum orbem peregrinantes,Ad clericos et religiosos : viros iuvandos per terrarum orbem peregrinantes,,"Pan American World Airways, Inc.",,,,,Promotional materials; Brochures;,,,,,,lat,University of Miami. Library. Special Collections,"Pan American World Airways, Inc. records",ASM0341,Printed Materials: Brochures and Booklets: Destinations,Box No. 1 of 1; Box Title: Brochures and Booklets: Destinations; Folder No. 13; Folder Title: Europe (2 of 6),"The copyright and related rights status of this material is unknown. The Pan Am brand remains under trademark. For additional information, please visit: https://digitalcollections.library.miami.edu/digital/custom/copyright-guidelines",http://rightsstatements.org/vocab/UND/1.0/
asm0341001172,asm03410011720001001,Page 1,Ad clericos et religiosos : viros iuvandos per terrarum orbem peregrinantes,,,,,,,,,,,,,,,,,,,,
asm0341001172,asm03410011720002001,Page 2,Ad clericos et religiosos : viros iuvandos per terrarum orbem peregrinantes,,,,,,,,,,,,,,,,,,,,
asm0341001173,,Pan American's guide to Turkey,Pan American's guide to Turkey,,"Pan American World Airways, Inc.",,,,,Travel guidebooks;,,,,,Turkey,eng,University of Miami. Library. Special Collections,"Pan American World Airways, Inc. records",ASM0341,Printed Materials: Brochures and Booklets: Destinations,Box No. 1 of 1; Box Title: Brochures and Booklets: Destinations; Folder No. 14; Folder Title: Europe (3 of 6),"The copyright and related rights status of this material is unknown. The Pan Am brand remains under trademark. For additional information, please visit: https://digitalcollections.library.miami.edu/digital/custom/copyright-guidelines",http://rightsstatements.org/vocab/UND/1.0/
asm0341001173,asm03410011730001001,Page 1,Pan American's guide to Turkey,,,,,,,,,,,,,,,,,,,,
asm0341001173,asm03410011730002001,Page 2,Pan American's guide to Turkey,,,,,,,,,,,,,,,,,,,,
asm0341001173,asm03410011730003001,Page 3,Pan American's guide to Turkey,,,,,,,,,,,,,,,,,,,,
asm0341001173,asm03410011730004001,Page 4,Pan American's guide to Turkey,,,,,,,,,,,,,,,,,,,,
asm0341001173,asm03410011730005001,Page 5,Pan American's guide to Turkey,,,,,,,,,,,,,,,,,,,,
asm0341001173,asm03410011730006001,Page 6,Pan American's guide to Turkey,,,,,,,,,,,,,,,,,,,,
asm0341001173,asm03410011730007001,Page 7,Pan American's guide to Turkey,,,,,,,,,,,,,,,,,,,,
asm0341001173,asm03410011730008001,Page 8,Pan American's guide to Turkey,,,,,,,,,,,,,,,,,,,,
asm0341001174,,Pan American's guide to England,Pan American's guide to England,,"Pan American World Airways, Inc.",,,,,Travel guidebooks;,,,,,England,eng,University of Miami. Library. Special Collections,"Pan American World Airways, Inc. records",ASM0341,Printed Materials: Brochures and Booklets: Destinations,Box No. 1 of 1; Box Title: Brochures and Booklets: Destinations; Folder No. 14; Folder Title: Europe (3 of 6),"The copyright and related rights status of this material is unknown. The Pan Am brand remains under trademark. For additional information, please visit: https://digitalcollections.library.miami.edu/digital/custom/copyright-guidelines",http://rightsstatements.org/vocab/UND/1.0/
asm0341001174,asm03410011740001001,Page 1,Pan American's guide to England,,,,,,,,,,,,,,,,,,,,
asm0341001174,asm03410011740002001,Page 2,Pan American's guide to England,,,,,,,,,,,,,,,,,,,,
asm0341001174,asm03410011740003001,Page 3,Pan American's guide to England,,,,,,,,,,,,,,,,,,,,
asm0341001174,asm03410011740004001,Page 4,Pan American's guide to England,,,,,,,,,,,,,,,,,,,,
asm0341001174,asm03410011740005001,Page 5,Pan American's guide to England,,,,,,,,,,,,,,,,,,,,
asm0341001174,asm03410011740006001,Page 6,Pan American's guide to England,,,,,,,,,,,,,,,,,,,,
asm0341001174,asm03410011740007001,Page 7,Pan American's guide to England,,,,,,,,,,,,,,,,,,,,
asm0341001174,asm03410011740008001,Page 8,Pan American's guide to England,,,,,,,,,,,,,,,,,,,,
asm0341001174,asm03410011740009001,Page 9,Pan American's guide to England,,,,,,,,,,,,,,,,,,,,
asm0341001174,asm03410011740010001,Page 10,Pan American's guide to England,,,,,,,,,,,,,,,,,,,,
asm0341001174,asm03410011740011001,Page 11,Pan American's guide to England,,,,,,,,,,,,,,,,,,,,
asm0341001174,asm03410011740012001,Page 12,Pan American's guide to England,,,,,,,,,,,,,,,,,,,,
asm0341001175,,Pan American's guide to England,Pan American's guide to England,,"Pan American World Airways, Inc.",,,,,Travel guidebooks;,,,,,England,eng,University of Miami. Library. Special Collections,"Pan American World Airways, Inc. records",ASM0341,Printed Materials: Brochures and Booklets: Destinations,Box No. 1 of 1; Box Title: Brochures and Booklets: Destinations; Folder No. 14; Folder Title: Europe (3 of 6),"The copyright and related rights status of this material is unknown. The Pan Am brand remains under trademark. For additional information, please visit: https://digitalcollections.library.miami.edu/digital/custom/copyright-guidelines",http://rightsstatements.org/vocab/UND/1.0/
asm0341001175,asm03410011750001001,Page 1,Pan American's guide to England,,,,,,,,,,,,,,,,,,,,
asm0341001175,asm03410011750002001,Page 2,Pan American's guide to England,,,,,,,,,,,,,,,,,,,,
asm0341001175,asm03410011750003001,Page 3,Pan American's guide to England,,,,,,,,,,,,,,,,,,,,
asm0341001175,asm03410011750004001,Page 4,Pan American's guide to England,,,,,,,,,,,,,,,,,,,,
asm0341001175,asm03410011750005001,Page 5,Pan American's guide to England,,,,,,,,,,,,,,,,,,,,
asm0341001175,asm03410011750006001,Page 6,Pan American's guide to England,,,,,,,,,,,,,,,,,,,,
asm0341001175,asm03410011750007001,Page 7,Pan American's guide to England,,,,,,,,,,,,,,,,,,,,
asm0341001175,asm03410011750008001,Page 8,Pan American's guide to England,,,,,,,,,,,,,,,,,,,,
asm0341001175,asm03410011750009001,Page 9,Pan American's guide to England,,,,,,,,,,,,,,,,,,,,
asm0341001175,asm03410011750010001,Page 10,Pan American's guide to England,,,,,,,,,,,,,,,,,,,,
asm0341001175,asm03410011750011001,Page 11,Pan American's guide to England,,,,,,,,,,,,,,,,,,,,
asm0341001175,asm03410011750012001,Page 12,Pan American's guide to England,,,,,,,,,,,,,,,,,,,,
asm0341001176,,Pan American's guide to Austria,Pan American's guide to Austria,,"Pan American World Airways, Inc.",,,,,Travel guidebooks;,,,,,Austria,eng,University of Miami. Library. Special Collections,"Pan American World Airways, Inc. records",ASM0341,Printed Materials: Brochures and Booklets: Destinations,Box No. 1 of 1; Box Title: Brochures and Booklets: Destinations; Folder No. 14; Folder Title: Europe (3 of 6),"The copyright and related rights status of this material is unknown. The Pan Am brand remains under trademark. For additional information, please visit: https://digitalcollections.library.miami.edu/digital/custom/copyright-guidelines",http://rightsstatements.org/vocab/UND/1.0/
asm0341001176,asm03410011760001001,Page 1,Pan American's guide to Austria,,,,,,,,,,,,,,,,,,,,
asm0341001176,asm03410011760002001,Page 2,Pan American's guide to Austria,,,,,,,,,,,,,,,,,,,,
asm0341001176,asm03410011760003001,Page 3,Pan American's guide to Austria,,,,,,,,,,,,,,,,,,,,
asm0341001176,asm03410011760004001,Page 4,Pan American's guide to Austria,,,,,,,,,,,,,,,,,,,,
asm0341001176,asm03410011760005001,Page 5,Pan American's guide to Austria,,,,,,,,,,,,,,,,,,,,
asm0341001176,asm03410011760006001,Page 6,Pan American's guide to Austria,,,,,,,,,,,,,,,,,,,,
asm0341001176,asm03410011760007001,Page 7,Pan American's guide to Austria,,,,,,,,,,,,,,,,,,,,
asm0341001176,asm03410011760008001,Page 8,Pan American's guide to Austria,,,,,,,,,,,,,,,,,,,,
asm0341001176,asm03410011760009001,Page 9,Pan American's guide to Austria,,,,,,,,,,,,,,,,,,,,
asm0341001176,asm03410011760010001,Page 10,Pan American's guide to Austria,,,,,,,,,,,,,,,,,,,,
asm0341001176,asm03410011760011001,Page 11,Pan American's guide to Austria,,,,,,,,,,,,,,,,,,,,
asm0341001176,asm03410011760012001,Page 12,Pan American's guide to Austria,,,,,,,,,,,,,,,,,,,,
asm0341001177,,Pan American's guide to France,Pan American's guide to France,,"Pan American World Airways, Inc.",,,,,Travel guidebooks;,,,,,France,eng,University of Miami. Library. Special Collections,"Pan American World Airways, Inc. records",ASM0341,Printed Materials: Brochures and Booklets: Destinations,Box No. 1 of 1; Box Title: Brochures and Booklets: Destinations; Folder No. 14; Folder Title: Europe (3 of 6),"The copyright and related rights status of this material is unknown. The Pan Am brand remains under trademark. For additional information, please visit: https://digitalcollections.library.miami.edu/digital/custom/copyright-guidelines",http://rightsstatements.org/vocab/UND/1.0/
asm0341001177,asm03410011770001001,Page 1,Pan American's guide to France,,,,,,,,,,,,,,,,,,,,
asm0341001177,asm03410011770002001,Page 2,Pan American's guide to France,,,,,,,,,,,,,,,,,,,,
asm0341001177,asm03410011770003001,Page 3,Pan American's guide to France,,,,,,,,,,,,,,,,,,,,
asm0341001177,asm03410011770004001,Page 4,Pan American's guide to France,,,,,,,,,,,,,,,,,,,,
asm0341001177,asm03410011770005001,Page 5,Pan American's guide to France,,,,,,,,,,,,,,,,,,,,
asm0341001177,asm03410011770006001,Page 6,Pan American's guide to France,,,,,,,,,,,,,,,,,,,,
asm0341001177,asm03410011770007001,Page 7,Pan American's guide to France,,,,,,,,,,,,,,,,,,,,
asm0341001177,asm03410011770008001,Page 8,Pan American's guide to France,,,,,,,,,,,,,,,,,,,,
asm0341001177,asm03410011770009001,Page 9,Pan American's guide to France,,,,,,,,,,,,,,,,,,,,
asm0341001177,asm03410011770010001,Page 10,Pan American's guide to France,,,,,,,,,,,,,,,,,,,,
asm0341001177,asm03410011770011001,Page 11,Pan American's guide to France,,,,,,,,,,,,,,,,,,,,
asm0341001177,asm03410011770012001,Page 12,Pan American's guide to France,,,,,,,,,,,,,,,,,,,,
asm0341001178,,Pan American's guide to Germany,Pan American's guide to Germany,,"Pan American World Airways, Inc.",,,,,Travel guidebooks;,,,,,Germany,eng,University of Miami. Library. Special Collections,"Pan American World Airways, Inc. records",ASM0341,Printed Materials: Brochures and Booklets: Destinations,Box No. 1 of 1; Box Title: Brochures and Booklets: Destinations; Folder No. 14; Folder Title: Europe (3 of 6),"The copyright and related rights status of this material is unknown. The Pan Am brand remains under trademark. For additional information, please visit: https://digitalcollections.library.miami.edu/digital/custom/copyright-guidelines",http://rightsstatements.org/vocab/UND/1.0/
asm0341001178,asm03410011780001001,Page 1,Pan American's guide to Germany,,,,,,,,,,,,,,,,,,,,
asm0341001178,asm03410011780002001,Page 2,Pan American's guide to Germany,,,,,,,,,,,,,,,,,,,,
asm0341001178,asm03410011780003001,Page 3,Pan American's guide to Germany,,,,,,,,,,,,,,,,,,,,
asm0341001178,asm03410011780004001,Page 4,Pan American's guide to Germany,,,,,,,,,,,,,,,,,,,,
asm0341001178,asm03410011780005001,Page 5,Pan American's guide to Germany,,,,,,,,,,,,,,,,,,,,
asm0341001178,asm03410011780006001,Page 6,Pan American's guide to Germany,,,,,,,,,,,,,,,,,,,,
asm0341001178,asm03410011780007001,Page 7,Pan American's guide to Germany,,,,,,,,,,,,,,,,,,,,
asm0341001178,asm03410011780008001,Page 8,Pan American's guide to Germany,,,,,,,,,,,,,,,,,,,,
asm0341001178,asm03410011780009001,Page 9,Pan American's guide to Germany,,,,,,,,,,,,,,,,,,,,
asm0341001178,asm03410011780010001,Page 10,Pan American's guide to Germany,,,,,,,,,,,,,,,,,,,,
asm0341001178,asm03410011780011001,Page 11,Pan American's guide to Germany,,,,,,,,,,,,,,,,,,,,
asm0341001178,asm03410011780012001,Page 12,Pan American's guide to Germany,,,,,,,,,,,,,,,,,,,,
asm0341001179,,Pan American's guide to Belgium,Pan American's guide to Belgium,,"Pan American World Airways, Inc.",,,,,Travel guidebooks;,,,,,Belgium,eng,University of Miami. Library. Special Collections,"Pan American World Airways, Inc. records",ASM0341,Printed Materials: Brochures and Booklets: Destinations,Box No. 1 of 1; Box Title: Brochures and Booklets: Destinations; Folder No. 14; Folder Title: Europe (3 of 6),"The copyright and related rights status of this material is unknown. The Pan Am brand remains under trademark. For additional information, please visit: https://digitalcollections.library.miami.edu/digital/custom/copyright-guidelines",http://rightsstatements.org/vocab/UND/1.0/
asm0341001179,asm03410011790001001,Page 1,Pan American's guide to Belgium,,,,,,,,,,,,,,,,,,,,
asm0341001179,asm03410011790002001,Page 2,Pan American's guide to Belgium,,,,,,,,,,,,,,,,,,,,
asm0341001179,asm03410011790003001,Page 3,Pan American's guide to Belgium,,,,,,,,,,,,,,,,,,,,
asm0341001179,asm03410011790004001,Page 4,Pan American's guide to Belgium,,,,,,,,,,,,,,,,,,,,
asm0341001179,asm03410011790005001,Page 5,Pan American's guide to Belgium,,,,,,,,,,,,,,,,,,,,
asm0341001179,asm03410011790006001,Page 6,Pan American's guide to Belgium,,,,,,,,,,,,,,,,,,,,
asm0341001179,asm03410011790007001,Page 7,Pan American's guide to Belgium,,,,,,,,,,,,,,,,,,,,
asm0341001179,asm03410011790008001,Page 8,Pan American's guide to Belgium,,,,,,,,,,,,,,,,,,,,
asm0341001180,,Pan American's guide to France,Pan American's guide to France,,"Pan American World Airways, Inc.",,,,,Travel guidebooks;,,1965,,1960-1969,France,eng,University of Miami. Library. Special Collections,"Pan American World Airways, Inc. records",ASM0341,Printed Materials: Brochures and Booklets: Destinations,Box No. 1 of 1; Box Title: Brochures and Booklets: Destinations; Folder No. 14; Folder Title: Europe (3 of 6),"This material is protected by copyright. Use for education purposes is permitted. Copyright was originally held by Pan American World Airways, Inc., but was transferred to the University of Miami. The Pan Am brand remains under trademark. For additional information, please visit: https://digitalcollections.library.miami.edu/digital/custom/copyright-guidelines",http://rightsstatements.org/vocab/InC-EDU/1.0/
asm0341001180,asm03410011800001001,Page 1,Pan American's guide to France,,,,,,,,,,,,,,,,,,,,
asm0341001180,asm03410011800002001,Page 2,Pan American's guide to France,,,,,,,,,,,,,,,,,,,,
asm0341001180,asm03410011800003001,Page 3,Pan American's guide to France,,,,,,,,,,,,,,,,,,,,
asm0341001180,asm03410011800004001,Page 4,Pan American's guide to France,,,,,,,,,,,,,,,,,,,,
asm0341001180,asm03410011800005001,Page 5,Pan American's guide to France,,,,,,,,,,,,,,,,,,,,
asm0341001180,asm03410011800006001,Page 6,Pan American's guide to France,,,,,,,,,,,,,,,,,,,,
asm0341001180,asm03410011800007001,Page 7,Pan American's guide to France,,,,,,,,,,,,,,,,,,,,
asm0341001180,asm03410011800008001,Page 8,Pan American's guide to France,,,,,,,,,,,,,,,,,,,,
asm0341001180,asm03410011800009001,Page 9,Pan American's guide to France,,,,,,,,,,,,,,,,,,,,
asm0341001180,asm03410011800010001,Page 10,Pan American's guide to France,,,,,,,,,,,,,,,,,,,,
asm0341001180,asm03410011800011001,Page 11,Pan American's guide to France,,,,,,,,,,,,,,,,,,,,
asm0341001180,asm03410011800012001,Page 12,Pan American's guide to France,,,,,,,,,,,,,,,,,,,,
asm0341001181,,Pan American's guide to Great Britain and Northern Ireland,Pan American's guide to Great Britain and Northern Ireland,,"Pan American World Airways, Inc.",,,,,Travel guidebooks;,,1965,,1960-1969,Great Britain; Northern Ireland,eng,University of Miami. Library. Special Collections,"Pan American World Airways, Inc. records",ASM0341,Printed Materials: Brochures and Booklets: Destinations,Box No. 1 of 1; Box Title: Brochures and Booklets: Destinations; Folder No. 14; Folder Title: Europe (3 of 6),"This material is protected by copyright. Use for education purposes is permitted. Copyright was originally held by Pan American World Airways, Inc., but was transferred to the University of Miami. The Pan Am brand remains under trademark. For additional information, please visit: https://digitalcollections.library.miami.edu/digital/custom/copyright-guidelines",http://rightsstatements.org/vocab/InC-EDU/1.0/
asm0341001181,asm03410011810001001,Page 1,Pan American's guide to Great Britain and Northern Ireland,,,,,,,,,,,,,,,,,,,,
asm0341001181,asm03410011810002001,Page 2,Pan American's guide to Great Britain and Northern Ireland,,,,,,,,,,,,,,,,,,,,
asm0341001181,asm03410011810003001,Page 3,Pan American's guide to Great Britain and Northern Ireland,,,,,,,,,,,,,,,,,,,,
asm0341001181,asm03410011810004001,Page 4,Pan American's guide to Great Britain and Northern Ireland,,,,,,,,,,,,,,,,,,,,
asm0341001181,asm03410011810005001,Page 5,Pan American's guide to Great Britain and Northern Ireland,,,,,,,,,,,,,,,,,,,,
asm0341001181,asm03410011810006001,Page 6,Pan American's guide to Great Britain and Northern Ireland,,,,,,,,,,,,,,,,,,,,
asm0341001181,asm03410011810007001,Page 7,Pan American's guide to Great Britain and Northern Ireland,,,,,,,,,,,,,,,,,,,,
asm0341001181,asm03410011810008001,Page 8,Pan American's guide to Great Britain and Northern Ireland,,,,,,,,,,,,,,,,,,,,
asm0341001181,asm03410011810009001,Page 9,Pan American's guide to Great Britain and Northern Ireland,,,,,,,,,,,,,,,,,,,,
asm0341001181,asm03410011810010001,Page 10,Pan American's guide to Great Britain and Northern Ireland,,,,,,,,,,,,,,,,,,,,
asm0341001181,asm03410011810011001,Page 11,Pan American's guide to Great Britain and Northern Ireland,,,,,,,,,,,,,,,,,,,,
asm0341001181,asm03410011810012001,Page 12,Pan American's guide to Great Britain and Northern Ireland,,,,,,,,,,,,,,,,,,,,
asm0341001181,asm03410011810013001,Page 13,Pan American's guide to Great Britain and Northern Ireland,,,,,,,,,,,,,,,,,,,,
asm0341001181,asm03410011810014001,Page 14,Pan American's guide to Great Britain and Northern Ireland,,,,,,,,,,,,,,,,,,,,
asm0341001181,asm03410011810015001,Page 15,Pan American's guide to Great Britain and Northern Ireland,,,,,,,,,,,,,,,,,,,,
asm0341001181,asm03410011810016001,Page 16,Pan American's guide to Great Britain and Northern Ireland,,,,,,,,,,,,,,,,,,,,
asm0341001181,asm03410011810017001,Page 17,Pan American's guide to Great Britain and Northern Ireland,,,,,,,,,,,,,,,,,,,,
asm0341001181,asm03410011810018001,Page 18,Pan American's guide to Great Britain and Northern Ireland,,,,,,,,,,,,,,,,,,,,
asm0341001181,asm03410011810019001,Page 19,Pan American's guide to Great Britain and Northern Ireland,,,,,,,,,,,,,,,,,,,,
asm0341001181,asm03410011810020001,Page 20,Pan American's guide to Great Britain and Northern Ireland,,,,,,,,,,,,,,,,,,,,
asm0341001182,,Pan American's guide to Sweden,Pan American's guide to Sweden,,"Pan American World Airways, Inc.",,,,,Travel guidebooks;,,1965,,1960-1969,Sweden,eng,University of Miami. Library. Special Collections,"Pan American World Airways, Inc. records",ASM0341,Printed Materials: Brochures and Booklets: Destinations,Box No. 1 of 1; Box Title: Brochures and Booklets: Destinations; Folder No. 14; Folder Title: Europe (3 of 6),"This material is protected by copyright. Use for education purposes is permitted. Copyright was originally held by Pan American World Airways, Inc., but was transferred to the University of Miami. The Pan Am brand remains under trademark. For additional information, please visit: https://digitalcollections.library.miami.edu/digital/custom/copyright-guidelines",http://rightsstatements.org/vocab/InC-EDU/1.0/
asm0341001182,asm03410011820001001,Page 1,Pan American's guide to Sweden,,,,,,,,,,,,,,,,,,,,
asm0341001182,asm03410011820002001,Page 2,Pan American's guide to Sweden,,,,,,,,,,,,,,,,,,,,
asm0341001182,asm03410011820003001,Page 3,Pan American's guide to Sweden,,,,,,,,,,,,,,,,,,,,
asm0341001182,asm03410011820004001,Page 4,Pan American's guide to Sweden,,,,,,,,,,,,,,,,,,,,
asm0341001182,asm03410011820005001,Page 5,Pan American's guide to Sweden,,,,,,,,,,,,,,,,,,,,
asm0341001182,asm03410011820006001,Page 6,Pan American's guide to Sweden,,,,,,,,,,,,,,,,,,,,
asm0341001182,asm03410011820007001,Page 7,Pan American's guide to Sweden,,,,,,,,,,,,,,,,,,,,
asm0341001182,asm03410011820008001,Page 8,Pan American's guide to Sweden,,,,,,,,,,,,,,,,,,,,
asm0341001182,asm03410011820009001,Page 9,Pan American's guide to Sweden,,,,,,,,,,,,,,,,,,,,
asm0341001182,asm03410011820010001,Page 10,Pan American's guide to Sweden,,,,,,,,,,,,,,,,,,,,
asm0341001182,asm03410011820011001,Page 11,Pan American's guide to Sweden,,,,,,,,,,,,,,,,,,,,
asm0341001182,asm03410011820012001,Page 12,Pan American's guide to Sweden,,,,,,,,,,,,,,,,,,,,
asm0341001183,,Pan American's guide to Denmark,Pan American's guide to Denmark,,"Pan American World Airways, Inc.",,,,,Travel guidebooks;,,1965,,1960-1969,Denmark,eng,University of Miami. Library. Special Collections,"Pan American World Airways, Inc. records",ASM0341,Printed Materials: Brochures and Booklets: Destinations,Box No. 1 of 1; Box Title: Brochures and Booklets: Destinations; Folder No. 14; Folder Title: Europe (3 of 6),"This material is protected by copyright. Use for education purposes is permitted. Copyright was originally held by Pan American World Airways, Inc., but was transferred to the University of Miami. The Pan Am brand remains under trademark. For additional information, please visit: https://digitalcollections.library.miami.edu/digital/custom/copyright-guidelines",http://rightsstatements.org/vocab/InC-EDU/1.0/
asm0341001183,asm03410011830001001,Page 1,Pan American's guide to Denmark,,,,,,,,,,,,,,,,,,,,
asm0341001183,asm03410011830002001,Page 2,Pan American's guide to Denmark,,,,,,,,,,,,,,,,,,,,
asm0341001183,asm03410011830003001,Page 3,Pan American's guide to Denmark,,,,,,,,,,,,,,,,,,,,
asm0341001183,asm03410011830004001,Page 4,Pan American's guide to Denmark,,,,,,,,,,,,,,,,,,,,
asm0341001183,asm03410011830005001,Page 5,Pan American's guide to Denmark,,,,,,,,,,,,,,,,,,,,
asm0341001183,asm03410011830006001,Page 6,Pan American's guide to Denmark,,,,,,,,,,,,,,,,,,,,
asm0341001183,asm03410011830007001,Page 7,Pan American's guide to Denmark,,,,,,,,,,,,,,,,,,,,
asm0341001183,asm03410011830008001,Page 8,Pan American's guide to Denmark,,,,,,,,,,,,,,,,,,,,
asm0341001184,,Pan American's guide to Greece,Pan American's guide to Greece,,"Pan American World Airways, Inc.",,,,,Travel guidebooks;,,1965,,1960-1969,Greece,eng,University of Miami. Library. Special Collections,"Pan American World Airways, Inc. records",ASM0341,Printed Materials: Brochures and Booklets: Destinations,Box No. 1 of 1; Box Title: Brochures and Booklets: Destinations; Folder No. 14; Folder Title: Europe (3 of 6),"This material is protected by copyright. Use for education purposes is permitted. Copyright was originally held by Pan American World Airways, Inc., but was transferred to the University of Miami. The Pan Am brand remains under trademark. For additional information, please visit: https://digitalcollections.library.miami.edu/digital/custom/copyright-guidelines",http://rightsstatements.org/vocab/InC-EDU/1.0/
asm0341001184,asm03410011840001001,Page 1,Pan American's guide to Greece,,,,,,,,,,,,,,,,,,,,
asm0341001184,asm03410011840002001,Page 2,Pan American's guide to Greece,,,,,,,,,,,,,,,,,,,,
asm0341001184,asm03410011840003001,Page 3,Pan American's guide to Greece,,,,,,,,,,,,,,,,,,,,
asm0341001184,asm03410011840004001,Page 4,Pan American's guide to Greece,,,,,,,,,,,,,,,,,,,,
asm0341001184,asm03410011840005001,Page 5,Pan American's guide to Greece,,,,,,,,,,,,,,,,,,,,
asm0341001184,asm03410011840006001,Page 6,Pan American's guide to Greece,,,,,,,,,,,,,,,,,,,,
asm0341001184,asm03410011840007001,Page 7,Pan American's guide to Greece,,,,,,,,,,,,,,,,,,,,
asm0341001184,asm03410011840008001,Page 8,Pan American's guide to Greece,,,,,,,,,,,,,,,,,,,,
asm0341001185,,Pan American's guide to Ireland,Pan American's guide to Ireland,,"Pan American World Airways, Inc.",,,,,Travel guidebooks;,,1965,,1960-1969,Ireland,eng,University of Miami. Library. Special Collections,"Pan American World Airways, Inc. records",ASM0341,Printed Materials: Brochures and Booklets: Destinations,Box No. 1 of 1; Box Title: Brochures and Booklets: Destinations; Folder No. 14; Folder Title: Europe (3 of 6),"This material is protected by copyright. Use for education purposes is permitted. Copyright was originally held by Pan American World Airways, Inc., but was transferred to the University of Miami. The Pan Am brand remains under trademark. For additional information, please visit: https://digitalcollections.library.miami.edu/digital/custom/copyright-guidelines",http://rightsstatements.org/vocab/InC-EDU/1.0/
asm0341001185,asm03410011850001001,Page 1,Pan American's guide to Ireland,,,,,,,,,,,,,,,,,,,,
asm0341001185,asm03410011850002001,Page 2,Pan American's guide to Ireland,,,,,,,,,,,,,,,,,,,,
asm0341001185,asm03410011850003001,Page 3,Pan American's guide to Ireland,,,,,,,,,,,,,,,,,,,,
asm0341001185,asm03410011850004001,Page 4,Pan American's guide to Ireland,,,,,,,,,,,,,,,,,,,,
asm0341001185,asm03410011850005001,Page 5,Pan American's guide to Ireland,,,,,,,,,,,,,,,,,,,,
asm0341001185,asm03410011850006001,Page 6,Pan American's guide to Ireland,,,,,,,,,,,,,,,,,,,,
asm0341001185,asm03410011850007001,Page 7,Pan American's guide to Ireland,,,,,,,,,,,,,,,,,,,,
asm0341001185,asm03410011850008001,Page 8,Pan American's guide to Ireland,,,,,,,,,,,,,,,,,,,,
asm0341001186,,Pan American's guide to Italy,Pan American's guide to Italy,,"Pan American World Airways, Inc.",,,,,Travel guidebooks;,,,,,Italy,eng,University of Miami. Library. Special Collections,"Pan American World Airways, Inc. records",ASM0341,Printed Materials: Brochures and Booklets: Destinations,Box No. 1 of 1; Box Title: Brochures and Booklets: Destinations; Folder No. 14; Folder Title: Europe (3 of 6),"The copyright and related rights status of this material is unknown. The Pan Am brand remains under trademark. For additional information, please visit: https://digitalcollections.library.miami.edu/digital/custom/copyright-guidelines",http://rightsstatements.org/vocab/UND/1.0/
asm0341001186,asm03410011860001001,Page 1,Pan American's guide to Italy,,,,,,,,,,,,,,,,,,,,
asm0341001186,asm03410011860002001,Page 2,Pan American's guide to Italy,,,,,,,,,,,,,,,,,,,,
asm0341001186,asm03410011860003001,Page 3,Pan American's guide to Italy,,,,,,,,,,,,,,,,,,,,
asm0341001186,asm03410011860004001,Page 4,Pan American's guide to Italy,,,,,,,,,,,,,,,,,,,,
asm0341001186,asm03410011860005001,Page 5,Pan American's guide to Italy,,,,,,,,,,,,,,,,,,,,
asm0341001186,asm03410011860006001,Page 6,Pan American's guide to Italy,,,,,,,,,,,,,,,,,,,,
asm0341001186,asm03410011860007001,Page 7,Pan American's guide to Italy,,,,,,,,,,,,,,,,,,,,
asm0341001186,asm03410011860008001,Page 8,Pan American's guide to Italy,,,,,,,,,,,,,,,,,,,,
asm0341001186,asm03410011860009001,Page 9,Pan American's guide to Italy,,,,,,,,,,,,,,,,,,,,
asm0341001186,asm03410011860010001,Page 10,Pan American's guide to Italy,,,,,,,,,,,,,,,,,,,,
asm0341001186,asm03410011860011001,Page 11,Pan American's guide to Italy,,,,,,,,,,,,,,,,,,,,
asm0341001186,asm03410011860012001,Page 12,Pan American's guide to Italy,,,,,,,,,,,,,,,,,,,,
asm0341001187,,Pan American's guide to Spain,Pan American's guide to Spain,,"Pan American World Airways, Inc.",,,,,Travel guidebooks;,,1965,,1960-1969,Spain,eng,University of Miami. Library. Special Collections,"Pan American World Airways, Inc. records",ASM0341,Printed Materials: Brochures and Booklets: Destinations,Box No. 1 of 1; Box Title: Brochures and Booklets: Destinations; Folder No. 14; Folder Title: Europe (3 of 6),"This material is protected by copyright. Use for education purposes is permitted. Copyright was originally held by Pan American World Airways, Inc., but was transferred to the University of Miami. The Pan Am brand remains under trademark. For additional information, please visit: https://digitalcollections.library.miami.edu/digital/custom/copyright-guidelines",http://rightsstatements.org/vocab/InC-EDU/1.0/
asm0341001187,asm03410011870001001,Page 1,Pan American's guide to Spain,,,,,,,,,,,,,,,,,,,,
asm0341001187,asm03410011870002001,Page 2,Pan American's guide to Spain,,,,,,,,,,,,,,,,,,,,
asm0341001187,asm03410011870003001,Page 3,Pan American's guide to Spain,,,,,,,,,,,,,,,,,,,,
asm0341001187,asm03410011870004001,Page 4,Pan American's guide to Spain,,,,,,,,,,,,,,,,,,,,
asm0341001187,asm03410011870005001,Page 5,Pan American's guide to Spain,,,,,,,,,,,,,,,,,,,,
asm0341001187,asm03410011870006001,Page 6,Pan American's guide to Spain,,,,,,,,,,,,,,,,,,,,
asm0341001187,asm03410011870007001,Page 7,Pan American's guide to Spain,,,,,,,,,,,,,,,,,,,,
asm0341001187,asm03410011870008001,Page 8,Pan American's guide to Spain,,,,,,,,,,,,,,,,,,,,
asm0341001187,asm03410011870009001,Page 9,Pan American's guide to Spain,,,,,,,,,,,,,,,,,,,,
asm0341001187,asm03410011870010001,Page 10,Pan American's guide to Spain,,,,,,,,,,,,,,,,,,,,
asm0341001187,asm03410011870011001,Page 11,Pan American's guide to Spain,,,,,,,,,,,,,,,,,,,,
asm0341001187,asm03410011870012001,Page 12,Pan American's guide to Spain,,,,,,,,,,,,,,,,,,,,
asm0341001188,,Pan American's guide to Norway,Pan American's guide to Norway,,"Pan American World Airways, Inc.",,,,,Travel guidebooks;,,1965,,1960-1969,Norway,eng,University of Miami. Library. Special Collections,"Pan American World Airways, Inc. records",ASM0341,Printed Materials: Brochures and Booklets: Destinations,Box No. 1 of 1; Box Title: Brochures and Booklets: Destinations; Folder No. 14; Folder Title: Europe (3 of 6),"This material is protected by copyright. Use for education purposes is permitted. Copyright was originally held by Pan American World Airways, Inc., but was transferred to the University of Miami. The Pan Am brand remains under trademark. For additional information, please visit: https://digitalcollections.library.miami.edu/digital/custom/copyright-guidelines",http://rightsstatements.org/vocab/InC-EDU/1.0/
asm0341001188,asm03410011880001001,Page 1,Pan American's guide to Norway,,,,,,,,,,,,,,,,,,,,
asm0341001188,asm03410011880002001,Page 2,Pan American's guide to Norway,,,,,,,,,,,,,,,,,,,,
asm0341001188,asm03410011880003001,Page 3,Pan American's guide to Norway,,,,,,,,,,,,,,,,,,,,
asm0341001188,asm03410011880004001,Page 4,Pan American's guide to Norway,,,,,,,,,,,,,,,,,,,,
asm0341001188,asm03410011880005001,Page 5,Pan American's guide to Norway,,,,,,,,,,,,,,,,,,,,
asm0341001188,asm03410011880006001,Page 6,Pan American's guide to Norway,,,,,,,,,,,,,,,,,,,,
asm0341001188,asm03410011880007001,Page 7,Pan American's guide to Norway,,,,,,,,,,,,,,,,,,,,
asm0341001188,asm03410011880008001,Page 8,Pan American's guide to Norway,,,,,,,,,,,,,,,,,,,,
asm0341001189,,Pan American's guide to Norway,Pan American's guide to Norway,,"Pan American World Airways, Inc.",,,,,Travel guidebooks;,,,,,Norway,eng,University of Miami. Library. Special Collections,"Pan American World Airways, Inc. records",ASM0341,Printed Materials: Brochures and Booklets: Destinations,Box No. 1 of 1; Box Title: Brochures and Booklets: Destinations; Folder No. 14; Folder Title: Europe (3 of 6),"The copyright and related rights status of this material is unknown. The Pan Am brand remains under trademark. For additional information, please visit: https://digitalcollections.library.miami.edu/digital/custom/copyright-guidelines",http://rightsstatements.org/vocab/UND/1.0/
asm0341001189,asm03410011890001001,Page 1,Pan American's guide to Norway,,,,,,,,,,,,,,,,,,,,
asm0341001189,asm03410011890002001,Page 2,Pan American's guide to Norway,,,,,,,,,,,,,,,,,,,,
asm0341001189,asm03410011890003001,Page 3,Pan American's guide to Norway,,,,,,,,,,,,,,,,,,,,
asm0341001189,asm03410011890004001,Page 4,Pan American's guide to Norway,,,,,,,,,,,,,,,,,,,,
asm0341001189,asm03410011890005001,Page 5,Pan American's guide to Norway,,,,,,,,,,,,,,,,,,,,
asm0341001189,asm03410011890006001,Page 6,Pan American's guide to Norway,,,,,,,,,,,,,,,,,,,,
asm0341001189,asm03410011890007001,Page 7,Pan American's guide to Norway,,,,,,,,,,,,,,,,,,,,
asm0341001189,asm03410011890008001,Page 8,Pan American's guide to Norway,,,,,,,,,,,,,,,,,,,,
asm0341001190,,To Europe in comfort by Clipper,To Europe in comfort by Clipper,,"Pan American World Airways, Inc.",,,,,Promotional materials; Brochures;,,,,,Europe,eng,University of Miami. Library. Special Collections,"Pan American World Airways, Inc. records",ASM0341,Printed Materials: Brochures and Booklets: Destinations,Box No. 1 of 1; Box Title: Brochures and Booklets: Destinations; Folder No. 15; Folder Title: Europe (4 of 6),"The copyright and related rights status of this material is unknown. The Pan Am brand remains under trademark. For additional information, please visit: https://digitalcollections.library.miami.edu/digital/custom/copyright-guidelines",http://rightsstatements.org/vocab/UND/1.0/
asm0341001190,asm03410011900001001,Page 1,To Europe in comfort by Clipper,,,,,,,,,,,,,,,,,,,,
asm0341001190,asm03410011900002001,Page 2,To Europe in comfort by Clipper,,,,,,,,,,,,,,,,,,,,
asm0341001191,,"Art Buchwald's secret list of Paris wining, dining, etc.","Art Buchwald's secret list of Paris wining, dining, etc.",,"Pan American World Airways, Inc.",,,,,Travel guidebooks; City directories,,1959,,1950-1959,Paris (France),eng,University of Miami. Library. Special Collections,"Pan American World Airways, Inc. records",ASM0341,Printed Materials: Brochures and Booklets: Destinations,Box No. 1 of 1; Box Title: Brochures and Booklets: Destinations; Folder No. 15; Folder Title: Europe (4 of 6),"This material is in the public domain in the United States. The Pan Am brand remains under trademark. For additional information, please visit: https://digitalcollections.library.miami.edu/digital/custom/copyright-guidelines",http://rightsstatements.org/vocab/NoC-US/1.0/
asm0341001191,asm03410011910001001,Page 1,"Art Buchwald's secret list of Paris wining, dining, etc.",,,,,,,,,,,,,,,,,,,,
asm0341001191,asm03410011910002001,Page 2,"Art Buchwald's secret list of Paris wining, dining, etc.",,,,,,,,,,,,,,,,,,,,
asm0341001191,asm03410011910003001,Page 3,"Art Buchwald's secret list of Paris wining, dining, etc.",,,,,,,,,,,,,,,,,,,,
asm0341001191,asm03410011910004001,Page 4,"Art Buchwald's secret list of Paris wining, dining, etc.",,,,,,,,,,,,,,,,,,,,
asm0341001191,asm03410011910005001,Page 5,"Art Buchwald's secret list of Paris wining, dining, etc.",,,,,,,,,,,,,,,,,,,,
asm0341001191,asm03410011910006001,Page 6,"Art Buchwald's secret list of Paris wining, dining, etc.",,,,,,,,,,,,,,,,,,,,
asm0341001191,asm03410011910007001,Page 7,"Art Buchwald's secret list of Paris wining, dining, etc.",,,,,,,,,,,,,,,,,,,,
asm0341001191,asm03410011910008001,Page 8,"Art Buchwald's secret list of Paris wining, dining, etc.",,,,,,,,,,,,,,,,,,,,
asm0341001191,asm03410011910009001,Page 9,"Art Buchwald's secret list of Paris wining, dining, etc.",,,,,,,,,,,,,,,,,,,,
asm0341001191,asm03410011910010001,Page 10,"Art Buchwald's secret list of Paris wining, dining, etc.",,,,,,,,,,,,,,,,,,,,
asm0341001191,asm03410011910011001,Page 11,"Art Buchwald's secret list of Paris wining, dining, etc.",,,,,,,,,,,,,,,,,,,,
asm0341001191,asm03410011910012001,Page 12,"Art Buchwald's secret list of Paris wining, dining, etc.",,,,,,,,,,,,,,,,,,,,
asm0341001191,asm03410011910013001,Page 13,"Art Buchwald's secret list of Paris wining, dining, etc.",,,,,,,,,,,,,,,,,,,,
asm0341001191,asm03410011910014001,Page 14,"Art Buchwald's secret list of Paris wining, dining, etc.",,,,,,,,,,,,,,,,,,,,
asm0341001191,asm03410011910015001,Page 15,"Art Buchwald's secret list of Paris wining, dining, etc.",,,,,,,,,,,,,,,,,,,,
asm0341001191,asm03410011910016001,Page 16,"Art Buchwald's secret list of Paris wining, dining, etc.",,,,,,,,,,,,,,,,,,,,
asm0341001191,asm03410011910017001,Page 17,"Art Buchwald's secret list of Paris wining, dining, etc.",,,,,,,,,,,,,,,,,,,,
asm0341001191,asm03410011910018001,Page 18,"Art Buchwald's secret list of Paris wining, dining, etc.",,,,,,,,,,,,,,,,,,,,
asm0341001191,asm03410011910019001,Page 19,"Art Buchwald's secret list of Paris wining, dining, etc.",,,,,,,,,,,,,,,,,,,,
asm0341001191,asm03410011910020001,Page 20,"Art Buchwald's secret list of Paris wining, dining, etc.",,,,,,,,,,,,,,,,,,,,
asm0341001191,asm03410011910021001,Page 21,"Art Buchwald's secret list of Paris wining, dining, etc.",,,,,,,,,,,,,,,,,,,,
asm0341001191,asm03410011910022001,Page 22,"Art Buchwald's secret list of Paris wining, dining, etc.",,,,,,,,,,,,,,,,,,,,
asm0341001191,asm03410011910023001,Page 23,"Art Buchwald's secret list of Paris wining, dining, etc.",,,,,,,,,,,,,,,,,,,,
asm0341001191,asm03410011910024001,Page 24,"Art Buchwald's secret list of Paris wining, dining, etc.",,,,,,,,,,,,,,,,,,,,
asm0341001191,asm03410011910025001,Page 25,"Art Buchwald's secret list of Paris wining, dining, etc.",,,,,,,,,,,,,,,,,,,,
asm0341001191,asm03410011910026001,Page 26,"Art Buchwald's secret list of Paris wining, dining, etc.",,,,,,,,,,,,,,,,,,,,
asm0341001191,asm03410011910027001,Page 27,"Art Buchwald's secret list of Paris wining, dining, etc.",,,,,,,,,,,,,,,,,,,,
asm0341001191,asm03410011910028001,Page 28,"Art Buchwald's secret list of Paris wining, dining, etc.",,,,,,,,,,,,,,,,,,,,
asm0341001191,asm03410011910029001,Page 29,"Art Buchwald's secret list of Paris wining, dining, etc.",,,,,,,,,,,,,,,,,,,,
asm0341001191,asm03410011910030001,Page 30,"Art Buchwald's secret list of Paris wining, dining, etc.",,,,,,,,,,,,,,,,,,,,
asm0341001191,asm03410011910031001,Page 31,"Art Buchwald's secret list of Paris wining, dining, etc.",,,,,,,,,,,,,,,,,,,,
asm0341001191,asm03410011910032001,Page 32,"Art Buchwald's secret list of Paris wining, dining, etc.",,,,,,,,,,,,,,,,,,,,
asm0341001191,asm03410011910033001,Page 33,"Art Buchwald's secret list of Paris wining, dining, etc.",,,,,,,,,,,,,,,,,,,,
asm0341001191,asm03410011910034001,Page 34,"Art Buchwald's secret list of Paris wining, dining, etc.",,,,,,,,,,,,,,,,,,,,
asm0341001191,asm03410011910035001,Page 35,"Art Buchwald's secret list of Paris wining, dining, etc.",,,,,,,,,,,,,,,,,,,,
asm0341001191,asm03410011910036001,Page 36,"Art Buchwald's secret list of Paris wining, dining, etc.",,,,,,,,,,,,,,,,,,,,
asm0341001191,asm03410011910037001,Page 37,"Art Buchwald's secret list of Paris wining, dining, etc.",,,,,,,,,,,,,,,,,,,,
asm0341001191,asm03410011910038001,Page 38,"Art Buchwald's secret list of Paris wining, dining, etc.",,,,,,,,,,,,,,,,,,,,
asm0341001191,asm03410011910039001,Page 39,"Art Buchwald's secret list of Paris wining, dining, etc.",,,,,,,,,,,,,,,,,,,,
asm0341001191,asm03410011910040001,Page 40,"Art Buchwald's secret list of Paris wining, dining, etc.",,,,,,,,,,,,,,,,,,,,
asm0341001191,asm03410011910041001,Page 41,"Art Buchwald's secret list of Paris wining, dining, etc.",,,,,,,,,,,,,,,,,,,,
asm0341001191,asm03410011910042001,Page 42,"Art Buchwald's secret list of Paris wining, dining, etc.",,,,,,,,,,,,,,,,,,,,
asm0341001191,asm03410011910043001,Page 43,"Art Buchwald's secret list of Paris wining, dining, etc.",,,,,,,,,,,,,,,,,,,,
asm0341001191,asm03410011910044001,Page 44,"Art Buchwald's secret list of Paris wining, dining, etc.",,,,,,,,,,,,,,,,,,,,
asm0341001191,asm03410011910045001,Page 45,"Art Buchwald's secret list of Paris wining, dining, etc.",,,,,,,,,,,,,,,,,,,,
asm0341001191,asm03410011910046001,Page 46,"Art Buchwald's secret list of Paris wining, dining, etc.",,,,,,,,,,,,,,,,,,,,
asm0341001191,asm03410011910047001,Page 47,"Art Buchwald's secret list of Paris wining, dining, etc.",,,,,,,,,,,,,,,,,,,,
asm0341001191,asm03410011910048001,Page 48,"Art Buchwald's secret list of Paris wining, dining, etc.",,,,,,,,,,,,,,,,,,,,
asm0341001191,asm03410011910049001,Page 49,"Art Buchwald's secret list of Paris wining, dining, etc.",,,,,,,,,,,,,,,,,,,,
asm0341001191,asm03410011910050001,Page 50,"Art Buchwald's secret list of Paris wining, dining, etc.",,,,,,,,,,,,,,,,,,,,
asm0341001191,asm03410011910051001,Page 51,"Art Buchwald's secret list of Paris wining, dining, etc.",,,,,,,,,,,,,,,,,,,,
asm0341001191,asm03410011910052001,Page 52,"Art Buchwald's secret list of Paris wining, dining, etc.",,,,,,,,,,,,,,,,,,,,
asm0341001191,asm03410011910053001,Page 53,"Art Buchwald's secret list of Paris wining, dining, etc.",,,,,,,,,,,,,,,,,,,,
asm0341001191,asm03410011910054001,Page 54,"Art Buchwald's secret list of Paris wining, dining, etc.",,,,,,,,,,,,,,,,,,,,
asm0341001191,asm03410011910055001,Page 55,"Art Buchwald's secret list of Paris wining, dining, etc.",,,,,,,,,,,,,,,,,,,,
asm0341001191,asm03410011910056001,Page 56,"Art Buchwald's secret list of Paris wining, dining, etc.",,,,,,,,,,,,,,,,,,,,
asm0341001191,asm03410011910057001,Page 57,"Art Buchwald's secret list of Paris wining, dining, etc.",,,,,,,,,,,,,,,,,,,,
asm0341001191,asm03410011910058001,Page 58,"Art Buchwald's secret list of Paris wining, dining, etc.",,,,,,,,,,,,,,,,,,,,
asm0341001191,asm03410011910059001,Page 59,"Art Buchwald's secret list of Paris wining, dining, etc.",,,,,,,,,,,,,,,,,,,,
asm0341001191,asm03410011910060001,Page 60,"Art Buchwald's secret list of Paris wining, dining, etc.",,,,,,,,,,,,,,,,,,,,
asm0341001191,asm03410011910061001,Page 61,"Art Buchwald's secret list of Paris wining, dining, etc.",,,,,,,,,,,,,,,,,,,,
asm0341001191,asm03410011910062001,Page 62,"Art Buchwald's secret list of Paris wining, dining, etc.",,,,,,,,,,,,,,,,,,,,
asm0341001191,asm03410011910063001,Page 63,"Art Buchwald's secret list of Paris wining, dining, etc.",,,,,,,,,,,,,,,,,,,,
asm0341001191,asm03410011910064001,Page 64,"Art Buchwald's secret list of Paris wining, dining, etc.",,,,,,,,,,,,,,,,,,,,
asm0341001191,asm03410011910065001,Page 65,"Art Buchwald's secret list of Paris wining, dining, etc.",,,,,,,,,,,,,,,,,,,,
asm0341001191,asm03410011910066001,Page 66,"Art Buchwald's secret list of Paris wining, dining, etc.",,,,,,,,,,,,,,,,,,,,
asm0341001191,asm03410011910067001,Page 67,"Art Buchwald's secret list of Paris wining, dining, etc.",,,,,,,,,,,,,,,,,,,,
asm0341001191,asm03410011910068001,Page 68,"Art Buchwald's secret list of Paris wining, dining, etc.",,,,,,,,,,,,,,,,,,,,
asm0341001192,,"Pan Am's guide to Britain : useful facts & practical advice,","Pan Am's guide to Britain : useful facts & practical advice,",,"Pan American World Airways, Inc.",,,,,Travel guidebooks;,,1971,,1970-1979,Great Britain,eng,University of Miami. Library. Special Collections,"Pan American World Airways, Inc. records",ASM0341,Printed Materials: Brochures and Booklets: Destinations,Box No. 1 of 1; Box Title: Brochures and Booklets: Destinations; Folder No. 15; Folder Title: Europe (4 of 6),"This material is protected by copyright. Use for education purposes is permitted. Copyright was originally held by Pan American World Airways, Inc., but was transferred to the University of Miami. The Pan Am brand remains under trademark. For additional information, please visit: https://digitalcollections.library.miami.edu/digital/custom/copyright-guidelines",http://rightsstatements.org/vocab/InC-EDU/1.0/
asm0341001192,asm03410011920001001,Page 1,"Pan Am's guide to Britain : useful facts & practical advice,",,,,,,,,,,,,,,,,,,,,
asm0341001192,asm03410011920002001,Page 2,"Pan Am's guide to Britain : useful facts & practical advice,",,,,,,,,,,,,,,,,,,,,
asm0341001192,asm03410011920003001,Page 3,"Pan Am's guide to Britain : useful facts & practical advice,",,,,,,,,,,,,,,,,,,,,
asm0341001192,asm03410011920004001,Page 4,"Pan Am's guide to Britain : useful facts & practical advice,",,,,,,,,,,,,,,,,,,,,
asm0341001192,asm03410011920005001,Page 5,"Pan Am's guide to Britain : useful facts & practical advice,",,,,,,,,,,,,,,,,,,,,
asm0341001192,asm03410011920006001,Page 6,"Pan Am's guide to Britain : useful facts & practical advice,",,,,,,,,,,,,,,,,,,,,
asm0341001192,asm03410011920007001,Page 7,"Pan Am's guide to Britain : useful facts & practical advice,",,,,,,,,,,,,,,,,,,,,
asm0341001192,asm03410011920008001,Page 8,"Pan Am's guide to Britain : useful facts & practical advice,",,,,,,,,,,,,,,,,,,,,
asm0341001192,asm03410011920009001,Page 9,"Pan Am's guide to Britain : useful facts & practical advice,",,,,,,,,,,,,,,,,,,,,
asm0341001192,asm03410011920010001,Page 10,"Pan Am's guide to Britain : useful facts & practical advice,",,,,,,,,,,,,,,,,,,,,
asm0341001192,asm03410011920011001,Page 11,"Pan Am's guide to Britain : useful facts & practical advice,",,,,,,,,,,,,,,,,,,,,
asm0341001192,asm03410011920012001,Page 12,"Pan Am's guide to Britain : useful facts & practical advice,",,,,,,,,,,,,,,,,,,,,
asm0341001192,asm03410011920013001,Page 13,"Pan Am's guide to Britain : useful facts & practical advice,",,,,,,,,,,,,,,,,,,,,
asm0341001192,asm03410011920014001,Page 14,"Pan Am's guide to Britain : useful facts & practical advice,",,,,,,,,,,,,,,,,,,,,
asm0341001192,asm03410011920015001,Page 15,"Pan Am's guide to Britain : useful facts & practical advice,",,,,,,,,,,,,,,,,,,,,
asm0341001192,asm03410011920016001,Page 16,"Pan Am's guide to Britain : useful facts & practical advice,",,,,,,,,,,,,,,,,,,,,
asm0341001192,asm03410011920017001,Page 17,"Pan Am's guide to Britain : useful facts & practical advice,",,,,,,,,,,,,,,,,,,,,
asm0341001192,asm03410011920018001,Page 18,"Pan Am's guide to Britain : useful facts & practical advice,",,,,,,,,,,,,,,,,,,,,
asm0341001192,asm03410011920019001,Page 19,"Pan Am's guide to Britain : useful facts & practical advice,",,,,,,,,,,,,,,,,,,,,
asm0341001192,asm03410011920020001,Page 20,"Pan Am's guide to Britain : useful facts & practical advice,",,,,,,,,,,,,,,,,,,,,
asm0341001192,asm03410011920021001,Page 21,"Pan Am's guide to Britain : useful facts & practical advice,",,,,,,,,,,,,,,,,,,,,
asm0341001192,asm03410011920022001,Page 22,"Pan Am's guide to Britain : useful facts & practical advice,",,,,,,,,,,,,,,,,,,,,
asm0341001192,asm03410011920023001,Page 23,"Pan Am's guide to Britain : useful facts & practical advice,",,,,,,,,,,,,,,,,,,,,
asm0341001192,asm03410011920024001,Page 24,"Pan Am's guide to Britain : useful facts & practical advice,",,,,,,,,,,,,,,,,,,,,
asm0341001192,asm03410011920025001,Page 25,"Pan Am's guide to Britain : useful facts & practical advice,",,,,,,,,,,,,,,,,,,,,
asm0341001192,asm03410011920026001,Page 26,"Pan Am's guide to Britain : useful facts & practical advice,",,,,,,,,,,,,,,,,,,,,
asm0341001192,asm03410011920027001,Page 27,"Pan Am's guide to Britain : useful facts & practical advice,",,,,,,,,,,,,,,,,,,,,
asm0341001192,asm03410011920028001,Page 28,"Pan Am's guide to Britain : useful facts & practical advice,",,,,,,,,,,,,,,,,,,,,
asm0341001192,asm03410011920029001,Page 29,"Pan Am's guide to Britain : useful facts & practical advice,",,,,,,,,,,,,,,,,,,,,
asm0341001192,asm03410011920030001,Page 30,"Pan Am's guide to Britain : useful facts & practical advice,",,,,,,,,,,,,,,,,,,,,
asm0341001192,asm03410011920031001,Page 31,"Pan Am's guide to Britain : useful facts & practical advice,",,,,,,,,,,,,,,,,,,,,
asm0341001192,asm03410011920032001,Page 32,"Pan Am's guide to Britain : useful facts & practical advice,",,,,,,,,,,,,,,,,,,,,
asm0341001192,asm03410011920033001,Page 33,"Pan Am's guide to Britain : useful facts & practical advice,",,,,,,,,,,,,,,,,,,,,
asm0341001192,asm03410011920034001,Page 34,"Pan Am's guide to Britain : useful facts & practical advice,",,,,,,,,,,,,,,,,,,,,
asm0341001192,asm03410011920035001,Page 35,"Pan Am's guide to Britain : useful facts & practical advice,",,,,,,,,,,,,,,,,,,,,
asm0341001192,asm03410011920036001,Page 36,"Pan Am's guide to Britain : useful facts & practical advice,",,,,,,,,,,,,,,,,,,,,
asm0341001192,asm03410011920037001,Page 37,"Pan Am's guide to Britain : useful facts & practical advice,",,,,,,,,,,,,,,,,,,,,
asm0341001192,asm03410011920038001,Page 38,"Pan Am's guide to Britain : useful facts & practical advice,",,,,,,,,,,,,,,,,,,,,
asm0341001192,asm03410011920039001,Page 39,"Pan Am's guide to Britain : useful facts & practical advice,",,,,,,,,,,,,,,,,,,,,
asm0341001192,asm03410011920040001,Page 40,"Pan Am's guide to Britain : useful facts & practical advice,",,,,,,,,,,,,,,,,,,,,
asm0341001192,asm03410011920041001,Page 41,"Pan Am's guide to Britain : useful facts & practical advice,",,,,,,,,,,,,,,,,,,,,
asm0341001192,asm03410011920042001,Page 42,"Pan Am's guide to Britain : useful facts & practical advice,",,,,,,,,,,,,,,,,,,,,
asm0341001192,asm03410011920043001,Page 43,"Pan Am's guide to Britain : useful facts & practical advice,",,,,,,,,,,,,,,,,,,,,
asm0341001192,asm03410011920044001,Page 44,"Pan Am's guide to Britain : useful facts & practical advice,",,,,,,,,,,,,,,,,,,,,
asm0341001192,asm03410011920045001,Page 45,"Pan Am's guide to Britain : useful facts & practical advice,",,,,,,,,,,,,,,,,,,,,
asm0341001192,asm03410011920046001,Page 46,"Pan Am's guide to Britain : useful facts & practical advice,",,,,,,,,,,,,,,,,,,,,
asm0341001192,asm03410011920047001,Page 47,"Pan Am's guide to Britain : useful facts & practical advice,",,,,,,,,,,,,,,,,,,,,
asm0341001192,asm03410011920048001,Page 48,"Pan Am's guide to Britain : useful facts & practical advice,",,,,,,,,,,,,,,,,,,,,
asm0341001192,asm03410011920049001,Page 49,"Pan Am's guide to Britain : useful facts & practical advice,",,,,,,,,,,,,,,,,,,,,
asm0341001192,asm03410011920050001,Page 50,"Pan Am's guide to Britain : useful facts & practical advice,",,,,,,,,,,,,,,,,,,,,
asm0341001192,asm03410011920051001,Page 51,"Pan Am's guide to Britain : useful facts & practical advice,",,,,,,,,,,,,,,,,,,,,
asm0341001192,asm03410011920052001,Page 52,"Pan Am's guide to Britain : useful facts & practical advice,",,,,,,,,,,,,,,,,,,,,
asm0341001192,asm03410011920053001,Page 53,"Pan Am's guide to Britain : useful facts & practical advice,",,,,,,,,,,,,,,,,,,,,
asm0341001192,asm03410011920054001,Page 54,"Pan Am's guide to Britain : useful facts & practical advice,",,,,,,,,,,,,,,,,,,,,
asm0341001192,asm03410011920055001,Page 55,"Pan Am's guide to Britain : useful facts & practical advice,",,,,,,,,,,,,,,,,,,,,
asm0341001192,asm03410011920056001,Page 56,"Pan Am's guide to Britain : useful facts & practical advice,",,,,,,,,,,,,,,,,,,,,
asm0341001192,asm03410011920057001,Page 57,"Pan Am's guide to Britain : useful facts & practical advice,",,,,,,,,,,,,,,,,,,,,
asm0341001192,asm03410011920058001,Page 58,"Pan Am's guide to Britain : useful facts & practical advice,",,,,,,,,,,,,,,,,,,,,
asm0341001192,asm03410011920059001,Page 59,"Pan Am's guide to Britain : useful facts & practical advice,",,,,,,,,,,,,,,,,,,,,
asm0341001192,asm03410011920060001,Page 60,"Pan Am's guide to Britain : useful facts & practical advice,",,,,,,,,,,,,,,,,,,,,
asm0341001192,asm03410011920061001,Page 61,"Pan Am's guide to Britain : useful facts & practical advice,",,,,,,,,,,,,,,,,,,,,
asm0341001192,asm03410011920062001,Page 62,"Pan Am's guide to Britain : useful facts & practical advice,",,,,,,,,,,,,,,,,,,,,
asm0341001192,asm03410011920063001,Page 63,"Pan Am's guide to Britain : useful facts & practical advice,",,,,,,,,,,,,,,,,,,,,
asm0341001192,asm03410011920064001,Page 64,"Pan Am's guide to Britain : useful facts & practical advice,",,,,,,,,,,,,,,,,,,,,
asm0341001192,asm03410011920065001,Page 65,"Pan Am's guide to Britain : useful facts & practical advice,",,,,,,,,,,,,,,,,,,,,
asm0341001192,asm03410011920066001,Page 66,"Pan Am's guide to Britain : useful facts & practical advice,",,,,,,,,,,,,,,,,,,,,
asm0341001192,asm03410011920067001,Page 67,"Pan Am's guide to Britain : useful facts & practical advice,",,,,,,,,,,,,,,,,,,,,
asm0341001192,asm03410011920068001,Page 68,"Pan Am's guide to Britain : useful facts & practical advice,",,,,,,,,,,,,,,,,,,,,
asm0341001193,,"Clipper for Europe : to Ireland, Britain, Belgium, France, Central Europe or Portugal","Clipper for Europe : to Ireland, Britain, Belgium, France, Central Europe or Portugal",,"Pan American World Airways, Inc.",,,,,Promotional materials; Brochures;,,,,,Europe,eng,University of Miami. Library. Special Collections,"Pan American World Airways, Inc. records",ASM0341,Printed Materials: Brochures and Booklets: Destinations,Box No. 1 of 1; Box Title: Brochures and Booklets: Destinations; Folder No. 15; Folder Title: Europe (4 of 6),"The copyright and related rights status of this material is unknown. The Pan Am brand remains under trademark. For additional information, please visit: https://digitalcollections.library.miami.edu/digital/custom/copyright-guidelines",http://rightsstatements.org/vocab/UND/1.0/
asm0341001193,asm03410011930001001,Page 1,"Clipper for Europe : to Ireland, Britain, Belgium, France, Central Europe or Portugal",,,,,,,,,,,,,,,,,,,,
asm0341001193,asm03410011930002001,Page 2,"Clipper for Europe : to Ireland, Britain, Belgium, France, Central Europe or Portugal",,,,,,,,,,,,,,,,,,,,
asm0341001193,asm03410011930003001,Page 3,"Clipper for Europe : to Ireland, Britain, Belgium, France, Central Europe or Portugal",,,,,,,,,,,,,,,,,,,,
asm0341001193,asm03410011930004001,Page 4,"Clipper for Europe : to Ireland, Britain, Belgium, France, Central Europe or Portugal",,,,,,,,,,,,,,,,,,,,
asm0341001193,asm03410011930005001,Page 5,"Clipper for Europe : to Ireland, Britain, Belgium, France, Central Europe or Portugal",,,,,,,,,,,,,,,,,,,,
asm0341001193,asm03410011930006001,Page 6,"Clipper for Europe : to Ireland, Britain, Belgium, France, Central Europe or Portugal",,,,,,,,,,,,,,,,,,,,
asm0341001193,asm03410011930007001,Page 7,"Clipper for Europe : to Ireland, Britain, Belgium, France, Central Europe or Portugal",,,,,,,,,,,,,,,,,,,,
asm0341001193,asm03410011930008001,Page 8,"Clipper for Europe : to Ireland, Britain, Belgium, France, Central Europe or Portugal",,,,,,,,,,,,,,,,,,,,
asm0341001194,,Eastern Europe,Eastern Europe,,"Pan American World Airways, Inc.",,,,,Travel guidebooks;,,1979,,1970-1979,"Europe, Eastern; Czechoslovakia; Hungary; Poland; Yugoslavia",eng,University of Miami. Library. Special Collections,"Pan American World Airways, Inc. records",ASM0341,Printed Materials: Brochures and Booklets: Destinations,Box No. 1 of 1; Box Title: Brochures and Booklets: Destinations; Folder No. 15; Folder Title: Europe (4 of 6),"This material is protected by copyright. Use for education purposes is permitted. Copyright was originally held by Pan American World Airways, Inc., but was transferred to the University of Miami. The Pan Am brand remains under trademark. For additional information, please visit: https://digitalcollections.library.miami.edu/digital/custom/copyright-guidelines",http://rightsstatements.org/vocab/InC-EDU/1.0/
asm0341001194,asm03410011940001001,Page 1,Eastern Europe,,,,,,,,,,,,,,,,,,,,
asm0341001194,asm03410011940002001,Page 2,Eastern Europe,,,,,,,,,,,,,,,,,,,,
asm0341001194,asm03410011940003001,Page 3,Eastern Europe,,,,,,,,,,,,,,,,,,,,
asm0341001194,asm03410011940004001,Page 4,Eastern Europe,,,,,,,,,,,,,,,,,,,,
asm0341001194,asm03410011940005001,Page 5,Eastern Europe,,,,,,,,,,,,,,,,,,,,
asm0341001194,asm03410011940006001,Page 6,Eastern Europe,,,,,,,,,,,,,,,,,,,,
asm0341001194,asm03410011940007001,Page 7,Eastern Europe,,,,,,,,,,,,,,,,,,,,
asm0341001194,asm03410011940008001,Page 8,Eastern Europe,,,,,,,,,,,,,,,,,,,,
asm0341001194,asm03410011940009001,Page 9,Eastern Europe,,,,,,,,,,,,,,,,,,,,
asm0341001194,asm03410011940010001,Page 10,Eastern Europe,,,,,,,,,,,,,,,,,,,,
asm0341001194,asm03410011940011001,Page 11,Eastern Europe,,,,,,,,,,,,,,,,,,,,
asm0341001194,asm03410011940012001,Page 12,Eastern Europe,,,,,,,,,,,,,,,,,,,,
asm0341001194,asm03410011940013001,Page 13,Eastern Europe,,,,,,,,,,,,,,,,,,,,
asm0341001194,asm03410011940014001,Page 14,Eastern Europe,,,,,,,,,,,,,,,,,,,,
asm0341001194,asm03410011940015001,Page 15,Eastern Europe,,,,,,,,,,,,,,,,,,,,
asm0341001194,asm03410011940016001,Page 16,Eastern Europe,,,,,,,,,,,,,,,,,,,,
asm0341001194,asm03410011940017001,Page 17,Eastern Europe,,,,,,,,,,,,,,,,,,,,
asm0341001194,asm03410011940018001,Page 18,Eastern Europe,,,,,,,,,,,,,,,,,,,,
asm0341001194,asm03410011940019001,Page 19,Eastern Europe,,,,,,,,,,,,,,,,,,,,
asm0341001194,asm03410011940020001,Page 20,Eastern Europe,,,,,,,,,,,,,,,,,,,,
asm0341001194,asm03410011940021001,Page 21,Eastern Europe,,,,,,,,,,,,,,,,,,,,
asm0341001194,asm03410011940022001,Page 22,Eastern Europe,,,,,,,,,,,,,,,,,,,,
asm0341001194,asm03410011940023001,Page 23,Eastern Europe,,,,,,,,,,,,,,,,,,,,
asm0341001194,asm03410011940024001,Page 24,Eastern Europe,,,,,,,,,,,,,,,,,,,,
asm0341001194,asm03410011940025001,Page 25,Eastern Europe,,,,,,,,,,,,,,,,,,,,
asm0341001194,asm03410011940026001,Page 26,Eastern Europe,,,,,,,,,,,,,,,,,,,,
asm0341001194,asm03410011940027001,Page 27,Eastern Europe,,,,,,,,,,,,,,,,,,,,
asm0341001194,asm03410011940028001,Page 28,Eastern Europe,,,,,,,,,,,,,,,,,,,,
asm0341001194,asm03410011940029001,Page 29,Eastern Europe,,,,,,,,,,,,,,,,,,,,
asm0341001194,asm03410011940030001,Page 30,Eastern Europe,,,,,,,,,,,,,,,,,,,,
asm0341001194,asm03410011940031001,Page 31,Eastern Europe,,,,,,,,,,,,,,,,,,,,
asm0341001194,asm03410011940032001,Page 32,Eastern Europe,,,,,,,,,,,,,,,,,,,,
asm0341001195,,Germany,Germany,,"Pan American World Airways, Inc.",,,,,Travel guidebooks;,,1979,,1970-1979,Germany,eng,University of Miami. Library. Special Collections,"Pan American World Airways, Inc. records",ASM0341,Printed Materials: Brochures and Booklets: Destinations,Box No. 1 of 1; Box Title: Brochures and Booklets: Destinations; Folder No. 15; Folder Title: Europe (4 of 6),"This material is protected by copyright. Use for education purposes is permitted. Copyright was originally held by Pan American World Airways, Inc., but was transferred to the University of Miami. The Pan Am brand remains under trademark. For additional information, please visit: https://digitalcollections.library.miami.edu/digital/custom/copyright-guidelines",http://rightsstatements.org/vocab/InC-EDU/1.0/
asm0341001195,asm03410011950001001,Page 1,Germany,,,,,,,,,,,,,,,,,,,,
asm0341001195,asm03410011950002001,Page 2,Germany,,,,,,,,,,,,,,,,,,,,
asm0341001195,asm03410011950003001,Page 3,Germany,,,,,,,,,,,,,,,,,,,,
asm0341001195,asm03410011950004001,Page 4,Germany,,,,,,,,,,,,,,,,,,,,
asm0341001195,asm03410011950005001,Page 5,Germany,,,,,,,,,,,,,,,,,,,,
asm0341001195,asm03410011950006001,Page 6,Germany,,,,,,,,,,,,,,,,,,,,
asm0341001195,asm03410011950007001,Page 7,Germany,,,,,,,,,,,,,,,,,,,,
asm0341001195,asm03410011950008001,Page 8,Germany,,,,,,,,,,,,,,,,,,,,
asm0341001195,asm03410011950009001,Page 9,Germany,,,,,,,,,,,,,,,,,,,,
asm0341001195,asm03410011950010001,Page 10,Germany,,,,,,,,,,,,,,,,,,,,
asm0341001195,asm03410011950011001,Page 11,Germany,,,,,,,,,,,,,,,,,,,,
asm0341001195,asm03410011950012001,Page 12,Germany,,,,,,,,,,,,,,,,,,,,
asm0341001195,asm03410011950013001,Page 13,Germany,,,,,,,,,,,,,,,,,,,,
asm0341001195,asm03410011950014001,Page 14,Germany,,,,,,,,,,,,,,,,,,,,
asm0341001195,asm03410011950015001,Page 15,Germany,,,,,,,,,,,,,,,,,,,,
asm0341001195,asm03410011950016001,Page 16,Germany,,,,,,,,,,,,,,,,,,,,
asm0341001195,asm03410011950017001,Page 17,Germany,,,,,,,,,,,,,,,,,,,,
asm0341001195,asm03410011950018001,Page 18,Germany,,,,,,,,,,,,,,,,,,,,
asm0341001195,asm03410011950019001,Page 19,Germany,,,,,,,,,,,,,,,,,,,,
asm0341001195,asm03410011950020001,Page 20,Germany,,,,,,,,,,,,,,,,,,,,
asm0341001196,,Great Britain,Great Britain,,"Pan American World Airways, Inc.",,,,,Travel guidebooks;,,1979,,1970-1979,Great Britain,eng,University of Miami. Library. Special Collections,"Pan American World Airways, Inc. records",ASM0341,Printed Materials: Brochures and Booklets: Destinations,Box No. 1 of 1; Box Title: Brochures and Booklets: Destinations; Folder No. 15; Folder Title: Europe (4 of 6),"This material is protected by copyright. Use for education purposes is permitted. Copyright was originally held by Pan American World Airways, Inc., but was transferred to the University of Miami. The Pan Am brand remains under trademark. For additional information, please visit: https://digitalcollections.library.miami.edu/digital/custom/copyright-guidelines",http://rightsstatements.org/vocab/InC-EDU/1.0/
asm0341001196,asm03410011960001001,Page 1,Great Britain,,,,,,,,,,,,,,,,,,,,
asm0341001196,asm03410011960002001,Page 2,Great Britain,,,,,,,,,,,,,,,,,,,,
asm0341001196,asm03410011960003001,Page 3,Great Britain,,,,,,,,,,,,,,,,,,,,
asm0341001196,asm03410011960004001,Page 4,Great Britain,,,,,,,,,,,,,,,,,,,,
asm0341001196,asm03410011960005001,Page 5,Great Britain,,,,,,,,,,,,,,,,,,,,
asm0341001196,asm03410011960006001,Page 6,Great Britain,,,,,,,,,,,,,,,,,,,,
asm0341001196,asm03410011960007001,Page 7,Great Britain,,,,,,,,,,,,,,,,,,,,
asm0341001196,asm03410011960008001,Page 8,Great Britain,,,,,,,,,,,,,,,,,,,,
asm0341001196,asm03410011960009001,Page 9,Great Britain,,,,,,,,,,,,,,,,,,,,
asm0341001196,asm03410011960010001,Page 10,Great Britain,,,,,,,,,,,,,,,,,,,,
asm0341001196,asm03410011960011001,Page 11,Great Britain,,,,,,,,,,,,,,,,,,,,
asm0341001196,asm03410011960012001,Page 12,Great Britain,,,,,,,,,,,,,,,,,,,,
asm0341001196,asm03410011960013001,Page 13,Great Britain,,,,,,,,,,,,,,,,,,,,
asm0341001196,asm03410011960014001,Page 14,Great Britain,,,,,,,,,,,,,,,,,,,,
asm0341001196,asm03410011960015001,Page 15,Great Britain,,,,,,,,,,,,,,,,,,,,
asm0341001196,asm03410011960016001,Page 16,Great Britain,,,,,,,,,,,,,,,,,,,,
asm0341001196,asm03410011960017001,Page 17,Great Britain,,,,,,,,,,,,,,,,,,,,
asm0341001196,asm03410011960018001,Page 18,Great Britain,,,,,,,,,,,,,,,,,,,,
asm0341001196,asm03410011960019001,Page 19,Great Britain,,,,,,,,,,,,,,,,,,,,
asm0341001196,asm03410011960020001,Page 20,Great Britain,,,,,,,,,,,,,,,,,,,,
asm0341001197,,Pan American pocket directory and city map of Rome,Pan American pocket directory and city map of Rome,,"Pan American World Airways, Inc.",,,,,Tourist maps; City directories,,,,,Rome (Italy),eng,University of Miami. Library. Special Collections,"Pan American World Airways, Inc. records",ASM0341,Printed Materials: Brochures and Booklets: Destinations,Box No. 1 of 1; Box Title: Brochures and Booklets: Destinations; Folder No. 15; Folder Title: Europe (4 of 6),"The copyright and related rights status of this material is unknown. The Pan Am brand remains under trademark. For additional information, please visit: https://digitalcollections.library.miami.edu/digital/custom/copyright-guidelines",http://rightsstatements.org/vocab/UND/1.0/
asm0341001197,asm03410011970001001,Page 1,Pan American pocket directory and city map of Rome,,,,,,,,,,,,,,,,,,,,
asm0341001197,asm03410011970002001,Page 2,Pan American pocket directory and city map of Rome,,,,,,,,,,,,,,,,,,,,
asm0341001197,asm03410011970003001,Page 3,Pan American pocket directory and city map of Rome,,,,,,,,,,,,,,,,,,,,
asm0341001197,asm03410011970004001,Page 4,Pan American pocket directory and city map of Rome,,,,,,,,,,,,,,,,,,,,
asm0341001197,asm03410011970005001,Page 5,Pan American pocket directory and city map of Rome,,,,,,,,,,,,,,,,,,,,
asm0341001197,asm03410011970006001,Page 6,Pan American pocket directory and city map of Rome,,,,,,,,,,,,,,,,,,,,
asm0341001197,asm03410011970007001,Page 7,Pan American pocket directory and city map of Rome,,,,,,,,,,,,,,,,,,,,
asm0341001197,asm03410011970008001,Page 8,Pan American pocket directory and city map of Rome,,,,,,,,,,,,,,,,,,,,
asm0341001197,asm03410011970009001,Page 9,Pan American pocket directory and city map of Rome,,,,,,,,,,,,,,,,,,,,
asm0341001197,asm03410011970010001,Page 10,Pan American pocket directory and city map of Rome,,,,,,,,,,,,,,,,,,,,
asm0341001197,asm03410011970011001,Page 11,Pan American pocket directory and city map of Rome,,,,,,,,,,,,,,,,,,,,
asm0341001197,asm03410011970012001,Page 12,Pan American pocket directory and city map of Rome,,,,,,,,,,,,,,,,,,,,
asm0341001197,asm03410011970013001,Page 13,Pan American pocket directory and city map of Rome,,,,,,,,,,,,,,,,,,,,
asm0341001197,asm03410011970014001,Page 14,Pan American pocket directory and city map of Rome,,,,,,,,,,,,,,,,,,,,
asm0341001197,asm03410011970015001,Page 15,Pan American pocket directory and city map of Rome,,,,,,,,,,,,,,,,,,,,
asm0341001197,asm03410011970016001,Page 16,Pan American pocket directory and city map of Rome,,,,,,,,,,,,,,,,,,,,
asm0341001197,asm03410011970017001,Page 17,Pan American pocket directory and city map of Rome,,,,,,,,,,,,,,,,,,,,
asm0341001197,asm03410011970018001,Page 18,Pan American pocket directory and city map of Rome,,,,,,,,,,,,,,,,,,,,
asm0341001197,asm03410011970019001,Page 19,Pan American pocket directory and city map of Rome,,,,,,,,,,,,,,,,,,,,
asm0341001197,asm03410011970020001,Page 20,Pan American pocket directory and city map of Rome,,,,,,,,,,,,,,,,,,,,
asm0341001197,asm03410011970021001,Page 21,Pan American pocket directory and city map of Rome,,,,,,,,,,,,,,,,,,,,
asm0341001197,asm03410011970022001,Page 22,Pan American pocket directory and city map of Rome,,,,,,,,,,,,,,,,,,,,
asm0341001197,asm03410011970023001,Page 23,Pan American pocket directory and city map of Rome,,,,,,,,,,,,,,,,,,,,
asm0341001197,asm03410011970024001,Page 24,Pan American pocket directory and city map of Rome,,,,,,,,,,,,,,,,,,,,
asm0341001197,asm03410011970025001,Page 25,Pan American pocket directory and city map of Rome,,,,,,,,,,,,,,,,,,,,
asm0341001197,asm03410011970026001,Page 26,Pan American pocket directory and city map of Rome,,,,,,,,,,,,,,,,,,,,
asm0341001198,,Rome city map and guide,Rome city map and guide,,"Simplified Travel Inc.; Pan American World Airways, Inc.",,,,,Tourist maps;,,,,,Rome (Italy),eng,University of Miami. Library. Special Collections,"Pan American World Airways, Inc. records",ASM0341,Printed Materials: Brochures and Booklets: Destinations,Box No. 1 of 1; Box Title: Brochures and Booklets: Destinations; Folder No. 16; Folder Title: Europe (5 of 6),"The copyright and related rights status of this material is unknown. The Pan Am brand remains under trademark. For additional information, please visit: https://digitalcollections.library.miami.edu/digital/custom/copyright-guidelines",http://rightsstatements.org/vocab/UND/1.0/
asm0341001198,asm03410011980001001,Page 1,Rome city map and guide,,,,,,,,,,,,,,,,,,,,
asm0341001198,asm03410011980002001,Page 2,Rome city map and guide,,,,,,,,,,,,,,,,,,,,
asm0341001199,,London city map and guide,London city map and guide,,"Simplified Travel Inc.; Pan American World Airways, Inc.",,,,,Tourist maps;,,,,,London (England),eng,University of Miami. Library. Special Collections,"Pan American World Airways, Inc. records",ASM0341,Printed Materials: Brochures and Booklets: Destinations,Box No. 1 of 1; Box Title: Brochures and Booklets: Destinations; Folder No. 16; Folder Title: Europe (5 of 6),"The copyright and related rights status of this material is unknown. The Pan Am brand remains under trademark. For additional information, please visit: https://digitalcollections.library.miami.edu/digital/custom/copyright-guidelines",http://rightsstatements.org/vocab/UND/1.0/
asm0341001199,asm03410011990001001,Page 1,London city map and guide,,,,,,,,,,,,,,,,,,,,
asm0341001199,asm03410011990002001,Page 2,London city map and guide,,,,,,,,,,,,,,,,,,,,
asm0341001200,,Paris city map and guide,Paris city map and guide,,"Simplified Travel Inc.; Pan American World Airways, Inc.",,,,,Tourist maps;,,,,,Paris (France),eng,University of Miami. Library. Special Collections,"Pan American World Airways, Inc. records",ASM0341,Printed Materials: Brochures and Booklets: Destinations,Box No. 1 of 1; Box Title: Brochures and Booklets: Destinations; Folder No. 16; Folder Title: Europe (5 of 6),"The copyright and related rights status of this material is unknown. The Pan Am brand remains under trademark. For additional information, please visit: https://digitalcollections.library.miami.edu/digital/custom/copyright-guidelines",http://rightsstatements.org/vocab/UND/1.0/
asm0341001200,asm03410012000001001,Page 1,Paris city map and guide,,,,,,,,,,,,,,,,,,,,
asm0341001200,asm03410012000002001,Page 2,Paris city map and guide,,,,,,,,,,,,,,,,,,,,
asm0341001201,,Rome city map,Rome city map,,"Pan American World Airways, Inc.",,,,,Tourist maps;,,,,,Rome (Italy),eng,University of Miami. Library. Special Collections,"Pan American World Airways, Inc. records",ASM0341,Printed Materials: Brochures and Booklets: Destinations,Box No. 1 of 1; Box Title: Brochures and Booklets: Destinations; Folder No. 16; Folder Title: Europe (5 of 6),"The copyright and related rights status of this material is unknown. The Pan Am brand remains under trademark. For additional information, please visit: https://digitalcollections.library.miami.edu/digital/custom/copyright-guidelines",http://rightsstatements.org/vocab/UND/1.0/
asm0341001201,asm03410012010001001,Page 1,Rome city map,,,,,,,,,,,,,,,,,,,,
asm0341001201,asm03410012010002001,Page 2,Rome city map,,,,,,,,,,,,,,,,,,,,
asm0341001201,asm03410012010003001,Page 3,Rome city map,,,,,,,,,,,,,,,,,,,,
asm0341001201,asm03410012010004001,Page 4,Rome city map,,,,,,,,,,,,,,,,,,,,
asm0341001201,asm03410012010005001,Page 5,Rome city map,,,,,,,,,,,,,,,,,,,,
asm0341001201,asm03410012010006001,Page 6,Rome city map,,,,,,,,,,,,,,,,,,,,
asm0341001201,asm03410012010007001,Page 7,Rome city map,,,,,,,,,,,,,,,,,,,,
asm0341001201,asm03410012010008001,Page 8,Rome city map,,,,,,,,,,,,,,,,,,,,
asm0341001201,asm03410012010009001,Page 9,Rome city map,,,,,,,,,,,,,,,,,,,,
asm0341001201,asm03410012010010001,Page 10,Rome city map,,,,,,,,,,,,,,,,,,,,
asm0341001201,asm03410012010011001,Page 11,Rome city map,,,,,,,,,,,,,,,,,,,,
asm0341001201,asm03410012010012001,Page 12,Rome city map,,,,,,,,,,,,,,,,,,,,
asm0341001201,asm03410012010013001,Page 13,Rome city map,,,,,,,,,,,,,,,,,,,,
asm0341001201,asm03410012010014001,Page 14,Rome city map,,,,,,,,,,,,,,,,,,,,
asm0341001201,asm03410012010015001,Page 15,Rome city map,,,,,,,,,,,,,,,,,,,,
asm0341001201,asm03410012010016001,Page 16,Rome city map,,,,,,,,,,,,,,,,,,,,
asm0341001202,,Planning guide fly/drive Europe,Planning guide fly/drive Europe,,"Pan American World Airways, Inc.",,,,,Promotional materials; Travel guidebooks;,,1967,,1960-1969,Europe,eng,University of Miami. Library. Special Collections,"Pan American World Airways, Inc. records",ASM0341,Printed Materials: Brochures and Booklets: Destinations,Box No. 1 of 1; Box Title: Brochures and Booklets: Destinations; Folder No. 16; Folder Title: Europe (5 of 6),"This material is protected by copyright. Use for education purposes is permitted. Copyright was originally held by Pan American World Airways, Inc., but was transferred to the University of Miami. The Pan Am brand remains under trademark. For additional information, please visit: https://digitalcollections.library.miami.edu/digital/custom/copyright-guidelines",http://rightsstatements.org/vocab/InC-EDU/1.0/
asm0341001202,asm03410012020001001,Page 1,Planning guide fly/drive Europe,,,,,,,,,,,,,,,,,,,,
asm0341001202,asm03410012020002001,Page 2,Planning guide fly/drive Europe,,,,,,,,,,,,,,,,,,,,
asm0341001202,asm03410012020003001,Page 3,Planning guide fly/drive Europe,,,,,,,,,,,,,,,,,,,,
asm0341001202,asm03410012020004001,Page 4,Planning guide fly/drive Europe,,,,,,,,,,,,,,,,,,,,
asm0341001202,asm03410012020005001,Page 5,Planning guide fly/drive Europe,,,,,,,,,,,,,,,,,,,,
asm0341001202,asm03410012020006001,Page 6,Planning guide fly/drive Europe,,,,,,,,,,,,,,,,,,,,
asm0341001202,asm03410012020007001,Page 7,Planning guide fly/drive Europe,,,,,,,,,,,,,,,,,,,,
asm0341001202,asm03410012020008001,Page 8,Planning guide fly/drive Europe,,,,,,,,,,,,,,,,,,,,
asm0341001202,asm03410012020009001,Page 9,Planning guide fly/drive Europe,,,,,,,,,,,,,,,,,,,,
asm0341001202,asm03410012020010001,Page 10,Planning guide fly/drive Europe,,,,,,,,,,,,,,,,,,,,
asm0341001202,asm03410012020011001,Page 11,Planning guide fly/drive Europe,,,,,,,,,,,,,,,,,,,,
asm0341001202,asm03410012020012001,Page 12,Planning guide fly/drive Europe,,,,,,,,,,,,,,,,,,,,
asm0341001202,asm03410012020013001,Page 13,Planning guide fly/drive Europe,,,,,,,,,,,,,,,,,,,,
asm0341001202,asm03410012020014001,Page 14,Planning guide fly/drive Europe,,,,,,,,,,,,,,,,,,,,
asm0341001202,asm03410012020015001,Page 15,Planning guide fly/drive Europe,,,,,,,,,,,,,,,,,,,,
asm0341001202,asm03410012020016001,Page 16,Planning guide fly/drive Europe,,,,,,,,,,,,,,,,,,,,
asm0341001202,asm03410012020017001,Page 17,Planning guide fly/drive Europe,,,,,,,,,,,,,,,,,,,,
asm0341001202,asm03410012020018001,Page 18,Planning guide fly/drive Europe,,,,,,,,,,,,,,,,,,,,
asm0341001202,asm03410012020019001,Page 19,Planning guide fly/drive Europe,,,,,,,,,,,,,,,,,,,,
asm0341001202,asm03410012020020001,Page 20,Planning guide fly/drive Europe,,,,,,,,,,,,,,,,,,,,
asm0341001202,asm03410012020021001,Page 21,Planning guide fly/drive Europe,,,,,,,,,,,,,,,,,,,,
asm0341001202,asm03410012020022001,Page 22,Planning guide fly/drive Europe,,,,,,,,,,,,,,,,,,,,
asm0341001202,asm03410012020023001,Page 23,Planning guide fly/drive Europe,,,,,,,,,,,,,,,,,,,,
asm0341001202,asm03410012020024001,Page 24,Planning guide fly/drive Europe,,,,,,,,,,,,,,,,,,,,
asm0341001202,asm03410012020025001,Page 25,Planning guide fly/drive Europe,,,,,,,,,,,,,,,,,,,,
asm0341001202,asm03410012020026001,Page 26,Planning guide fly/drive Europe,,,,,,,,,,,,,,,,,,,,
asm0341001202,asm03410012020027001,Page 27,Planning guide fly/drive Europe,,,,,,,,,,,,,,,,,,,,
asm0341001202,asm03410012020028001,Page 28,Planning guide fly/drive Europe,,,,,,,,,,,,,,,,,,,,
asm0341001202,asm03410012020029001,Page 29,Planning guide fly/drive Europe,,,,,,,,,,,,,,,,,,,,
asm0341001202,asm03410012020030001,Page 30,Planning guide fly/drive Europe,,,,,,,,,,,,,,,,,,,,
asm0341001202,asm03410012020031001,Page 31,Planning guide fly/drive Europe,,,,,,,,,,,,,,,,,,,,
asm0341001202,asm03410012020032001,Page 32,Planning guide fly/drive Europe,,,,,,,,,,,,,,,,,,,,
asm0341001202,asm03410012020033001,Page 33,Planning guide fly/drive Europe,,,,,,,,,,,,,,,,,,,,
asm0341001202,asm03410012020034001,Page 34,Planning guide fly/drive Europe,,,,,,,,,,,,,,,,,,,,
asm0341001202,asm03410012020035001,Page 35,Planning guide fly/drive Europe,,,,,,,,,,,,,,,,,,,,
asm0341001202,asm03410012020036001,Page 36,Planning guide fly/drive Europe,,,,,,,,,,,,,,,,,,,,
asm0341001202,asm03410012020037001,Page 37,Planning guide fly/drive Europe,,,,,,,,,,,,,,,,,,,,
asm0341001202,asm03410012020038001,Page 38,Planning guide fly/drive Europe,,,,,,,,,,,,,,,,,,,,
asm0341001202,asm03410012020039001,Page 39,Planning guide fly/drive Europe,,,,,,,,,,,,,,,,,,,,
asm0341001202,asm03410012020040001,Page 40,Planning guide fly/drive Europe,,,,,,,,,,,,,,,,,,,,
asm0341001203,,Pan Am's world : In London,Pan Am's world : In London,,"Pan American World Airways, Inc.",,,"Pan Am's World, Vol. 6, No. 1",,Periodicals,,1977,,1970-1979,London (England),eng,University of Miami. Library. Special Collections,"Pan American World Airways, Inc. records",ASM0341,Printed Materials: Brochures and Booklets: Destinations,Box No. 1 of 1; Box Title: Brochures and Booklets: Destinations; Folder No. 17; Folder Title: Europe (6 of 6),"This material is in the public domain in the United States. The Pan Am brand remains under trademark. For additional information, please visit: https://digitalcollections.library.miami.edu/digital/custom/copyright-guidelines",http://rightsstatements.org/vocab/NoC-US/1.0/
asm0341001203,asm03410012030001001,Page 1,Pan Am's world : In London,,,,,,,,,,,,,,,,,,,,
asm0341001203,asm03410012030002001,Page 2,Pan Am's world : In London,,,,,,,,,,,,,,,,,,,,
asm0341001203,asm03410012030003001,Page 3,Pan Am's world : In London,,,,,,,,,,,,,,,,,,,,
asm0341001203,asm03410012030004001,Page 4,Pan Am's world : In London,,,,,,,,,,,,,,,,,,,,
asm0341001203,asm03410012030005001,Page 5,Pan Am's world : In London,,,,,,,,,,,,,,,,,,,,
asm0341001203,asm03410012030006001,Page 6,Pan Am's world : In London,,,,,,,,,,,,,,,,,,,,
asm0341001203,asm03410012030007001,Page 7,Pan Am's world : In London,,,,,,,,,,,,,,,,,,,,
asm0341001203,asm03410012030008001,Page 8,Pan Am's world : In London,,,,,,,,,,,,,,,,,,,,
asm0341001203,asm03410012030009001,Page 9,Pan Am's world : In London,,,,,,,,,,,,,,,,,,,,
asm0341001203,asm03410012030010001,Page 10,Pan Am's world : In London,,,,,,,,,,,,,,,,,,,,
asm0341001203,asm03410012030011001,Page 11,Pan Am's world : In London,,,,,,,,,,,,,,,,,,,,
asm0341001203,asm03410012030012001,Page 12,Pan Am's world : In London,,,,,,,,,,,,,,,,,,,,
asm0341001203,asm03410012030013001,Page 13,Pan Am's world : In London,,,,,,,,,,,,,,,,,,,,
asm0341001203,asm03410012030014001,Page 14,Pan Am's world : In London,,,,,,,,,,,,,,,,,,,,
asm0341001203,asm03410012030015001,Page 15,Pan Am's world : In London,,,,,,,,,,,,,,,,,,,,
asm0341001203,asm03410012030016001,Page 16,Pan Am's world : In London,,,,,,,,,,,,,,,,,,,,
asm0341001203,asm03410012030017001,Page 17,Pan Am's world : In London,,,,,,,,,,,,,,,,,,,,
asm0341001203,asm03410012030018001,Page 18,Pan Am's world : In London,,,,,,,,,,,,,,,,,,,,
asm0341001203,asm03410012030019001,Page 19,Pan Am's world : In London,,,,,,,,,,,,,,,,,,,,
asm0341001203,asm03410012030020001,Page 20,Pan Am's world : In London,,,,,,,,,,,,,,,,,,,,
asm0341001203,asm03410012030021001,Page 21,Pan Am's world : In London,,,,,,,,,,,,,,,,,,,,
asm0341001203,asm03410012030022001,Page 22,Pan Am's world : In London,,,,,,,,,,,,,,,,,,,,
asm0341001203,asm03410012030023001,Page 23,Pan Am's world : In London,,,,,,,,,,,,,,,,,,,,
asm0341001203,asm03410012030024001,Page 24,Pan Am's world : In London,,,,,,,,,,,,,,,,,,,,
asm0341001203,asm03410012030025001,Page 25,Pan Am's world : In London,,,,,,,,,,,,,,,,,,,,
asm0341001203,asm03410012030026001,Page 26,Pan Am's world : In London,,,,,,,,,,,,,,,,,,,,
asm0341001203,asm03410012030027001,Page 27,Pan Am's world : In London,,,,,,,,,,,,,,,,,,,,
asm0341001203,asm03410012030028001,Page 28,Pan Am's world : In London,,,,,,,,,,,,,,,,,,,,
asm0341001203,asm03410012030029001,Page 29,Pan Am's world : In London,,,,,,,,,,,,,,,,,,,,
asm0341001203,asm03410012030030001,Page 30,Pan Am's world : In London,,,,,,,,,,,,,,,,,,,,
asm0341001203,asm03410012030031001,Page 31,Pan Am's world : In London,,,,,,,,,,,,,,,,,,,,
asm0341001203,asm03410012030032001,Page 32,Pan Am's world : In London,,,,,,,,,,,,,,,,,,,,
asm0341001203,asm03410012030033001,Page 33,Pan Am's world : In London,,,,,,,,,,,,,,,,,,,,
asm0341001203,asm03410012030034001,Page 34,Pan Am's world : In London,,,,,,,,,,,,,,,,,,,,
asm0341001203,asm03410012030035001,Page 35,Pan Am's world : In London,,,,,,,,,,,,,,,,,,,,
asm0341001203,asm03410012030036001,Page 36,Pan Am's world : In London,,,,,,,,,,,,,,,,,,,,
asm0341001203,asm03410012030037001,Page 37,Pan Am's world : In London,,,,,,,,,,,,,,,,,,,,
asm0341001203,asm03410012030038001,Page 38,Pan Am's world : In London,,,,,,,,,,,,,,,,,,,,
asm0341001203,asm03410012030039001,Page 39,Pan Am's world : In London,,,,,,,,,,,,,,,,,,,,
asm0341001203,asm03410012030040001,Page 40,Pan Am's world : In London,,,,,,,,,,,,,,,,,,,,
asm0341001203,asm03410012030041001,Page 41,Pan Am's world : In London,,,,,,,,,,,,,,,,,,,,
asm0341001203,asm03410012030042001,Page 42,Pan Am's world : In London,,,,,,,,,,,,,,,,,,,,
asm0341001203,asm03410012030043001,Page 43,Pan Am's world : In London,,,,,,,,,,,,,,,,,,,,
asm0341001203,asm03410012030044001,Page 44,Pan Am's world : In London,,,,,,,,,,,,,,,,,,,,
asm0341001203,asm03410012030045001,Page 45,Pan Am's world : In London,,,,,,,,,,,,,,,,,,,,
asm0341001203,asm03410012030046001,Page 46,Pan Am's world : In London,,,,,,,,,,,,,,,,,,,,
asm0341001203,asm03410012030047001,Page 47,Pan Am's world : In London,,,,,,,,,,,,,,,,,,,,
asm0341001203,asm03410012030048001,Page 48,Pan Am's world : In London,,,,,,,,,,,,,,,,,,,,
asm0341001203,asm03410012030049001,Page 49,Pan Am's world : In London,,,,,,,,,,,,,,,,,,,,
asm0341001203,asm03410012030050001,Page 50,Pan Am's world : In London,,,,,,,,,,,,,,,,,,,,
asm0341001203,asm03410012030051001,Page 51,Pan Am's world : In London,,,,,,,,,,,,,,,,,,,,
asm0341001203,asm03410012030052001,Page 52,Pan Am's world : In London,,,,,,,,,,,,,,,,,,,,
asm0341001203,asm03410012030053001,Page 53,Pan Am's world : In London,,,,,,,,,,,,,,,,,,,,
asm0341001203,asm03410012030054001,Page 54,Pan Am's world : In London,,,,,,,,,,,,,,,,,,,,
asm0341001203,asm03410012030055001,Page 55,Pan Am's world : In London,,,,,,,,,,,,,,,,,,,,
asm0341001203,asm03410012030056001,Page 56,Pan Am's world : In London,,,,,,,,,,,,,,,,,,,,
asm0341001203,asm03410012030057001,Page 57,Pan Am's world : In London,,,,,,,,,,,,,,,,,,,,
asm0341001203,asm03410012030058001,Page 58,Pan Am's world : In London,,,,,,,,,,,,,,,,,,,,
asm0341001203,asm03410012030059001,Page 59,Pan Am's world : In London,,,,,,,,,,,,,,,,,,,,
asm0341001203,asm03410012030060001,Page 60,Pan Am's world : In London,,,,,,,,,,,,,,,,,,,,
asm0341001203,asm03410012030061001,Page 61,Pan Am's world : In London,,,,,,,,,,,,,,,,,,,,
asm0341001203,asm03410012030062001,Page 62,Pan Am's world : In London,,,,,,,,,,,,,,,,,,,,
asm0341001203,asm03410012030063001,Page 63,Pan Am's world : In London,,,,,,,,,,,,,,,,,,,,
asm0341001203,asm03410012030064001,Page 64,Pan Am's world : In London,,,,,,,,,,,,,,,,,,,,
asm0341001203,asm03410012030065001,Page 65,Pan Am's world : In London,,,,,,,,,,,,,,,,,,,,
asm0341001203,asm03410012030066001,Page 66,Pan Am's world : In London,,,,,,,,,,,,,,,,,,,,
asm0341001203,asm03410012030067001,Page 67,Pan Am's world : In London,,,,,,,,,,,,,,,,,,,,
asm0341001203,asm03410012030068001,Page 68,Pan Am's world : In London,,,,,,,,,,,,,,,,,,,,
asm0341001204,,22 tested ways to sell Paris and Rome,22 tested ways to sell Paris and Rome,,"Pan American World Airways, Inc.",,,,,Booklets;,,,,,Paris (France); Rome (Italy),eng,University of Miami. Library. Special Collections,"Pan American World Airways, Inc. records",ASM0341,Printed Materials: Brochures and Booklets: Destinations,Box No. 1 of 1; Box Title: Brochures and Booklets: Destinations; Folder No. 17; Folder Title: Europe (6 of 6),"The copyright and related rights status of this material is unknown. The Pan Am brand remains under trademark. For additional information, please visit: https://digitalcollections.library.miami.edu/digital/custom/copyright-guidelines",http://rightsstatements.org/vocab/UND/1.0/
asm0341001204,asm03410012040001001,Page 1,22 tested ways to sell Paris and Rome,,,,,,,,,,,,,,,,,,,,
asm0341001204,asm03410012040002001,Page 2,22 tested ways to sell Paris and Rome,,,,,,,,,,,,,,,,,,,,
asm0341001204,asm03410012040003001,Page 3,22 tested ways to sell Paris and Rome,,,,,,,,,,,,,,,,,,,,
asm0341001204,asm03410012040004001,Page 4,22 tested ways to sell Paris and Rome,,,,,,,,,,,,,,,,,,,,
asm0341001204,asm03410012040005001,Page 5,22 tested ways to sell Paris and Rome,,,,,,,,,,,,,,,,,,,,
asm0341001204,asm03410012040006001,Page 6,22 tested ways to sell Paris and Rome,,,,,,,,,,,,,,,,,,,,
asm0341001204,asm03410012040007001,Page 7,22 tested ways to sell Paris and Rome,,,,,,,,,,,,,,,,,,,,
asm0341001204,asm03410012040008001,Page 8,22 tested ways to sell Paris and Rome,,,,,,,,,,,,,,,,,,,,
asm0341001204,asm03410012040009001,Page 9,22 tested ways to sell Paris and Rome,,,,,,,,,,,,,,,,,,,,
asm0341001204,asm03410012040010001,Page 10,22 tested ways to sell Paris and Rome,,,,,,,,,,,,,,,,,,,,
asm0341001204,asm03410012040011001,Page 11,22 tested ways to sell Paris and Rome,,,,,,,,,,,,,,,,,,,,
asm0341001204,asm03410012040012001,Page 12,22 tested ways to sell Paris and Rome,,,,,,,,,,,,,,,,,,,,
asm0341001204,asm03410012040013001,Page 13,22 tested ways to sell Paris and Rome,,,,,,,,,,,,,,,,,,,,
asm0341001204,asm03410012040014001,Page 14,22 tested ways to sell Paris and Rome,,,,,,,,,,,,,,,,,,,,
asm0341001204,asm03410012040015001,Page 15,22 tested ways to sell Paris and Rome,,,,,,,,,,,,,,,,,,,,
asm0341001204,asm03410012040016001,Page 16,22 tested ways to sell Paris and Rome,,,,,,,,,,,,,,,,,,,,
asm0341001204,asm03410012040017001,Page 17,22 tested ways to sell Paris and Rome,,,,,,,,,,,,,,,,,,,,
asm0341001204,asm03410012040018001,Page 18,22 tested ways to sell Paris and Rome,,,,,,,,,,,,,,,,,,,,
asm0341001204,asm03410012040019001,Page 19,22 tested ways to sell Paris and Rome,,,,,,,,,,,,,,,,,,,,
asm0341001204,asm03410012040020001,Page 20,22 tested ways to sell Paris and Rome,,,,,,,,,,,,,,,,,,,,
asm0341001204,asm03410012040021001,Page 21,22 tested ways to sell Paris and Rome,,,,,,,,,,,,,,,,,,,,
asm0341001204,asm03410012040022001,Page 22,22 tested ways to sell Paris and Rome,,,,,,,,,,,,,,,,,,,,
asm0341001204,asm03410012040023001,Page 23,22 tested ways to sell Paris and Rome,,,,,,,,,,,,,,,,,,,,
asm0341001204,asm03410012040024001,Page 24,22 tested ways to sell Paris and Rome,,,,,,,,,,,,,,,,,,,,
asm0341001205,,How to get that trip to Europe off the ground,How to get that trip to Europe off the ground,,"Pan American World Airways, Inc.",,,,,Promotional materials; Booklets;,,1966,,1960-1969,Europe,eng,University of Miami. Library. Special Collections,"Pan American World Airways, Inc. records",ASM0341,Printed Materials: Brochures and Booklets: Destinations,Box No. 1 of 1; Box Title: Brochures and Booklets: Destinations; Folder No. 17; Folder Title: Europe (6 of 6),"This material is protected by copyright. Use for education purposes is permitted. Copyright was originally held by Pan American World Airways, Inc., but was transferred to the University of Miami. The Pan Am brand remains under trademark. For additional information, please visit: https://digitalcollections.library.miami.edu/digital/custom/copyright-guidelines",http://rightsstatements.org/vocab/InC-EDU/1.0/
asm0341001205,asm03410012050001001,Page 1,How to get that trip to Europe off the ground,,,,,,,,,,,,,,,,,,,,
asm0341001205,asm03410012050002001,Page 2,How to get that trip to Europe off the ground,,,,,,,,,,,,,,,,,,,,
asm0341001205,asm03410012050003001,Page 3,How to get that trip to Europe off the ground,,,,,,,,,,,,,,,,,,,,
asm0341001205,asm03410012050004001,Page 4,How to get that trip to Europe off the ground,,,,,,,,,,,,,,,,,,,,
asm0341001205,asm03410012050005001,Page 5,How to get that trip to Europe off the ground,,,,,,,,,,,,,,,,,,,,
asm0341001205,asm03410012050006001,Page 6,How to get that trip to Europe off the ground,,,,,,,,,,,,,,,,,,,,
asm0341001205,asm03410012050007001,Page 7,How to get that trip to Europe off the ground,,,,,,,,,,,,,,,,,,,,
asm0341001205,asm03410012050008001,Page 8,How to get that trip to Europe off the ground,,,,,,,,,,,,,,,,,,,,
asm0341001205,asm03410012050009001,Page 9,How to get that trip to Europe off the ground,,,,,,,,,,,,,,,,,,,,
asm0341001205,asm03410012050010001,Page 10,How to get that trip to Europe off the ground,,,,,,,,,,,,,,,,,,,,
asm0341001205,asm03410012050011001,Page 11,How to get that trip to Europe off the ground,,,,,,,,,,,,,,,,,,,,
asm0341001205,asm03410012050012001,Page 12,How to get that trip to Europe off the ground,,,,,,,,,,,,,,,,,,,,
asm0341001205,asm03410012050013001,Page 13,How to get that trip to Europe off the ground,,,,,,,,,,,,,,,,,,,,
asm0341001205,asm03410012050014001,Page 14,How to get that trip to Europe off the ground,,,,,,,,,,,,,,,,,,,,
asm0341001205,asm03410012050015001,Page 15,How to get that trip to Europe off the ground,,,,,,,,,,,,,,,,,,,,
asm0341001205,asm03410012050016001,Page 16,How to get that trip to Europe off the ground,,,,,,,,,,,,,,,,,,,,
asm0341001205,asm03410012050017001,Page 17,How to get that trip to Europe off the ground,,,,,,,,,,,,,,,,,,,,
asm0341001205,asm03410012050018001,Page 18,How to get that trip to Europe off the ground,,,,,,,,,,,,,,,,,,,,
asm0341001205,asm03410012050019001,Page 19,How to get that trip to Europe off the ground,,,,,,,,,,,,,,,,,,,,
asm0341001205,asm03410012050020001,Page 20,How to get that trip to Europe off the ground,,,,,,,,,,,,,,,,,,,,
asm0341001206,,Europe : Pan Am's world tours,Europe : Pan Am's world tours,,"Pan American World Airways, Inc.",,,,,Promotional materials;,,1978; 1979,,1970-1979,Europe,eng,University of Miami. Library. Special Collections,"Pan American World Airways, Inc. records",ASM0341,Printed Materials: Brochures and Booklets: Destinations,Box No. 1 of 1; Box Title: Brochures and Booklets: Destinations; Folder No. 17; Folder Title: Europe (6 of 6),"The copyright and related rights status of this material is unknown. The Pan Am brand remains under trademark. For additional information, please visit: https://digitalcollections.library.miami.edu/digital/custom/copyright-guidelines",http://rightsstatements.org/vocab/UND/1.0/
asm0341001206,asm03410012060001001,Page 1,Europe : Pan Am's world tours,,,,,,,,,,,,,,,,,,,,
asm0341001206,asm03410012060002001,Page 2,Europe : Pan Am's world tours,,,,,,,,,,,,,,,,,,,,
asm0341001206,asm03410012060003001,Page 3,Europe : Pan Am's world tours,,,,,,,,,,,,,,,,,,,,
asm0341001206,asm03410012060004001,Page 4,Europe : Pan Am's world tours,,,,,,,,,,,,,,,,,,,,
asm0341001206,asm03410012060005001,Page 5,Europe : Pan Am's world tours,,,,,,,,,,,,,,,,,,,,
asm0341001206,asm03410012060006001,Page 6,Europe : Pan Am's world tours,,,,,,,,,,,,,,,,,,,,
asm0341001206,asm03410012060007001,Page 7,Europe : Pan Am's world tours,,,,,,,,,,,,,,,,,,,,
asm0341001206,asm03410012060008001,Page 8,Europe : Pan Am's world tours,,,,,,,,,,,,,,,,,,,,
asm0341001206,asm03410012060009001,Page 9,Europe : Pan Am's world tours,,,,,,,,,,,,,,,,,,,,
asm0341001206,asm03410012060010001,Page 10,Europe : Pan Am's world tours,,,,,,,,,,,,,,,,,,,,
asm0341001206,asm03410012060011001,Page 11,Europe : Pan Am's world tours,,,,,,,,,,,,,,,,,,,,
asm0341001206,asm03410012060012001,Page 12,Europe : Pan Am's world tours,,,,,,,,,,,,,,,,,,,,
asm0341001206,asm03410012060013001,Page 13,Europe : Pan Am's world tours,,,,,,,,,,,,,,,,,,,,
asm0341001206,asm03410012060014001,Page 14,Europe : Pan Am's world tours,,,,,,,,,,,,,,,,,,,,
asm0341001206,asm03410012060015001,Page 15,Europe : Pan Am's world tours,,,,,,,,,,,,,,,,,,,,
asm0341001206,asm03410012060016001,Page 16,Europe : Pan Am's world tours,,,,,,,,,,,,,,,,,,,,
asm0341001206,asm03410012060017001,Page 17,Europe : Pan Am's world tours,,,,,,,,,,,,,,,,,,,,
asm0341001206,asm03410012060018001,Page 18,Europe : Pan Am's world tours,,,,,,,,,,,,,,,,,,,,
asm0341001206,asm03410012060019001,Page 19,Europe : Pan Am's world tours,,,,,,,,,,,,,,,,,,,,
asm0341001206,asm03410012060020001,Page 20,Europe : Pan Am's world tours,,,,,,,,,,,,,,,,,,,,
asm0341001206,asm03410012060021001,Page 21,Europe : Pan Am's world tours,,,,,,,,,,,,,,,,,,,,
asm0341001206,asm03410012060022001,Page 22,Europe : Pan Am's world tours,,,,,,,,,,,,,,,,,,,,
asm0341001206,asm03410012060023001,Page 23,Europe : Pan Am's world tours,,,,,,,,,,,,,,,,,,,,
asm0341001206,asm03410012060024001,Page 24,Europe : Pan Am's world tours,,,,,,,,,,,,,,,,,,,,
asm0341001206,asm03410012060025001,Page 25,Europe : Pan Am's world tours,,,,,,,,,,,,,,,,,,,,
asm0341001206,asm03410012060026001,Page 26,Europe : Pan Am's world tours,,,,,,,,,,,,,,,,,,,,
asm0341001206,asm03410012060027001,Page 27,Europe : Pan Am's world tours,,,,,,,,,,,,,,,,,,,,
asm0341001206,asm03410012060028001,Page 28,Europe : Pan Am's world tours,,,,,,,,,,,,,,,,,,,,
asm0341001206,asm03410012060029001,Page 29,Europe : Pan Am's world tours,,,,,,,,,,,,,,,,,,,,
asm0341001206,asm03410012060030001,Page 30,Europe : Pan Am's world tours,,,,,,,,,,,,,,,,,,,,
asm0341001206,asm03410012060031001,Page 31,Europe : Pan Am's world tours,,,,,,,,,,,,,,,,,,,,
asm0341001206,asm03410012060032001,Page 32,Europe : Pan Am's world tours,,,,,,,,,,,,,,,,,,,,
asm0341001206,asm03410012060033001,Page 33,Europe : Pan Am's world tours,,,,,,,,,,,,,,,,,,,,
asm0341001206,asm03410012060034001,Page 34,Europe : Pan Am's world tours,,,,,,,,,,,,,,,,,,,,
asm0341001206,asm03410012060035001,Page 35,Europe : Pan Am's world tours,,,,,,,,,,,,,,,,,,,,
asm0341001206,asm03410012060036001,Page 36,Europe : Pan Am's world tours,,,,,,,,,,,,,,,,,,,,
asm0341001207,,Pan Am on the road in France : 1987 fly/drive program with Personally Yours iteneraries,Pan Am on the road in France : 1987 fly/drive program with Personally Yours iteneraries,,"Avis Rent A Car System, Inc.",,,,,Promotional materials; Brochures;,,1987,,1980-1989,France,eng,University of Miami. Library. Special Collections,"Pan American World Airways, Inc. records",ASM0341,Printed Materials: Brochures and Booklets: Destinations,Box No. 1 of 1; Box Title: Brochures and Booklets: Destinations; Folder No. 17; Folder Title: Europe (6 of 6),"This material is protected by copyright. Use for education purposes is permitted. Copyright was originally held by Pan American World Airways, Inc., but was transferred to the University of Miami. The Pan Am brand remains under trademark. For additional information, please visit: https://digitalcollections.library.miami.edu/digital/custom/copyright-guidelines",http://rightsstatements.org/vocab/InC-EDU/1.0/
asm0341001207,asm03410012070001001,Page 1,Pan Am on the road in France : 1987 fly/drive program with Personally Yours iteneraries,,,,,,,,,,,,,,,,,,,,
asm0341001207,asm03410012070002001,Page 2,Pan Am on the road in France : 1987 fly/drive program with Personally Yours iteneraries,,,,,,,,,,,,,,,,,,,,
asm0341001208,,Pan Am on the road in the United Kingdom : 1987 fly/drive program with Personally Yours iteneraries,Pan Am on the road in the United Kingdom : 1987 fly/drive program with Personally Yours iteneraries,,"Avis Rent A Car System, Inc.",,,,,Promotional materials; Brochures;,,1987,,1980-1989,Great Britain,eng,University of Miami. Library. Special Collections,"Pan American World Airways, Inc. records",ASM0341,Printed Materials: Brochures and Booklets: Destinations,Box No. 1 of 1; Box Title: Brochures and Booklets: Destinations; Folder No. 17; Folder Title: Europe (6 of 6),"This material is protected by copyright. Use for education purposes is permitted. Copyright was originally held by Pan American World Airways, Inc., but was transferred to the University of Miami. The Pan Am brand remains under trademark. For additional information, please visit: https://digitalcollections.library.miami.edu/digital/custom/copyright-guidelines",http://rightsstatements.org/vocab/InC-EDU/1.0/
asm0341001208,asm03410012080001001,Page 1,Pan Am on the road in the United Kingdom : 1987 fly/drive program with Personally Yours iteneraries,,,,,,,,,,,,,,,,,,,,
asm0341001208,asm03410012080002001,Page 2,Pan Am on the road in the United Kingdom : 1987 fly/drive program with Personally Yours iteneraries,,,,,,,,,,,,,,,,,,,,
asm0341001209,,Pan Am on the road in Switzerland : 1987 fly/drive program with Personally Yours iteneraries,Pan Am on the road in Switzerland : 1987 fly/drive program with Personally Yours iteneraries,,"Avis Rent A Car System, Inc.",,,,,Promotional materials; Brochures;,,1987,,1980-1989,Switzerland,eng,University of Miami. Library. Special Collections,"Pan American World Airways, Inc. records",ASM0341,Printed Materials: Brochures and Booklets: Destinations,Box No. 1 of 1; Box Title: Brochures and Booklets: Destinations; Folder No. 17; Folder Title: Europe (6 of 6),"This material is protected by copyright. Use for education purposes is permitted. Copyright was originally held by Pan American World Airways, Inc., but was transferred to the University of Miami. The Pan Am brand remains under trademark. For additional information, please visit: https://digitalcollections.library.miami.edu/digital/custom/copyright-guidelines",http://rightsstatements.org/vocab/InC-EDU/1.0/
asm0341001209,asm03410012090001001,Page 1,Pan Am on the road in Switzerland : 1987 fly/drive program with Personally Yours iteneraries,,,,,,,,,,,,,,,,,,,,
asm0341001209,asm03410012090002001,Page 2,Pan Am on the road in Switzerland : 1987 fly/drive program with Personally Yours iteneraries,,,,,,,,,,,,,,,,,,,,
asm0341001210,,"Let's fly to Europe : an imaginary trip by Flying Clipper, a complete classroom project, adaptable for all grades","Let's fly to Europe : an imaginary trip by Flying Clipper, a complete classroom project, adaptable for all grades",,"Pan American World Airways, Inc.",,,Reprinted from The Grade Teacher Magazine.,,Booklets; Instructional materials,,1948,,1940-1949,Europe,eng,University of Miami. Library. Special Collections,"Pan American World Airways, Inc. records",ASM0341,Printed Materials: Brochures and Booklets: Destinations,Box No. 1 of 1; Box Title: Brochures and Booklets: Destinations; Folder No. 17; Folder Title: Europe (6 of 6),"This material is protected by copyright. Use for education purposes is permitted. Copyright was originally held by Pan American World Airways, Inc., but was transferred to the University of Miami. The Pan Am brand remains under trademark. For additional information, please visit: https://digitalcollections.library.miami.edu/digital/custom/copyright-guidelines",http://rightsstatements.org/vocab/InC-EDU/1.0/
asm0341001210,asm03410012100001001,Page 1,"Let's fly to Europe : an imaginary trip by Flying Clipper, a complete classroom project, adaptable for all grades",,,,,,,,,,,,,,,,,,,,
asm0341001210,asm03410012100002001,Page 2,"Let's fly to Europe : an imaginary trip by Flying Clipper, a complete classroom project, adaptable for all grades",,,,,,,,,,,,,,,,,,,,
asm0341001210,asm03410012100003001,Page 3,"Let's fly to Europe : an imaginary trip by Flying Clipper, a complete classroom project, adaptable for all grades",,,,,,,,,,,,,,,,,,,,
asm0341001210,asm03410012100004001,Page 4,"Let's fly to Europe : an imaginary trip by Flying Clipper, a complete classroom project, adaptable for all grades",,,,,,,,,,,,,,,,,,,,
asm0341001210,asm03410012100005001,Page 5,"Let's fly to Europe : an imaginary trip by Flying Clipper, a complete classroom project, adaptable for all grades",,,,,,,,,,,,,,,,,,,,
asm0341001210,asm03410012100006001,Page 6,"Let's fly to Europe : an imaginary trip by Flying Clipper, a complete classroom project, adaptable for all grades",,,,,,,,,,,,,,,,,,,,
asm0341001210,asm03410012100007001,Page 7,"Let's fly to Europe : an imaginary trip by Flying Clipper, a complete classroom project, adaptable for all grades",,,,,,,,,,,,,,,,,,,,
asm0341001210,asm03410012100008001,Page 8,"Let's fly to Europe : an imaginary trip by Flying Clipper, a complete classroom project, adaptable for all grades",,,,,,,,,,,,,,,,,,,,
asm0341001211,,Middle East Holy Land Clipper cruises,Middle East Holy Land Clipper cruises,,"Exprinter Travel Services, Inc.",,,,,Promotional materials; Brochures;,,,,,Middle East,eng,University of Miami. Library. Special Collections,"Pan American World Airways, Inc. records",ASM0341,Printed Materials: Brochures and Booklets: Destinations,Box No. 1 of 1; Box Title: Brochures and Booklets: Destinations; Folder No. 18; Folder Title: Middle East,"The copyright and related rights status of this material is unknown. The Pan Am brand remains under trademark. For additional information, please visit: https://digitalcollections.library.miami.edu/digital/custom/copyright-guidelines",http://rightsstatements.org/vocab/UND/1.0/
asm0341001211,asm03410012110001001,Page 1,Middle East Holy Land Clipper cruises,,,,,,,,,,,,,,,,,,,,
asm0341001211,asm03410012110002001,Page 2,Middle East Holy Land Clipper cruises,,,,,,,,,,,,,,,,,,,,
asm0341001212,,Israel and Europe,Israel and Europe,,"Pan American World Airways, Inc.",,,,,Promotional materials; Brochures;,,1953-07,,1950-1959,Israel; Europe,eng,University of Miami. Library. Special Collections,"Pan American World Airways, Inc. records",ASM0341,Printed Materials: Brochures and Booklets: Destinations,Box No. 1 of 1; Box Title: Brochures and Booklets: Destinations; Folder No. 18; Folder Title: Middle East,"This material is in the public domain in the United States. The Pan Am brand remains under trademark. For additional information, please visit: https://digitalcollections.library.miami.edu/digital/custom/copyright-guidelines",http://rightsstatements.org/vocab/NoC-US/1.0/
asm0341001212,asm03410012120001001,Page 1,Israel and Europe,,,,,,,,,,,,,,,,,,,,
asm0341001212,asm03410012120002001,Page 2,Israel and Europe,,,,,,,,,,,,,,,,,,,,
asm0341001213,,Fly to the Holy Land and Europe,Fly to the Holy Land and Europe,,"Pan American World Airways, Inc.",,,,,Promotional materials; Brochures;,,1952,,1950-1959,Europe,eng,University of Miami. Library. Special Collections,"Pan American World Airways, Inc. records",ASM0341,Printed Materials: Brochures and Booklets: Destinations,Box No. 1 of 1; Box Title: Brochures and Booklets: Destinations; Folder No. 18; Folder Title: Middle East,"This material is protected by copyright. Use for education purposes is permitted. Copyright was originally held by Pan American World Airways, Inc., but was transferred to the University of Miami. The Pan Am brand remains under trademark. For additional information, please visit: https://digitalcollections.library.miami.edu/digital/custom/copyright-guidelines",http://rightsstatements.org/vocab/InC-EDU/1.0/
asm0341001213,asm03410012130001001,Page 1,Fly to the Holy Land and Europe,,,,,,,,,,,,,,,,,,,,
asm0341001213,asm03410012130002001,Page 2,Fly to the Holy Land and Europe,,,,,,,,,,,,,,,,,,,,
asm0341001213,asm03410012130003001,Page 3,Fly to the Holy Land and Europe,,,,,,,,,,,,,,,,,,,,
asm0341001214,,Fly to Israel and Europe via Pan American,Fly to Israel and Europe via Pan American,,"Pan American World Airways, Inc.",,,,,Promotional materials; Brochures;,,1953,,1950-1959,Israel; Europe,eng,University of Miami. Library. Special Collections,"Pan American World Airways, Inc. records",ASM0341,Printed Materials: Brochures and Booklets: Destinations,Box No. 1 of 1; Box Title: Brochures and Booklets: Destinations; Folder No. 18; Folder Title: Middle East,"This material is protected by copyright. Use for education purposes is permitted. Copyright was originally held by Pan American World Airways, Inc., but was transferred to the University of Miami. The Pan Am brand remains under trademark. For additional information, please visit: https://digitalcollections.library.miami.edu/digital/custom/copyright-guidelines",http://rightsstatements.org/vocab/InC-EDU/1.0/
asm0341001214,asm03410012140001001,Page 1,Fly to Israel and Europe via Pan American,,,,,,,,,,,,,,,,,,,,
asm0341001214,asm03410012140002001,Page 2,Fly to Israel and Europe via Pan American,,,,,,,,,,,,,,,,,,,,
asm0341001214,asm03410012140003001,Page 3,Fly to Israel and Europe via Pan American,,,,,,,,,,,,,,,,,,,,
asm0341001215,,Your Clipper trip,Your Clipper trip,,"Pan American World Airways, Inc.",,,,,Promotional materials; Brochures;,,1952,,1950-1959,Pacific Area,eng,University of Miami. Library. Special Collections,"Pan American World Airways, Inc. records",ASM0341,Printed Materials: Brochures and Booklets: Destinations,Box No. 1 of 1; Box Title: Brochures and Booklets: Destinations; Folder No. 19; Folder Title: USA (1 of 4),"This material is protected by copyright. Use for education purposes is permitted. Copyright was originally held by Pan American World Airways, Inc., but was transferred to the University of Miami. The Pan Am brand remains under trademark. For additional information, please visit: https://digitalcollections.library.miami.edu/digital/custom/copyright-guidelines",http://rightsstatements.org/vocab/InC-EDU/1.0/
asm0341001215,asm03410012150001001,Page 1,Your Clipper trip,,,,,,,,,,,,,,,,,,,,
asm0341001215,asm03410012150002001,Page 2,Your Clipper trip,,,,,,,,,,,,,,,,,,,,
asm0341001215,asm03410012150003001,Page 3,Your Clipper trip,,,,,,,,,,,,,,,,,,,,
asm0341001216,,Destinations unlimited,Destinations unlimited,,"Pan American World Airways, Inc.",,,,,Promotional materials; Brochures;,,1952,,1950-1959,,eng,University of Miami. Library. Special Collections,"Pan American World Airways, Inc. records",ASM0341,Printed Materials: Brochures and Booklets: Destinations,Box No. 1 of 1; Box Title: Brochures and Booklets: Destinations; Folder No. 19; Folder Title: USA (1 of 4),"This material is in the public domain in the United States. The Pan Am brand remains under trademark. For additional information, please visit: https://digitalcollections.library.miami.edu/digital/custom/copyright-guidelines",http://rightsstatements.org/vocab/NoC-US/1.0/
asm0341001216,asm03410012160001001,Page 1,Destinations unlimited,,,,,,,,,,,,,,,,,,,,
asm0341001216,asm03410012160002001,Page 2,Destinations unlimited,,,,,,,,,,,,,,,,,,,,
asm0341001216,asm03410012160003001,Page 3,Destinations unlimited,,,,,,,,,,,,,,,,,,,,
asm0341001217,,Honolulu city map and guide,Honolulu city map and guide,,"Simplified Travel Inc.; Pan American World Airways, Inc.",,,,,Tourist maps;,,,,,Honolulu (Hawaii),eng,University of Miami. Library. Special Collections,"Pan American World Airways, Inc. records",ASM0341,Printed Materials: Brochures and Booklets: Destinations,Box No. 1 of 1; Box Title: Brochures and Booklets: Destinations; Folder No. 19; Folder Title: USA (1 of 4),"The copyright and related rights status of this material is unknown. The Pan Am brand remains under trademark. For additional information, please visit: https://digitalcollections.library.miami.edu/digital/custom/copyright-guidelines",http://rightsstatements.org/vocab/UND/1.0/
asm0341001217,asm03410012170001001,Page 1,Honolulu city map and guide,,,,,,,,,,,,,,,,,,,,
asm0341001217,asm03410012170002001,Page 2,Honolulu city map and guide,,,,,,,,,,,,,,,,,,,,
asm0341001218,,Pan American's guide to Hawaii,Pan American's guide to Hawaii,,"Pan American World Airways, Inc.",,,,,Travel guidebooks;,,,,,Hawaii,eng,University of Miami. Library. Special Collections,"Pan American World Airways, Inc. records",ASM0341,Printed Materials: Brochures and Booklets: Destinations,Box No. 1 of 1; Box Title: Brochures and Booklets: Destinations; Folder No. 19; Folder Title: USA (1 of 4),"The copyright and related rights status of this material is unknown. The Pan Am brand remains under trademark. For additional information, please visit: https://digitalcollections.library.miami.edu/digital/custom/copyright-guidelines",http://rightsstatements.org/vocab/UND/1.0/
asm0341001218,asm03410012180001001,Page 1,Pan American's guide to Hawaii,,,,,,,,,,,,,,,,,,,,
asm0341001218,asm03410012180002001,Page 2,Pan American's guide to Hawaii,,,,,,,,,,,,,,,,,,,,
asm0341001218,asm03410012180003001,Page 3,Pan American's guide to Hawaii,,,,,,,,,,,,,,,,,,,,
asm0341001218,asm03410012180004001,Page 4,Pan American's guide to Hawaii,,,,,,,,,,,,,,,,,,,,
asm0341001218,asm03410012180005001,Page 5,Pan American's guide to Hawaii,,,,,,,,,,,,,,,,,,,,
asm0341001218,asm03410012180006001,Page 6,Pan American's guide to Hawaii,,,,,,,,,,,,,,,,,,,,
asm0341001218,asm03410012180007001,Page 7,Pan American's guide to Hawaii,,,,,,,,,,,,,,,,,,,,
asm0341001218,asm03410012180008001,Page 8,Pan American's guide to Hawaii,,,,,,,,,,,,,,,,,,,,
asm0341001219,,Pan Am holidays to Hawaii,Pan Am holidays to Hawaii,,"Pan American World Airways, Inc.",,,,,Promotional materials; Brochures;,,1954,,1950-1959,Hawaii,eng,University of Miami. Library. Special Collections,"Pan American World Airways, Inc. records",ASM0341,Printed Materials: Brochures and Booklets: Destinations,Box No. 1 of 1; Box Title: Brochures and Booklets: Destinations; Folder No. 19; Folder Title: USA (1 of 4),"This material is protected by copyright. Use for education purposes is permitted. Copyright was originally held by Pan American World Airways, Inc., but was transferred to the University of Miami. The Pan Am brand remains under trademark. For additional information, please visit: https://digitalcollections.library.miami.edu/digital/custom/copyright-guidelines",http://rightsstatements.org/vocab/InC-EDU/1.0/
asm0341001219,asm03410012190001001,Page 1,Pan Am holidays to Hawaii,,,,,,,,,,,,,,,,,,,,
asm0341001219,asm03410012190002001,Page 2,Pan Am holidays to Hawaii,,,,,,,,,,,,,,,,,,,,
asm0341001219,asm03410012190003001,Page 3,Pan Am holidays to Hawaii,,,,,,,,,,,,,,,,,,,,
asm0341001220,,Hawaii - 1948,Hawaii - 1948,,"Watson, Dudley Crafts; Pan American World Airways, Inc.",,,,,Booklets;,,1947,,1940-1949,Hawaii,eng,University of Miami. Library. Special Collections,"Pan American World Airways, Inc. records",ASM0341,Printed Materials: Brochures and Booklets: Destinations,Box No. 1 of 1; Box Title: Brochures and Booklets: Destinations; Folder No. 19; Folder Title: USA (1 of 4),"This material is protected by copyright. Use for education purposes is permitted. Copyright was originally held by Pan American World Airways, Inc., but was transferred to the University of Miami. The Pan Am brand remains under trademark. For additional information, please visit: https://digitalcollections.library.miami.edu/digital/custom/copyright-guidelines",http://rightsstatements.org/vocab/InC-EDU/1.0/
asm0341001220,asm03410012200001001,Page 1,Hawaii - 1948,,,,,,,,,,,,,,,,,,,,
asm0341001220,asm03410012200002001,Page 2,Hawaii - 1948,,,,,,,,,,,,,,,,,,,,
asm0341001220,asm03410012200003001,Page 3,Hawaii - 1948,,,,,,,,,,,,,,,,,,,,
asm0341001220,asm03410012200004001,Page 4,Hawaii - 1948,,,,,,,,,,,,,,,,,,,,
asm0341001220,asm03410012200005001,Page 5,Hawaii - 1948,,,,,,,,,,,,,,,,,,,,
asm0341001220,asm03410012200006001,Page 6,Hawaii - 1948,,,,,,,,,,,,,,,,,,,,
asm0341001220,asm03410012200007001,Page 7,Hawaii - 1948,,,,,,,,,,,,,,,,,,,,
asm0341001220,asm03410012200008001,Page 8,Hawaii - 1948,,,,,,,,,,,,,,,,,,,,
asm0341001220,asm03410012200009001,Page 9,Hawaii - 1948,,,,,,,,,,,,,,,,,,,,
asm0341001220,asm03410012200010001,Page 10,Hawaii - 1948,,,,,,,,,,,,,,,,,,,,
asm0341001220,asm03410012200011001,Page 11,Hawaii - 1948,,,,,,,,,,,,,,,,,,,,
asm0341001220,asm03410012200012001,Page 12,Hawaii - 1948,,,,,,,,,,,,,,,,,,,,
asm0341001221,,Your Pan Am holiday to Hawaii for as little as $274.11,Your Pan Am holiday to Hawaii for as little as $274.11,,"Pan American World Airways, Inc.",,,,,Promotional materials; Brochures;,,1956,,1950-1959,Hawaii,eng,University of Miami. Library. Special Collections,"Pan American World Airways, Inc. records",ASM0341,Printed Materials: Brochures and Booklets: Destinations,Box No. 1 of 1; Box Title: Brochures and Booklets: Destinations; Folder No. 19; Folder Title: USA (1 of 4),"This material is protected by copyright. Use for education purposes is permitted. Copyright was originally held by Pan American World Airways, Inc., but was transferred to the University of Miami. The Pan Am brand remains under trademark. For additional information, please visit: https://digitalcollections.library.miami.edu/digital/custom/copyright-guidelines",http://rightsstatements.org/vocab/InC-EDU/1.0/
asm0341001221,asm03410012210001001,Page 1,Your Pan Am holiday to Hawaii for as little as $274.11,,,,,,,,,,,,,,,,,,,,
asm0341001221,asm03410012210002001,Page 2,Your Pan Am holiday to Hawaii for as little as $274.11,,,,,,,,,,,,,,,,,,,,
asm0341001221,asm03410012210003001,Page 3,Your Pan Am holiday to Hawaii for as little as $274.11,,,,,,,,,,,,,,,,,,,,
asm0341001221,asm03410012210004001,Page 4,Your Pan Am holiday to Hawaii for as little as $274.11,,,,,,,,,,,,,,,,,,,,
asm0341001221,asm03410012210005001,Page 5,Your Pan Am holiday to Hawaii for as little as $274.11,,,,,,,,,,,,,,,,,,,,
asm0341001221,asm03410012210006001,Page 6,Your Pan Am holiday to Hawaii for as little as $274.11,,,,,,,,,,,,,,,,,,,,
asm0341001221,asm03410012210007001,Page 7,Your Pan Am holiday to Hawaii for as little as $274.11,,,,,,,,,,,,,,,,,,,,
asm0341001221,asm03410012210008001,Page 8,Your Pan Am holiday to Hawaii for as little as $274.11,,,,,,,,,,,,,,,,,,,,
asm0341001221,asm03410012210009001,Page 9,Your Pan Am holiday to Hawaii for as little as $274.11,,,,,,,,,,,,,,,,,,,,
asm0341001221,asm03410012210010001,Page 10,Your Pan Am holiday to Hawaii for as little as $274.11,,,,,,,,,,,,,,,,,,,,
asm0341001222,,Hawaii,Hawaii,,"Pan American World Airways, Inc.",,,,,Promotional materials; Brochures;,,,,,Hawaii,eng,University of Miami. Library. Special Collections,"Pan American World Airways, Inc. records",ASM0341,Printed Materials: Brochures and Booklets: Destinations,Box No. 1 of 1; Box Title: Brochures and Booklets: Destinations; Folder No. 19; Folder Title: USA (1 of 4),"The copyright and related rights status of this material is unknown. The Pan Am brand remains under trademark. For additional information, please visit: https://digitalcollections.library.miami.edu/digital/custom/copyright-guidelines",http://rightsstatements.org/vocab/UND/1.0/
asm0341001222,asm03410012220001001,Page 1,Hawaii,,,,,,,,,,,,,,,,,,,,
asm0341001222,asm03410012220002001,Page 2,Hawaii,,,,,,,,,,,,,,,,,,,,
asm0341001222,asm03410012220003001,Page 3,Hawaii,,,,,,,,,,,,,,,,,,,,
asm0341001223,,Hawaii by Clipper,Hawaii by Clipper,,"Pan American World Airways, Inc.",,,,,Promotional materials; Brochures;,,1947,,1940-1949,Hawaii,eng,University of Miami. Library. Special Collections,"Pan American World Airways, Inc. records",ASM0341,Printed Materials: Brochures and Booklets: Destinations,Box No. 1 of 1; Box Title: Brochures and Booklets: Destinations; Folder No. 19; Folder Title: USA (1 of 4),"This material is protected by copyright. Use for education purposes is permitted. Copyright was originally held by Pan American World Airways, Inc., but was transferred to the University of Miami. The Pan Am brand remains under trademark. For additional information, please visit: https://digitalcollections.library.miami.edu/digital/custom/copyright-guidelines",http://rightsstatements.org/vocab/InC-EDU/1.0/
asm0341001223,asm03410012230001001,Page 1,Hawaii by Clipper,,,,,,,,,,,,,,,,,,,,
asm0341001223,asm03410012230002001,Page 2,Hawaii by Clipper,,,,,,,,,,,,,,,,,,,,
asm0341001223,asm03410012230003001,Page 3,Hawaii by Clipper,,,,,,,,,,,,,,,,,,,,
asm0341001223,asm03410012230004001,Page 4,Hawaii by Clipper,,,,,,,,,,,,,,,,,,,,
asm0341001223,asm03410012230005001,Page 5,Hawaii by Clipper,,,,,,,,,,,,,,,,,,,,
asm0341001224,,Hawaii is waiting for you : fly there by Clipper,Hawaii is waiting for you : fly there by Clipper,,"Pan American World Airways, Inc.",,,,,Promotional materials; Brochures;,,1955,,1950-1959,Hawaii,eng,University of Miami. Library. Special Collections,"Pan American World Airways, Inc. records",ASM0341,Printed Materials: Brochures and Booklets: Destinations,Box No. 1 of 1; Box Title: Brochures and Booklets: Destinations; Folder No. 19; Folder Title: USA (1 of 4),"This material is protected by copyright. Use for education purposes is permitted. Copyright was originally held by Pan American World Airways, Inc., but was transferred to the University of Miami. The Pan Am brand remains under trademark. For additional information, please visit: https://digitalcollections.library.miami.edu/digital/custom/copyright-guidelines",http://rightsstatements.org/vocab/InC-EDU/1.0/
asm0341001224,asm03410012240001001,Page 1,Hawaii is waiting for you : fly there by Clipper,,,,,,,,,,,,,,,,,,,,
asm0341001224,asm03410012240002001,Page 2,Hawaii is waiting for you : fly there by Clipper,,,,,,,,,,,,,,,,,,,,
asm0341001224,asm03410012240003001,Page 3,Hawaii is waiting for you : fly there by Clipper,,,,,,,,,,,,,,,,,,,,
asm0341001224,asm03410012240004001,Page 4,Hawaii is waiting for you : fly there by Clipper,,,,,,,,,,,,,,,,,,,,
asm0341001224,asm03410012240005001,Page 5,Hawaii is waiting for you : fly there by Clipper,,,,,,,,,,,,,,,,,,,,
asm0341001224,asm03410012240006001,Page 6,Hawaii is waiting for you : fly there by Clipper,,,,,,,,,,,,,,,,,,,,
asm0341001225,,Fly by Clipper to Hawaii,Fly by Clipper to Hawaii,,"Pan American World Airways, Inc.",,,,,Promotional materials; Brochures;,,1949,,1940-1949,Hawaii,eng,University of Miami. Library. Special Collections,"Pan American World Airways, Inc. records",ASM0341,Printed Materials: Brochures and Booklets: Destinations,Box No. 1 of 1; Box Title: Brochures and Booklets: Destinations; Folder No. 19; Folder Title: USA (1 of 4),"This material is protected by copyright. Use for education purposes is permitted. Copyright was originally held by Pan American World Airways, Inc., but was transferred to the University of Miami. The Pan Am brand remains under trademark. For additional information, please visit: https://digitalcollections.library.miami.edu/digital/custom/copyright-guidelines",http://rightsstatements.org/vocab/InC-EDU/1.0/
asm0341001225,asm03410012250001001,Page 1,Fly by Clipper to Hawaii,,,,,,,,,,,,,,,,,,,,
asm0341001225,asm03410012250002001,Page 2,Fly by Clipper to Hawaii,,,,,,,,,,,,,,,,,,,,
asm0341001225,asm03410012250003001,Page 3,Fly by Clipper to Hawaii,,,,,,,,,,,,,,,,,,,,
asm0341001225,asm03410012250004001,Page 4,Fly by Clipper to Hawaii,,,,,,,,,,,,,,,,,,,,
asm0341001225,asm03410012250005001,Page 5,Fly by Clipper to Hawaii,,,,,,,,,,,,,,,,,,,,
asm0341001225,asm03410012250006001,Page 6,Fly by Clipper to Hawaii,,,,,,,,,,,,,,,,,,,,
asm0341001226,,How to get that trip to Hawaii and the Pacific off the ground,How to get that trip to Hawaii and the Pacific off the ground,,"Pan American World Airways, Inc.",,,,,Promotional materials; Booklets;,,1966,,1960-1969,Hawaii; Pacific Area,eng,University of Miami. Library. Special Collections,"Pan American World Airways, Inc. records",ASM0341,Printed Materials: Brochures and Booklets: Destinations,Box No. 1 of 1; Box Title: Brochures and Booklets: Destinations; Folder No. 19; Folder Title: USA (1 of 4),"This material is protected by copyright. Use for education purposes is permitted. Copyright was originally held by Pan American World Airways, Inc., but was transferred to the University of Miami. The Pan Am brand remains under trademark. For additional information, please visit: https://digitalcollections.library.miami.edu/digital/custom/copyright-guidelines",http://rightsstatements.org/vocab/InC-EDU/1.0/
asm0341001226,asm03410012260001001,Page 1,How to get that trip to Hawaii and the Pacific off the ground,,,,,,,,,,,,,,,,,,,,
asm0341001226,asm03410012260002001,Page 2,How to get that trip to Hawaii and the Pacific off the ground,,,,,,,,,,,,,,,,,,,,
asm0341001226,asm03410012260003001,Page 3,How to get that trip to Hawaii and the Pacific off the ground,,,,,,,,,,,,,,,,,,,,
asm0341001226,asm03410012260004001,Page 4,How to get that trip to Hawaii and the Pacific off the ground,,,,,,,,,,,,,,,,,,,,
asm0341001226,asm03410012260005001,Page 5,How to get that trip to Hawaii and the Pacific off the ground,,,,,,,,,,,,,,,,,,,,
asm0341001226,asm03410012260006001,Page 6,How to get that trip to Hawaii and the Pacific off the ground,,,,,,,,,,,,,,,,,,,,
asm0341001226,asm03410012260007001,Page 7,How to get that trip to Hawaii and the Pacific off the ground,,,,,,,,,,,,,,,,,,,,
asm0341001226,asm03410012260008001,Page 8,How to get that trip to Hawaii and the Pacific off the ground,,,,,,,,,,,,,,,,,,,,
asm0341001226,asm03410012260009001,Page 9,How to get that trip to Hawaii and the Pacific off the ground,,,,,,,,,,,,,,,,,,,,
asm0341001226,asm03410012260010001,Page 10,How to get that trip to Hawaii and the Pacific off the ground,,,,,,,,,,,,,,,,,,,,
asm0341001226,asm03410012260011001,Page 11,How to get that trip to Hawaii and the Pacific off the ground,,,,,,,,,,,,,,,,,,,,
asm0341001226,asm03410012260012001,Page 12,How to get that trip to Hawaii and the Pacific off the ground,,,,,,,,,,,,,,,,,,,,
asm0341001226,asm03410012260013001,Page 13,How to get that trip to Hawaii and the Pacific off the ground,,,,,,,,,,,,,,,,,,,,
asm0341001226,asm03410012260014001,Page 14,How to get that trip to Hawaii and the Pacific off the ground,,,,,,,,,,,,,,,,,,,,
asm0341001226,asm03410012260015001,Page 15,How to get that trip to Hawaii and the Pacific off the ground,,,,,,,,,,,,,,,,,,,,
asm0341001226,asm03410012260016001,Page 16,How to get that trip to Hawaii and the Pacific off the ground,,,,,,,,,,,,,,,,,,,,
asm0341001226,asm03410012260017001,Page 17,How to get that trip to Hawaii and the Pacific off the ground,,,,,,,,,,,,,,,,,,,,
asm0341001226,asm03410012260018001,Page 18,How to get that trip to Hawaii and the Pacific off the ground,,,,,,,,,,,,,,,,,,,,
asm0341001226,asm03410012260019001,Page 19,How to get that trip to Hawaii and the Pacific off the ground,,,,,,,,,,,,,,,,,,,,
asm0341001226,asm03410012260020001,Page 20,How to get that trip to Hawaii and the Pacific off the ground,,,,,,,,,,,,,,,,,,,,
asm0341001227,,Hawaii : Pan Am's world tours,Hawaii : Pan Am's world tours,,"Pan American World Airways, Inc.",,,,,Promotional materials;,,1979,,1970-1979,Hawaii,eng,University of Miami. Library. Special Collections,"Pan American World Airways, Inc. records",ASM0341,Printed Materials: Brochures and Booklets: Destinations,Box No. 1 of 1; Box Title: Brochures and Booklets: Destinations; Folder No. 19; Folder Title: USA (1 of 4),"The copyright and related rights status of this material is unknown. The Pan Am brand remains under trademark. For additional information, please visit: https://digitalcollections.library.miami.edu/digital/custom/copyright-guidelines",http://rightsstatements.org/vocab/UND/1.0/
asm0341001227,asm03410012270001001,Page 1,Hawaii : Pan Am's world tours,,,,,,,,,,,,,,,,,,,,
asm0341001227,asm03410012270002001,Page 2,Hawaii : Pan Am's world tours,,,,,,,,,,,,,,,,,,,,
asm0341001227,asm03410012270003001,Page 3,Hawaii : Pan Am's world tours,,,,,,,,,,,,,,,,,,,,
asm0341001227,asm03410012270004001,Page 4,Hawaii : Pan Am's world tours,,,,,,,,,,,,,,,,,,,,
asm0341001227,asm03410012270005001,Page 5,Hawaii : Pan Am's world tours,,,,,,,,,,,,,,,,,,,,
asm0341001227,asm03410012270006001,Page 6,Hawaii : Pan Am's world tours,,,,,,,,,,,,,,,,,,,,
asm0341001227,asm03410012270007001,Page 7,Hawaii : Pan Am's world tours,,,,,,,,,,,,,,,,,,,,
asm0341001227,asm03410012270008001,Page 8,Hawaii : Pan Am's world tours,,,,,,,,,,,,,,,,,,,,
asm0341001228,,"Honolulu : quick reference schedule effective February 1, 1982","Honolulu : quick reference schedule effective February 1, 1982",,"Pan American World Airways, Inc.",,,,,Transportation timetables,,1982,,1980-1989,Honolulu (Hawaii),eng,University of Miami. Library. Special Collections,"Pan American World Airways, Inc. records",ASM0341,Printed Materials: Brochures and Booklets: Destinations,Box No. 1 of 1; Box Title: Brochures and Booklets: Destinations; Folder No. 19; Folder Title: USA (1 of 4),"The copyright and related rights status of this material is unknown. The Pan Am brand remains under trademark. For additional information, please visit: https://digitalcollections.library.miami.edu/digital/custom/copyright-guidelines",http://rightsstatements.org/vocab/UND/1.0/
asm0341001228,asm03410012280001001,Page 1,"Honolulu : quick reference schedule effective February 1, 1982",,,,,,,,,,,,,,,,,,,,
asm0341001228,asm03410012280002001,Page 2,"Honolulu : quick reference schedule effective February 1, 1982",,,,,,,,,,,,,,,,,,,,
asm0341001229,,To magnificent Alaska by Clipper,To magnificent Alaska by Clipper,,"Pan American World Airways, Inc.",,,,,Promotional materials; Brochures;,,1945,,1940-1949,Alaska,eng,University of Miami. Library. Special Collections,"Pan American World Airways, Inc. records",ASM0341,Printed Materials: Brochures and Booklets: Destinations,Box No. 1 of 1; Box Title: Brochures and Booklets: Destinations; Folder No. 20; Folder Title: USA (2 of 4),"This material is protected by copyright. Use for education purposes is permitted. Copyright was originally held by Pan American World Airways, Inc., but was transferred to the University of Miami. The Pan Am brand remains under trademark. For additional information, please visit: https://digitalcollections.library.miami.edu/digital/custom/copyright-guidelines",http://rightsstatements.org/vocab/InC-EDU/1.0/
asm0341001229,asm03410012290001001,Page 1,To magnificent Alaska by Clipper,,,,,,,,,,,,,,,,,,,,
asm0341001229,asm03410012290002001,Page 2,To magnificent Alaska by Clipper,,,,,,,,,,,,,,,,,,,,
asm0341001230,,Alaska by air and water,Alaska by air and water,,"Pan American World Airways, Inc.",,,,,Promotional materials; Brochures;,,,,,Alaska,eng,University of Miami. Library. Special Collections,"Pan American World Airways, Inc. records",ASM0341,Printed Materials: Brochures and Booklets: Destinations,Box No. 1 of 1; Box Title: Brochures and Booklets: Destinations; Folder No. 20; Folder Title: USA (2 of 4),"The copyright and related rights status of this material is unknown. The Pan Am brand remains under trademark. For additional information, please visit: https://digitalcollections.library.miami.edu/digital/custom/copyright-guidelines",http://rightsstatements.org/vocab/UND/1.0/
asm0341001230,asm03410012300001001,Page 1,Alaska by air and water,,,,,,,,,,,,,,,,,,,,
asm0341001230,asm03410012300002001,Page 2,Alaska by air and water,,,,,,,,,,,,,,,,,,,,
asm0341001231,,Alaska hunting and fishing guide : 1956-57 edition,Alaska hunting and fishing guide : 1956-57 edition,,"Pan American World Airways, Inc.",,,,,Promotional materials; Brochures;,,1956; 1957,,1950-1959,Alaska,eng,University of Miami. Library. Special Collections,"Pan American World Airways, Inc. records",ASM0341,Printed Materials: Brochures and Booklets: Destinations,Box No. 1 of 1; Box Title: Brochures and Booklets: Destinations; Folder No. 20; Folder Title: USA (2 of 4),"This material is in the public domain in the United States. The Pan Am brand remains under trademark. For additional information, please visit: https://digitalcollections.library.miami.edu/digital/custom/copyright-guidelines",http://rightsstatements.org/vocab/NoC-US/1.0/
asm0341001231,asm03410012310001001,Page 1,Alaska hunting and fishing guide : 1956-57 edition,,,,,,,,,,,,,,,,,,,,
asm0341001231,asm03410012310002001,Page 2,Alaska hunting and fishing guide : 1956-57 edition,,,,,,,,,,,,,,,,,,,,
asm0341001232,asm03410012320001001,Alaska is a wonderful place,Alaska hunting and fishing guide : 1956-57 edition,,"Pan American World Airways, Inc.",,,,,Promotional materials; Advertisements;,,,,,Alaska,eng,University of Miami. Library. Special Collections,"Pan American World Airways, Inc. records",ASM0341,Printed Materials: Brochures and Booklets: Destinations,Box No. 1 of 1; Box Title: Brochures and Booklets: Destinations; Folder No. 20; Folder Title: USA (2 of 4),"The copyright and related rights status of this material is unknown. The Pan Am brand remains under trademark. For additional information, please visit: https://digitalcollections.library.miami.edu/digital/custom/copyright-guidelines",http://rightsstatements.org/vocab/UND/1.0/
asm0341001233,,Serving Alaska,Serving Alaska,,"Pan American World Airways, Inc.",,,,,Promotional materials; Brochures;,,,,,Alaska,eng,University of Miami. Library. Special Collections,"Pan American World Airways, Inc. records",ASM0341,Printed Materials: Brochures and Booklets: Destinations,Box No. 1 of 1; Box Title: Brochures and Booklets: Destinations; Folder No. 20; Folder Title: USA (2 of 4),"The copyright and related rights status of this material is unknown. The Pan Am brand remains under trademark. For additional information, please visit: https://digitalcollections.library.miami.edu/digital/custom/copyright-guidelines",http://rightsstatements.org/vocab/UND/1.0/
asm0341001233,asm03410012330001001,Page 1,Serving Alaska,,,,,,,,,,,,,,,,,,,,
asm0341001233,asm03410012330002001,Page 2,Serving Alaska,,,,,,,,,,,,,,,,,,,,
asm0341001233,asm03410012330003001,Page 3,Serving Alaska,,,,,,,,,,,,,,,,,,,,
asm0341001234,,Miami tourist map,Miami tourist map,,"Pan American World Airways, Inc.",,,,,Tourist maps;,,,,,Miami (Fla.),eng; jap; ita; ger,University of Miami. Library. Special Collections,"Pan American World Airways, Inc. records",ASM0341,Printed Materials: Brochures and Booklets: Destinations,Box No. 1 of 1; Box Title: Brochures and Booklets: Destinations; Folder No. 21; Folder Title: USA (3 of 4),"The copyright and related rights status of this material is unknown. The Pan Am brand remains under trademark. For additional information, please visit: https://digitalcollections.library.miami.edu/digital/custom/copyright-guidelines",http://rightsstatements.org/vocab/UND/1.0/
asm0341001234,asm03410012340001001,Page 1,Miami tourist map,,,,,,,,,,,,,,,,,,,,
asm0341001234,asm03410012340002001,Page 2,Miami tourist map,,,,,,,,,,,,,,,,,,,,
asm0341001234,asm03410012340003001,Page 3,Miami tourist map,,,,,,,,,,,,,,,,,,,,
asm0341001234,asm03410012340004001,Page 4,Miami tourist map,,,,,,,,,,,,,,,,,,,,
asm0341001235,,Pan Am is pleased to announce our new Palm Springs service,Pan Am is pleased to announce our new Palm Springs service,,"Pan American World Airways, Inc.",,,,,Promotional materials; Brochures;,,1982-02,,1980-1989,Palm Springs (Calif.),eng,University of Miami. Library. Special Collections,"Pan American World Airways, Inc. records",ASM0341,Printed Materials: Brochures and Booklets: Destinations,Box No. 1 of 1; Box Title: Brochures and Booklets: Destinations; Folder No. 21; Folder Title: USA (3 of 4),"The copyright and related rights status of this material is unknown. The Pan Am brand remains under trademark. For additional information, please visit: https://digitalcollections.library.miami.edu/digital/custom/copyright-guidelines",http://rightsstatements.org/vocab/UND/1.0/
asm0341001235,asm03410012350001001,Page 1,Pan Am is pleased to announce our new Palm Springs service,,,,,,,,,,,,,,,,,,,,
asm0341001235,asm03410012350002001,Page 2,Pan Am is pleased to announce our new Palm Springs service,,,,,,,,,,,,,,,,,,,,
asm0341001236,,Fly to Florida for $9 with Pan Am's coast-to-coast-to-coast triangle fare,Fly to Florida for $9 with Pan Am's coast-to-coast-to-coast triangle fare,,"Pan American World Airways, Inc.",,,,,Promotional materials; Brochures;,,1982-02,,1980-1989,Los Angeles (Calif.); New York (N.Y.); Florida,eng,University of Miami. Library. Special Collections,"Pan American World Airways, Inc. records",ASM0341,Printed Materials: Brochures and Booklets: Destinations,Box No. 1 of 1; Box Title: Brochures and Booklets: Destinations; Folder No. 21; Folder Title: USA (3 of 4),"The copyright and related rights status of this material is unknown. The Pan Am brand remains under trademark. For additional information, please visit: https://digitalcollections.library.miami.edu/digital/custom/copyright-guidelines",http://rightsstatements.org/vocab/UND/1.0/
asm0341001236,asm03410012360001001,Page 1,Fly to Florida for $9 with Pan Am's coast-to-coast-to-coast triangle fare,,,,,,,,,,,,,,,,,,,,
asm0341001236,asm03410012360002001,Page 2,Fly to Florida for $9 with Pan Am's coast-to-coast-to-coast triangle fare,,,,,,,,,,,,,,,,,,,,
asm0341001236,asm03410012360003001,Page 3,Fly to Florida for $9 with Pan Am's coast-to-coast-to-coast triangle fare,,,,,,,,,,,,,,,,,,,,
asm0341001237,,Fly Pan Am to Florida and get a Chevy Chevette,Fly Pan Am to Florida and get a Chevy Chevette,,"Pan American World Airways, Inc.",,,,,Promotional materials; Brochures;,,1981-11,,1980-1989,Florida,eng,University of Miami. Library. Special Collections,"Pan American World Airways, Inc. records",ASM0341,Printed Materials: Brochures and Booklets: Destinations,Box No. 1 of 1; Box Title: Brochures and Booklets: Destinations; Folder No. 21; Folder Title: USA (3 of 4),"The copyright and related rights status of this material is unknown. The Pan Am brand remains under trademark. For additional information, please visit: https://digitalcollections.library.miami.edu/digital/custom/copyright-guidelines",http://rightsstatements.org/vocab/UND/1.0/
asm0341001237,asm03410012370001001,Page 1,Fly Pan Am to Florida and get a Chevy Chevette,,,,,,,,,,,,,,,,,,,,
asm0341001237,asm03410012370002001,Page 2,Fly Pan Am to Florida and get a Chevy Chevette,,,,,,,,,,,,,,,,,,,,
asm0341001238,,"Fly Pan Am to Florida , and get a ""wheel of a deal""","Fly Pan Am to Florida , and get a ""wheel of a deal""",,"Pan American World Airways, Inc.",,,,,Promotional materials; Brochures;,,1982-02,,1980-1989,Florida,eng,University of Miami. Library. Special Collections,"Pan American World Airways, Inc. records",ASM0341,Printed Materials: Brochures and Booklets: Destinations,Box No. 1 of 1; Box Title: Brochures and Booklets: Destinations; Folder No. 21; Folder Title: USA (3 of 4),"The copyright and related rights status of this material is unknown. The Pan Am brand remains under trademark. For additional information, please visit: https://digitalcollections.library.miami.edu/digital/custom/copyright-guidelines",http://rightsstatements.org/vocab/UND/1.0/
asm0341001238,asm03410012380001001,Page 1,"Fly Pan Am to Florida , and get a ""wheel of a deal""",,,,,,,,,,,,,,,,,,,,
asm0341001238,asm03410012380002001,Page 2,"Fly Pan Am to Florida , and get a ""wheel of a deal""",,,,,,,,,,,,,,,,,,,,
asm0341001239,,"55 minutes : New York, Atlantic City","55 minutes : New York, Atlantic City",,"Pan American World Airways, Inc.",,,,,Promotional materials; Brochures;,,,,,Atlantic City (N.J.); New York (N.Y.),eng,University of Miami. Library. Special Collections,"Pan American World Airways, Inc. records",ASM0341,Printed Materials: Brochures and Booklets: Destinations,Box No. 1 of 1; Box Title: Brochures and Booklets: Destinations; Folder No. 21; Folder Title: USA (3 of 4),"The copyright and related rights status of this material is unknown. The Pan Am brand remains under trademark. For additional information, please visit: https://digitalcollections.library.miami.edu/digital/custom/copyright-guidelines",http://rightsstatements.org/vocab/UND/1.0/
asm0341001239,asm03410012390001001,Page 1,"55 minutes : New York, Atlantic City",,,,,,,,,,,,,,,,,,,,
asm0341001239,asm03410012390002001,Page 2,"55 minutes : New York, Atlantic City",,,,,,,,,,,,,,,,,,,,
asm0341001240,,All expense air cruises daily to Atlantic City,All expense air cruises daily to Atlantic City,,"Pan American World Airways, Inc.",,,,,Promotional materials; Brochures;,,,,,Atlantic City (N.J.),eng,University of Miami. Library. Special Collections,"Pan American World Airways, Inc. records",ASM0341,Printed Materials: Brochures and Booklets: Destinations,Box No. 1 of 1; Box Title: Brochures and Booklets: Destinations; Folder No. 21; Folder Title: USA (3 of 4),"The copyright and related rights status of this material is unknown. The Pan Am brand remains under trademark. For additional information, please visit: https://digitalcollections.library.miami.edu/digital/custom/copyright-guidelines",http://rightsstatements.org/vocab/UND/1.0/
asm0341001240,asm03410012400001001,Page 1,All expense air cruises daily to Atlantic City,,,,,,,,,,,,,,,,,,,,
asm0341001240,asm03410012400002001,Page 2,All expense air cruises daily to Atlantic City,,,,,,,,,,,,,,,,,,,,
asm0341001241,,Airways traveler in Southern California,Airways traveler in Southern California,,Henry Publishing Company,,,,,Promotional materials; Booklets; Tourist maps;,,1945-11,,1940-1949,"California, Southern",eng,University of Miami. Library. Special Collections,"Pan American World Airways, Inc. records",ASM0341,Printed Materials: Brochures and Booklets: Destinations,Box No. 1 of 1; Box Title: Brochures and Booklets: Destinations; Folder No. 21; Folder Title: USA (3 of 4),"This material is protected by copyright. Use for education purposes is permitted. Copyright was originally held by Pan American World Airways, Inc., but was transferred to the University of Miami. The Pan Am brand remains under trademark. For additional information, please visit: https://digitalcollections.library.miami.edu/digital/custom/copyright-guidelines",http://rightsstatements.org/vocab/InC-EDU/1.0/
asm0341001241,asm03410012410001001,Page 1,Airways traveler in Southern California,,,,,,,,,,,,,,,,,,,,
asm0341001241,asm03410012410002001,Page 2,Airways traveler in Southern California,,,,,,,,,,,,,,,,,,,,
asm0341001241,asm03410012410003001,Page 3,Airways traveler in Southern California,,,,,,,,,,,,,,,,,,,,
asm0341001241,asm03410012410004001,Page 4,Airways traveler in Southern California,,,,,,,,,,,,,,,,,,,,
asm0341001241,asm03410012410005001,Page 5,Airways traveler in Southern California,,,,,,,,,,,,,,,,,,,,
asm0341001241,asm03410012410006001,Page 6,Airways traveler in Southern California,,,,,,,,,,,,,,,,,,,,
asm0341001241,asm03410012410007001,Page 7,Airways traveler in Southern California,,,,,,,,,,,,,,,,,,,,
asm0341001241,asm03410012410008001,Page 8,Airways traveler in Southern California,,,,,,,,,,,,,,,,,,,,
asm0341001241,asm03410012410009001,Page 9,Airways traveler in Southern California,,,,,,,,,,,,,,,,,,,,
asm0341001241,asm03410012410010001,Page 10,Airways traveler in Southern California,,,,,,,,,,,,,,,,,,,,
asm0341001241,asm03410012410011001,Page 11,Airways traveler in Southern California,,,,,,,,,,,,,,,,,,,,
asm0341001241,asm03410012410012001,Page 12,Airways traveler in Southern California,,,,,,,,,,,,,,,,,,,,
asm0341001241,asm03410012410013001,Page 13,Airways traveler in Southern California,,,,,,,,,,,,,,,,,,,,
asm0341001241,asm03410012410014001,Page 14,Airways traveler in Southern California,,,,,,,,,,,,,,,,,,,,
asm0341001241,asm03410012410015001,Page 15,Airways traveler in Southern California,,,,,,,,,,,,,,,,,,,,
asm0341001241,asm03410012410016001,Page 16,Airways traveler in Southern California,,,,,,,,,,,,,,,,,,,,
asm0341001242,,"New York : quick reference schedule effective December 9, 1981","New York : quick reference schedule effective December 9, 1981",,"Pan American World Airways, Inc.",,,,,Transportation timetables,,1981,,1980-1989,New York (N.Y.),eng,University of Miami. Library. Special Collections,"Pan American World Airways, Inc. records",ASM0341,Printed Materials: Brochures and Booklets: Destinations,Box No. 1 of 1; Box Title: Brochures and Booklets: Destinations; Folder No. 21; Folder Title: USA (3 of 4),"The copyright and related rights status of this material is unknown. The Pan Am brand remains under trademark. For additional information, please visit: https://digitalcollections.library.miami.edu/digital/custom/copyright-guidelines",http://rightsstatements.org/vocab/UND/1.0/
asm0341001242,asm03410012420001001,Page 1,"New York : quick reference schedule effective December 9, 1981",,,,,,,,,,,,,,,,,,,,
asm0341001242,asm03410012420002001,Page 2,"New York : quick reference schedule effective December 9, 1981",,,,,,,,,,,,,,,,,,,,
asm0341001242,asm03410012420003001,Page 3,"New York : quick reference schedule effective December 9, 1981",,,,,,,,,,,,,,,,,,,,
asm0341001242,asm03410012420004001,Page 4,"New York : quick reference schedule effective December 9, 1981",,,,,,,,,,,,,,,,,,,,
asm0341001242,asm03410012420005001,Page 5,"New York : quick reference schedule effective December 9, 1981",,,,,,,,,,,,,,,,,,,,
asm0341001242,asm03410012420006001,Page 6,"New York : quick reference schedule effective December 9, 1981",,,,,,,,,,,,,,,,,,,,
asm0341001242,asm03410012420007001,Page 7,"New York : quick reference schedule effective December 9, 1981",,,,,,,,,,,,,,,,,,,,
asm0341001242,asm03410012420008001,Page 8,"New York : quick reference schedule effective December 9, 1981",,,,,,,,,,,,,,,,,,,,
asm0341001242,asm03410012420009001,Page 9,"New York : quick reference schedule effective December 9, 1981",,,,,,,,,,,,,,,,,,,,
asm0341001242,asm03410012420010001,Page 10,"New York : quick reference schedule effective December 9, 1981",,,,,,,,,,,,,,,,,,,,
asm0341001242,asm03410012420011001,Page 11,"New York : quick reference schedule effective December 9, 1981",,,,,,,,,,,,,,,,,,,,
asm0341001242,asm03410012420012001,Page 12,"New York : quick reference schedule effective December 9, 1981",,,,,,,,,,,,,,,,,,,,
asm0341001243,,"Pan Am makes it ""easy going"" to New York","Pan Am makes it ""easy going"" to New York",,"Pan American World Airways, Inc.",,,,,Promotional materials; Brochures;,,1982,,1980-1989,New York (N.Y.),eng,University of Miami. Library. Special Collections,"Pan American World Airways, Inc. records",ASM0341,Printed Materials: Brochures and Booklets: Destinations,Box No. 1 of 1; Box Title: Brochures and Booklets: Destinations; Folder No. 21; Folder Title: USA (3 of 4),"The copyright and related rights status of this material is unknown. The Pan Am brand remains under trademark. For additional information, please visit: https://digitalcollections.library.miami.edu/digital/custom/copyright-guidelines",http://rightsstatements.org/vocab/UND/1.0/
asm0341001243,asm03410012430001001,Page 1,"Pan Am makes it ""easy going"" to New York",,,,,,,,,,,,,,,,,,,,
asm0341001243,asm03410012430002001,Page 2,"Pan Am makes it ""easy going"" to New York",,,,,,,,,,,,,,,,,,,,
asm0341001244,,"Pan Am introduces a ""bigger and better"" way to fly to Miami","Pan Am introduces a ""bigger and better"" way to fly to Miami",,"Pan American World Airways, Inc.",,,,,Promotional materials; Brochures;,,1983,,1980-1989,Miami (Fla.),eng,University of Miami. Library. Special Collections,"Pan American World Airways, Inc. records",ASM0341,Printed Materials: Brochures and Booklets: Destinations,Box No. 1 of 1; Box Title: Brochures and Booklets: Destinations; Folder No. 21; Folder Title: USA (3 of 4),"The copyright and related rights status of this material is unknown. The Pan Am brand remains under trademark. For additional information, please visit: https://digitalcollections.library.miami.edu/digital/custom/copyright-guidelines",http://rightsstatements.org/vocab/UND/1.0/
asm0341001244,asm03410012440001001,Page 1,"Pan Am introduces a ""bigger and better"" way to fly to Miami",,,,,,,,,,,,,,,,,,,,
asm0341001244,asm03410012440002001,Page 2,"Pan Am introduces a ""bigger and better"" way to fly to Miami",,,,,,,,,,,,,,,,,,,,
asm0341001245,,"Sarasota/Bradenton : quick reference schedule effective February 1, 1982","Sarasota/Bradenton : quick reference schedule effective February 1, 1982",,"Pan American World Airways, Inc.",,,,,Transportation timetables;,,1982,,1980-1989,Sarasota (Fla.); Bradenton (Fla.),eng,University of Miami. Library. Special Collections,"Pan American World Airways, Inc. records",ASM0341,Printed Materials: Brochures and Booklets: Destinations,Box No. 1 of 1; Box Title: Brochures and Booklets: Destinations; Folder No. 21; Folder Title: USA (3 of 4),"The copyright and related rights status of this material is unknown. The Pan Am brand remains under trademark. For additional information, please visit: https://digitalcollections.library.miami.edu/digital/custom/copyright-guidelines",http://rightsstatements.org/vocab/UND/1.0/
asm0341001245,asm03410012450001001,Page 1,"Sarasota/Bradenton : quick reference schedule effective February 1, 1982",,,,,,,,,,,,,,,,,,,,
asm0341001245,asm03410012450002001,Page 2,"Sarasota/Bradenton : quick reference schedule effective February 1, 1982",,,,,,,,,,,,,,,,,,,,
asm0341001246,,Pan Am makes it more convenient to get to more of the world from Dallas-Ft. Worth,Pan Am makes it more convenient to get to more of the world from Dallas-Ft. Worth,,"Pan American World Airways, Inc.",,,,,Promotional materials; Transportation timetables;,,10/30/1981,,1980-1989,Dallas (Tex.);Fort Worth (Tex.),eng,University of Miami. Library. Special Collections,"Pan American World Airways, Inc. records",ASM0341,Printed Materials: Brochures and Booklets: Destinations,Box No. 1 of 1; Box Title: Brochures and Booklets: Destinations; Folder No. 22; Folder Title: USA (4 of 4),"The copyright and related rights status of this material is unknown. The Pan Am brand remains under trademark. For additional information, please visit: https://digitalcollections.library.miami.edu/digital/custom/copyright-guidelines",http://rightsstatements.org/vocab/UND/1.0/
asm0341001246,asm03410012460001001,Page 1,Pan Am makes it more convenient to get to more of the world from Dallas-Ft. Worth,,,,,,,,,,,,,,,,,,,,
asm0341001246,asm03410012460002001,Page 2,Pan Am makes it more convenient to get to more of the world from Dallas-Ft. Worth,,,,,,,,,,,,,,,,,,,,
asm0341001247,,All the way to JFK!,All the way to JFK!,,"Pan American World Airways, Inc.",,,,,Promotional materials; Transportation timetables;,,1981,,1980-1989,New York (N.Y.),eng,University of Miami. Library. Special Collections,"Pan American World Airways, Inc. records",ASM0341,Printed Materials: Brochures and Booklets: Destinations,Box No. 1 of 1; Box Title: Brochures and Booklets: Destinations; Folder No. 22; Folder Title: USA (4 of 4),"The copyright and related rights status of this material is unknown. The Pan Am brand remains under trademark. For additional information, please visit: https://digitalcollections.library.miami.edu/digital/custom/copyright-guidelines",http://rightsstatements.org/vocab/UND/1.0/
asm0341001247,asm03410012470001001,Page 1,All the way to JFK!,,,,,,,,,,,,,,,,,,,,
asm0341001247,asm03410012470002001,Page 2,All the way to JFK!,,,,,,,,,,,,,,,,,,,,
asm0341001248,,Fly Pan Am : Las Vegas to Los Angeles for $55. We'll bring you back for just $1.00,Fly Pan Am : Las Vegas to Los Angeles for $55. We'll bring you back for just $1.00,,"Pan American World Airways, Inc.",,,,,Promotional materials; Brochures;,,1981-11,,1980-1989,Las Vegas (Nev.); Los Angeles (Calif.),eng,University of Miami. Library. Special Collections,"Pan American World Airways, Inc. records",ASM0341,Printed Materials: Brochures and Booklets: Destinations,Box No. 1 of 1; Box Title: Brochures and Booklets: Destinations; Folder No. 22; Folder Title: USA (4 of 4),"The copyright and related rights status of this material is unknown. The Pan Am brand remains under trademark. For additional information, please visit: https://digitalcollections.library.miami.edu/digital/custom/copyright-guidelines",http://rightsstatements.org/vocab/UND/1.0/
asm0341001248,asm03410012480001001,Page 1,Fly Pan Am : Las Vegas to Los Angeles for $55. We'll bring you back for just $1.00,,,,,,,,,,,,,,,,,,,,
asm0341001248,asm03410012480002001,Page 2,Fly Pan Am : Las Vegas to Los Angeles for $55. We'll bring you back for just $1.00,,,,,,,,,,,,,,,,,,,,
asm0341001249,,Fly Pan Am : Los Angeles to Las Vegas for $55. We'll bring you back for just $1.01,Fly Pan Am : Los Angeles to Las Vegas for $55. We'll bring you back for just $1.01,,"Pan American World Airways, Inc.",,,,,Promotional materials; Brochures;,,1981-11,,1980-1989,Las Vegas (Nev.); Los Angeles (Calif.),eng,University of Miami. Library. Special Collections,"Pan American World Airways, Inc. records",ASM0341,Printed Materials: Brochures and Booklets: Destinations,Box No. 1 of 1; Box Title: Brochures and Booklets: Destinations; Folder No. 22; Folder Title: USA (4 of 4),"The copyright and related rights status of this material is unknown. The Pan Am brand remains under trademark. For additional information, please visit: https://digitalcollections.library.miami.edu/digital/custom/copyright-guidelines",http://rightsstatements.org/vocab/UND/1.0/
asm0341001249,asm03410012490001001,Page 1,Fly Pan Am : Los Angeles to Las Vegas for $55. We'll bring you back for just $1.01,,,,,,,,,,,,,,,,,,,,
asm0341001249,asm03410012490002001,Page 2,Fly Pan Am : Los Angeles to Las Vegas for $55. We'll bring you back for just $1.01,,,,,,,,,,,,,,,,,,,,
asm0341001250,,"U.S. domestic fares : ""quick reference"" charts effective November 16, 1981","U.S. domestic fares : ""quick reference"" charts effective November 16, 1981",,"Pan American World Airways, Inc.",,,,,Brochures; Price lists;,,11/16/1981,,1980-1989,United States,eng,University of Miami. Library. Special Collections,"Pan American World Airways, Inc. records",ASM0341,Printed Materials: Brochures and Booklets: Destinations,Box No. 1 of 1; Box Title: Brochures and Booklets: Destinations; Folder No. 22; Folder Title: USA (4 of 4),"The copyright and related rights status of this material is unknown. The Pan Am brand remains under trademark. For additional information, please visit: https://digitalcollections.library.miami.edu/digital/custom/copyright-guidelines",http://rightsstatements.org/vocab/UND/1.0/
asm0341001250,asm03410012500001001,Page 1,"U.S. domestic fares : ""quick reference"" charts effective November 16, 1981",,,,,,,,,,,,,,,,,,,,
asm0341001250,asm03410012500002001,Page 2,"U.S. domestic fares : ""quick reference"" charts effective November 16, 1981",,,,,,,,,,,,,,,,,,,,
asm0341001251,,Las Vegas entertainment guide,Las Vegas entertainment guide,,"Pan American World Airways, Inc.",,,,,Promotional materials; Brochures;,,1981-12,,1980-1989,Las Vegas (Nev.),eng,University of Miami. Library. Special Collections,"Pan American World Airways, Inc. records",ASM0341,Printed Materials: Brochures and Booklets: Destinations,Box No. 1 of 1; Box Title: Brochures and Booklets: Destinations; Folder No. 22; Folder Title: USA (4 of 4),"The copyright and related rights status of this material is unknown. The Pan Am brand remains under trademark. For additional information, please visit: https://digitalcollections.library.miami.edu/digital/custom/copyright-guidelines",http://rightsstatements.org/vocab/UND/1.0/
asm0341001251,asm03410012510001001,Page 1,Las Vegas entertainment guide,,,,,,,,,,,,,,,,,,,,
asm0341001251,asm03410012510002001,Page 2,Las Vegas entertainment guide,,,,,,,,,,,,,,,,,,,,
asm0341001252,,Fly Pan Am to California from Florida and get a car free for two days. Unlimited mileage,Fly Pan Am to California from Florida and get a car free for two days. Unlimited mileage,,"Pan American World Airways, Inc.",,,,,Promotional materials; Brochures;,,1981-12,,1980-1989,California; Florida,eng,University of Miami. Library. Special Collections,"Pan American World Airways, Inc. records",ASM0341,Printed Materials: Brochures and Booklets: Destinations,Box No. 1 of 1; Box Title: Brochures and Booklets: Destinations; Folder No. 22; Folder Title: USA (4 of 4),"The copyright and related rights status of this material is unknown. The Pan Am brand remains under trademark. For additional information, please visit: https://digitalcollections.library.miami.edu/digital/custom/copyright-guidelines",http://rightsstatements.org/vocab/UND/1.0/
asm0341001252,asm03410012520001001,Page 1,Fly Pan Am to California from Florida and get a car free for two days. Unlimited mileage,,,,,,,,,,,,,,,,,,,,
asm0341001252,asm03410012520002001,Page 2,Fly Pan Am to California from Florida and get a car free for two days. Unlimited mileage,,,,,,,,,,,,,,,,,,,,
asm0341001253,,Pan Am's 2 for 1 boarding pass,Pan Am's 2 for 1 boarding pass,,"Pan American World Airways, Inc.",,,,,Promotional materials; Advertisements;,,1981,,1980-1989,,eng,University of Miami. Library. Special Collections,"Pan American World Airways, Inc. records",ASM0341,Printed Materials: Brochures and Booklets: Destinations,Box No. 1 of 1; Box Title: Brochures and Booklets: Destinations; Folder No. 22; Folder Title: USA (4 of 4),"The copyright and related rights status of this material is unknown. The Pan Am brand remains under trademark. For additional information, please visit: https://digitalcollections.library.miami.edu/digital/custom/copyright-guidelines",http://rightsstatements.org/vocab/UND/1.0/
asm0341001253,asm03410012530001001,Page 1,Pan Am's 2 for 1 boarding pass,,,,,,,,,,,,,,,,,,,,
asm0341001253,asm03410012530002001,Page 2,Pan Am's 2 for 1 boarding pass,,,,,,,,,,,,,,,,,,,,
asm0341001253,asm03410012530003001,Page 3,Pan Am's 2 for 1 boarding pass,,,,,,,,,,,,,,,,,,,,
asm0341001254,,Pan Am ofrece su passe de embarque 2 por 1,Pan Am ofrece su passe de embarque 2 por 1,,"Pan American World Airways, Inc.",,,,,Promotional materials; Advertisements;,,1982,,1980-1989,,spa,University of Miami. Library. Special Collections,"Pan American World Airways, Inc. records",ASM0341,Printed Materials: Brochures and Booklets: Destinations,Box No. 1 of 1; Box Title: Brochures and Booklets: Destinations; Folder No. 22; Folder Title: USA (4 of 4),"The copyright and related rights status of this material is unknown. The Pan Am brand remains under trademark. For additional information, please visit: https://digitalcollections.library.miami.edu/digital/custom/copyright-guidelines",http://rightsstatements.org/vocab/UND/1.0/
asm0341001254,asm03410012540001001,Page 1,Pan Am ofrece su passe de embarque 2 por 1,,,,,,,,,,,,,,,,,,,,
asm0341001254,asm03410012540002001,Page 2,Pan Am ofrece su passe de embarque 2 por 1,,,,,,,,,,,,,,,,,,,,
asm0341001254,asm03410012540003001,Page 3,Pan Am ofrece su passe de embarque 2 por 1,,,,,,,,,,,,,,,,,,,,
asm0341001255,,Fly Pan Am to California and get a car free for two days. Unlimited mileage,Fly Pan Am to California and get a car free for two days. Unlimited mileage,,"Pan American World Airways, Inc.",,,,,Promotional materials; Brochures;,,1982,,1980-1989,California,eng,University of Miami. Library. Special Collections,"Pan American World Airways, Inc. records",ASM0341,Printed Materials: Brochures and Booklets: Destinations,Box No. 1 of 1; Box Title: Brochures and Booklets: Destinations; Folder No. 22; Folder Title: USA (4 of 4),"The copyright and related rights status of this material is unknown. The Pan Am brand remains under trademark. For additional information, please visit: https://digitalcollections.library.miami.edu/digital/custom/copyright-guidelines",http://rightsstatements.org/vocab/UND/1.0/
asm0341001255,asm03410012550001001,Page 1,Fly Pan Am to California and get a car free for two days. Unlimited mileage,,,,,,,,,,,,,,,,,,,,
asm0341001255,asm03410012550002001,Page 2,Fly Pan Am to California and get a car free for two days. Unlimited mileage,,,,,,,,,,,,,,,,,,,,
asm0341001256,,"Phoenix : quick reference schedule effective February 1, 1982","Phoenix : quick reference schedule effective February 1, 1982",,"Pan American World Airways, Inc.",,,,,Transportation timetables;,,2/1/1982,,1980-1989,Phoenix (Ariz.);,eng,University of Miami. Library. Special Collections,"Pan American World Airways, Inc. records",ASM0341,Printed Materials: Brochures and Booklets: Destinations,Box No. 1 of 1; Box Title: Brochures and Booklets: Destinations; Folder No. 22; Folder Title: USA (4 of 4),"The copyright and related rights status of this material is unknown. The Pan Am brand remains under trademark. For additional information, please visit: https://digitalcollections.library.miami.edu/digital/custom/copyright-guidelines",http://rightsstatements.org/vocab/UND/1.0/
asm0341001256,asm03410012560001001,Page 1,"Phoenix : quick reference schedule effective February 1, 1982",,,,,,,,,,,,,,,,,,,,
asm0341001256,asm03410012560002001,Page 2,"Phoenix : quick reference schedule effective February 1, 1982",,,,,,,,,,,,,,,,,,,,
asm0341001257,,"Washington, DC : quick reference schedule effective February 1, 1983","Washington, DC : quick reference schedule effective February 1, 1983",,"Pan American World Airways, Inc.",,,,,Transportation timetables;,,2/1/1983,,1980-1989,Washington (D.C.),eng,University of Miami. Library. Special Collections,"Pan American World Airways, Inc. records",ASM0341,Printed Materials: Brochures and Booklets: Destinations,Box No. 1 of 1; Box Title: Brochures and Booklets: Destinations; Folder No. 22; Folder Title: USA (4 of 4),"The copyright and related rights status of this material is unknown. The Pan Am brand remains under trademark. For additional information, please visit: https://digitalcollections.library.miami.edu/digital/custom/copyright-guidelines",http://rightsstatements.org/vocab/UND/1.0/
asm0341001257,asm03410012570001001,Page 1,"Washington, DC : quick reference schedule effective February 1, 1983",,,,,,,,,,,,,,,,,,,,
asm0341001257,asm03410012570002001,Page 2,"Washington, DC : quick reference schedule effective February 1, 1983",,,,,,,,,,,,,,,,,,,,
asm0341001258,,"New York City, New York and New Jersey","New York City, New York and New Jersey",,"Pan American World Airways, Inc.",,,,,Tourist maps;,,1977-10,,1970-1979,New York (N.Y.); New Jersey,eng,University of Miami. Library. Special Collections,"Pan American World Airways, Inc. records",ASM0341,Printed Materials: Brochures and Booklets: Destinations,Box No. 1 of 1; Box Title: Brochures and Booklets: Destinations; Folder No. 22; Folder Title: USA (4 of 4),"This material is in the public domain in the United States. The Pan Am brand remains under trademark. For additional information, please visit: https://digitalcollections.library.miami.edu/digital/custom/copyright-guidelines",http://rightsstatements.org/vocab/NoC-US/1.0/
asm0341001258,asm03410012580001001,Page 1,"New York City, New York and New Jersey",,,,,,,,,,,,,,,,,,,,
asm0341001258,asm03410012580002001,Page 2,"New York City, New York and New Jersey",,,,,,,,,,,,,,,,,,,,
asm0341001258,asm03410012580003001,Page 3,"New York City, New York and New Jersey",,,,,,,,,,,,,,,,,,,,
asm0341001259,,Viaje Neuva York-Puerto Rico por Clipper,Viaje Neuva York-Puerto Rico por Clipper,,"Pan American World Airways, Inc.",,,,,Promotional materials; Brochures;,,1948,,1940-1949,New York (N.Y.),spa,University of Miami. Library. Special Collections,"Pan American World Airways, Inc. records",ASM0341,Printed Materials: Brochures and Booklets: Destinations,Box No. 1 of 1; Box Title: Brochures and Booklets: Destinations; Folder No. 22; Folder Title: USA (4 of 4),"This material is in the public domain in the United States. The Pan Am brand remains under trademark. For additional information, please visit: https://digitalcollections.library.miami.edu/digital/custom/copyright-guidelines",http://rightsstatements.org/vocab/NoC-US/1.0/
asm0341001259,asm03410012590001001,Page 1,Viaje Neuva York-Puerto Rico por Clipper,,,,,,,,,,,,,,,,,,,,
asm0341001259,asm03410012590002001,Page 2,Viaje Neuva York-Puerto Rico por Clipper,,,,,,,,,,,,,,,,,,,,
asm0341001259,asm03410012590003001,Page 3,Viaje Neuva York-Puerto Rico por Clipper,,,,,,,,,,,,,,,,,,,,
asm0341001260,,"Seattle/Tacoma : quick reference schedule effective October 25, 1981","Seattle/Tacoma : quick reference schedule effective October 25, 1981",,"Pan American World Airways, Inc.",,,,,Transportation timetables;,,10/25/1981,,1980-1989,Seattle (Wash.); Tacoma (Wash.),eng,University of Miami. Library. Special Collections,"Pan American World Airways, Inc. records",ASM0341,Printed Materials: Brochures and Booklets: Destinations,Box No. 1 of 1; Box Title: Brochures and Booklets: Destinations; Folder No. 22; Folder Title: USA (4 of 4),"The copyright and related rights status of this material is unknown. The Pan Am brand remains under trademark. For additional information, please visit: https://digitalcollections.library.miami.edu/digital/custom/copyright-guidelines",http://rightsstatements.org/vocab/UND/1.0/
asm0341001260,asm03410012600001001,Page 1,"Seattle/Tacoma : quick reference schedule effective October 25, 1981",,,,,,,,,,,,,,,,,,,,
asm0341001260,asm03410012600002001,Page 2,"Seattle/Tacoma : quick reference schedule effective October 25, 1981",,,,,,,,,,,,,,,,,,,,
asm0341001261,,PAA Time Selector,PAA Time Selector,,"Pan American World Airways, Inc.",,,,,Promotional materials,,1947,,1940-1949,,eng,University of Miami. Library. Special Collections,"Pan American World Airways, Inc. records",ASM0341,Printed Materials: Brochures and Booklets: Other,Box No. 1 of 2; Box Title: Brochures and Booklets: Other 1 of 2; Folder No. 1; Folder Title: Brochures and Booklets: other (1 of 15),"This material is protected by copyright. Use for education purposes is permitted. Copyright was originally held by Pan American World Airways, Inc., but was transferred to the University of Miami. The Pan Am brand remains under trademark. For additional information, please visit: https://digitalcollections.library.miami.edu/digital/custom/copyright-guidelines",http://rightsstatements.org/vocab/InC-EDU/1.0/
asm0341001261,asm03410012610001001,Page 1,PAA Time Selector,,,,,,,,,,,,,,,,,,,,
asm0341001261,asm03410012610002001,Page 2,PAA Time Selector,,,,,,,,,,,,,,,,,,,,
asm0341001262,asm03410012620001001,"Voucher ""for use only in connection with railroad ticket to Miami, Fla.""",PAA Time Selector,,"Pan American World Airways, Inc.",,,,,Promotional materials,,,,,Miami (Fla.),eng,University of Miami. Library. Special Collections,"Pan American World Airways, Inc. records",ASM0341,Printed Materials: Brochures and Booklets: Other,Box No. 1 of 2; Box Title: Brochures and Booklets: Other 1 of 2; Folder No. 1; Folder Title: Brochures and Booklets: other (1 of 15),"The copyright and related rights status of this material is unknown. The Pan Am brand remains under trademark. For additional information, please visit: https://digitalcollections.library.miami.edu/digital/custom/copyright-guidelines",http://rightsstatements.org/vocab/UND/1.0/
asm0341001263,,Around The World Air Cruises,Around The World Air Cruises,,Hemphill World Cruises,,,,,Brochures; Promotional materials;,,1948,,1940-1949,,eng,University of Miami. Library. Special Collections,"Pan American World Airways, Inc. records",ASM0341,Printed Materials: Brochures and Booklets: Other,Box No. 1 of 2; Box Title: Brochures and Booklets: Other 1 of 2; Folder No. 1; Folder Title: Brochures and Booklets: other (1 of 15),"This material is in the public domain in the United States. The Pan Am brand remains under trademark. For additional information, please visit: https://digitalcollections.library.miami.edu/digital/custom/copyright-guidelines",http://rightsstatements.org/vocab/NoC-US/1.0/
asm0341001263,asm03410012630001001,Page 1,Around The World Air Cruises,,,,,,,,,,,,,,,,,,,,
asm0341001263,asm03410012630002001,Page 2,Around The World Air Cruises,,,,,,,,,,,,,,,,,,,,
asm0341001264,,Clipper Portfolio,Clipper Portfolio,,"Pan American World Airways, Inc.",,,,,Brochures; Promotional materials;,,,,,Mexico; Central America,eng; spa; por,University of Miami. Library. Special Collections,"Pan American World Airways, Inc. records",ASM0341,Printed Materials: Brochures and Booklets: Other,Box No. 1 of 2; Box Title: Brochures and Booklets: Other 1 of 2; Folder No. 1; Folder Title: Brochures and Booklets: other (1 of 15),"The copyright and related rights status of this material is unknown. The Pan Am brand remains under trademark. For additional information, please visit: https://digitalcollections.library.miami.edu/digital/custom/copyright-guidelines",http://rightsstatements.org/vocab/UND/1.0/
asm0341001264,asm03410012640001001,Page 1,Clipper Portfolio,,,,,,,,,,,,,,,,,,,,
asm0341001264,asm03410012640002001,Page 2,Clipper Portfolio,,,,,,,,,,,,,,,,,,,,
asm0341001264,asm03410012640003001,Page 3,Clipper Portfolio,,,,,,,,,,,,,,,,,,,,
asm0341001264,asm03410012640004001,Page 4,Clipper Portfolio,,,,,,,,,,,,,,,,,,,,
asm0341001264,asm03410012640005001,Page 5,Clipper Portfolio,,,,,,,,,,,,,,,,,,,,
asm0341001264,asm03410012640006001,Page 6,Clipper Portfolio,,,,,,,,,,,,,,,,,,,,
asm0341001264,asm03410012640007001,Page 7,Clipper Portfolio,,,,,,,,,,,,,,,,,,,,
asm0341001264,asm03410012640008001,Page 8,Clipper Portfolio,,,,,,,,,,,,,,,,,,,,
asm0341001264,asm03410012640009001,Page 9,Clipper Portfolio,,,,,,,,,,,,,,,,,,,,
asm0341001264,asm03410012640010001,Page 10,Clipper Portfolio,,,,,,,,,,,,,,,,,,,,
asm0341001264,asm03410012640011001,Page 11,Clipper Portfolio,,,,,,,,,,,,,,,,,,,,
asm0341001264,asm03410012640012001,Page 12,Clipper Portfolio,,,,,,,,,,,,,,,,,,,,
asm0341001264,asm03410012640013001,Page 13,Clipper Portfolio,,,,,,,,,,,,,,,,,,,,
asm0341001264,asm03410012640014001,Page 14,Clipper Portfolio,,,,,,,,,,,,,,,,,,,,
asm0341001264,asm03410012640015001,Page 15,Clipper Portfolio,,,,,,,,,,,,,,,,,,,,
asm0341001264,asm03410012640016001,Page 16,Clipper Portfolio,,,,,,,,,,,,,,,,,,,,
asm0341001264,asm03410012640017001,Page 17,Clipper Portfolio,,,,,,,,,,,,,,,,,,,,
asm0341001264,asm03410012640018001,Page 18,Clipper Portfolio,,,,,,,,,,,,,,,,,,,,
asm0341001264,asm03410012640019001,Page 19,Clipper Portfolio,,,,,,,,,,,,,,,,,,,,
asm0341001264,asm03410012640020001,Page 20,Clipper Portfolio,,,,,,,,,,,,,,,,,,,,
asm0341001264,asm03410012640021001,Page 21,Clipper Portfolio,,,,,,,,,,,,,,,,,,,,
asm0341001264,asm03410012640022001,Page 22,Clipper Portfolio,,,,,,,,,,,,,,,,,,,,
asm0341001264,asm03410012640023001,Page 23,Clipper Portfolio,,,,,,,,,,,,,,,,,,,,
asm0341001264,asm03410012640024001,Page 24,Clipper Portfolio,,,,,,,,,,,,,,,,,,,,
asm0341001264,asm03410012640025001,Page 25,Clipper Portfolio,,,,,,,,,,,,,,,,,,,,
asm0341001264,asm03410012640026001,Page 26,Clipper Portfolio,,,,,,,,,,,,,,,,,,,,
asm0341001264,asm03410012640027001,Page 27,Clipper Portfolio,,,,,,,,,,,,,,,,,,,,
asm0341001264,asm03410012640028001,Page 28,Clipper Portfolio,,,,,,,,,,,,,,,,,,,,
asm0341001264,asm03410012640029001,Page 29,Clipper Portfolio,,,,,,,,,,,,,,,,,,,,
asm0341001264,asm03410012640030001,Page 30,Clipper Portfolio,,,,,,,,,,,,,,,,,,,,
asm0341001264,asm03410012640031001,Page 31,Clipper Portfolio,,,,,,,,,,,,,,,,,,,,
asm0341001264,asm03410012640032001,Page 32,Clipper Portfolio,,,,,,,,,,,,,,,,,,,,
asm0341001264,asm03410012640033001,Page 33,Clipper Portfolio,,,,,,,,,,,,,,,,,,,,
asm0341001264,asm03410012640034001,Page 34,Clipper Portfolio,,,,,,,,,,,,,,,,,,,,
asm0341001264,asm03410012640035001,Page 35,Clipper Portfolio,,,,,,,,,,,,,,,,,,,,
asm0341001264,asm03410012640036001,Page 36,Clipper Portfolio,,,,,,,,,,,,,,,,,,,,
asm0341001264,asm03410012640037001,Page 37,Clipper Portfolio,,,,,,,,,,,,,,,,,,,,
asm0341001264,asm03410012640038001,Page 38,Clipper Portfolio,,,,,,,,,,,,,,,,,,,,
asm0341001264,asm03410012640039001,Page 39,Clipper Portfolio,,,,,,,,,,,,,,,,,,,,
asm0341001264,asm03410012640040001,Page 40,Clipper Portfolio,,,,,,,,,,,,,,,,,,,,
asm0341001264,asm03410012640041001,Page 41,Clipper Portfolio,,,,,,,,,,,,,,,,,,,,
asm0341001264,asm03410012640042001,Page 42,Clipper Portfolio,,,,,,,,,,,,,,,,,,,,
asm0341001265,,Clipper Portfolio,Clipper Portfolio,,"Pan American World Airways, Inc.",,,,,Brochures; Promotional materials;,,,1951,1950-1959,,eng; spa; por,University of Miami. Library. Special Collections,"Pan American World Airways, Inc. records",ASM0341,Printed Materials: Brochures and Booklets: Other,Box No. 1 of 2; Box Title: Brochures and Booklets: Other 1 of 2; Folder No. 1; Folder Title: Brochures and Booklets: other (1 of 15),"This material is in the public domain in the United States. The Pan Am brand remains under trademark. For additional information, please visit: https://digitalcollections.library.miami.edu/digital/custom/copyright-guidelines",http://rightsstatements.org/vocab/NoC-US/1.0/
asm0341001265,asm03410012650001001,Page 1,Clipper Portfolio,,,,,,,,,,,,,,,,,,,,
asm0341001265,asm03410012650002001,Page 2,Clipper Portfolio,,,,,,,,,,,,,,,,,,,,
asm0341001266,,Pan Am Economy/ Coach ticket holder,Pan Am Economy/ Coach ticket holder,,"Pan American World Airways, Inc.",,,,,Printed ephemera,,,1982,1980-1989,,eng,University of Miami. Library. Special Collections,"Pan American World Airways, Inc. records",ASM0341,Printed Materials: Brochures and Booklets: Other,Box No. 1 of 2; Box Title: Brochures and Booklets: Other 1 of 2; Folder No. 1; Folder Title: Brochures and Booklets: other (1 of 15),"This material is in the public domain in the United States. The Pan Am brand remains under trademark. For additional information, please visit: https://digitalcollections.library.miami.edu/digital/custom/copyright-guidelines",http://rightsstatements.org/vocab/NoC-US/1.0/
asm0341001266,asm03410012660001001,Page 1,Pan Am Economy/ Coach ticket holder,,,,,,,,,,,,,,,,,,,,
asm0341001266,asm03410012660002001,Page 2,Pan Am Economy/ Coach ticket holder,,,,,,,,,,,,,,,,,,,,
asm0341001266,asm03410012660003001,Page 3,Pan Am Economy/ Coach ticket holder,,,,,,,,,,,,,,,,,,,,
asm0341001266,asm03410012660004001,Page 4,Pan Am Economy/ Coach ticket holder,,,,,,,,,,,,,,,,,,,,
asm0341001266,asm03410012660005001,Page 5,Pan Am Economy/ Coach ticket holder,,,,,,,,,,,,,,,,,,,,
asm0341001266,asm03410012660006001,Page 6,Pan Am Economy/ Coach ticket holder,,,,,,,,,,,,,,,,,,,,
asm0341001266,asm03410012660007001,Page 7,Pan Am Economy/ Coach ticket holder,,,,,,,,,,,,,,,,,,,,
asm0341001266,asm03410012660008001,Page 8,Pan Am Economy/ Coach ticket holder,,,,,,,,,,,,,,,,,,,,
asm0341001266,asm03410012660009001,Page 9,Pan Am Economy/ Coach ticket holder,,,,,,,,,,,,,,,,,,,,
asm0341001266,asm03410012660010001,Page 10,Pan Am Economy/ Coach ticket holder,,,,,,,,,,,,,,,,,,,,
asm0341001266,asm03410012660011001,Page 11,Pan Am Economy/ Coach ticket holder,,,,,,,,,,,,,,,,,,,,
asm0341001266,asm03410012660012001,Page 12,Pan Am Economy/ Coach ticket holder,,,,,,,,,,,,,,,,,,,,
asm0341001266,asm03410012660013001,Page 13,Pan Am Economy/ Coach ticket holder,,,,,,,,,,,,,,,,,,,,
asm0341001266,asm03410012660014001,Page 14,Pan Am Economy/ Coach ticket holder,,,,,,,,,,,,,,,,,,,,
asm0341001266,asm03410012660015001,Page 15,Pan Am Economy/ Coach ticket holder,,,,,,,,,,,,,,,,,,,,
asm0341001266,asm03410012660016001,Page 16,Pan Am Economy/ Coach ticket holder,,,,,,,,,,,,,,,,,,,,
asm0341001267,,Pan Am ticket holder,Pan Am ticket holder,,"Pan American World Airways, Inc.",,,,,Printed ephemera,,,1982,1980-1989,,eng,University of Miami. Library. Special Collections,"Pan American World Airways, Inc. records",ASM0341,Printed Materials: Brochures and Booklets: Other,Box No. 1 of 2; Box Title: Brochures and Booklets: Other 1 of 2; Folder No. 1; Folder Title: Brochures and Booklets: other (1 of 15),"This material is in the public domain in the United States. The Pan Am brand remains under trademark. For additional information, please visit: https://digitalcollections.library.miami.edu/digital/custom/copyright-guidelines",http://rightsstatements.org/vocab/NoC-US/1.0/
asm0341001267,asm03410012670001001,Page 1,Pan Am ticket holder,,,,,,,,,,,,,,,,,,,,
asm0341001267,asm03410012670002001,Page 2,Pan Am ticket holder,,,,,,,,,,,,,,,,,,,,
asm0341001267,asm03410012670003001,Page 3,Pan Am ticket holder,,,,,,,,,,,,,,,,,,,,
asm0341001267,asm03410012670004001,Page 4,Pan Am ticket holder,,,,,,,,,,,,,,,,,,,,
asm0341001267,asm03410012670005001,Page 5,Pan Am ticket holder,,,,,,,,,,,,,,,,,,,,
asm0341001267,asm03410012670006001,Page 6,Pan Am ticket holder,,,,,,,,,,,,,,,,,,,,
asm0341001267,asm03410012670007001,Page 7,Pan Am ticket holder,,,,,,,,,,,,,,,,,,,,
asm0341001267,asm03410012670008001,Page 8,Pan Am ticket holder,,,,,,,,,,,,,,,,,,,,
asm0341001267,asm03410012670009001,Page 9,Pan Am ticket holder,,,,,,,,,,,,,,,,,,,,
asm0341001267,asm03410012670010001,Page 10,Pan Am ticket holder,,,,,,,,,,,,,,,,,,,,
asm0341001267,asm03410012670011001,Page 11,Pan Am ticket holder,,,,,,,,,,,,,,,,,,,,
asm0341001267,asm03410012670012001,Page 12,Pan Am ticket holder,,,,,,,,,,,,,,,,,,,,
asm0341001267,asm03410012670013001,Page 13,Pan Am ticket holder,,,,,,,,,,,,,,,,,,,,
asm0341001267,asm03410012670014001,Page 14,Pan Am ticket holder,,,,,,,,,,,,,,,,,,,,
asm0341001267,asm03410012670015001,Page 15,Pan Am ticket holder,,,,,,,,,,,,,,,,,,,,
asm0341001267,asm03410012670016001,Page 16,Pan Am ticket holder,,,,,,,,,,,,,,,,,,,,
asm0341001268,,Pan Am First Class ticket holder,Pan Am First Class ticket holder,,"Pan American World Airways, Inc.",,,,,Printed ephemera,,,1982,1980-1989,,eng,University of Miami. Library. Special Collections,"Pan American World Airways, Inc. records",ASM0341,Printed Materials: Brochures and Booklets: Other,Box No. 1 of 2; Box Title: Brochures and Booklets: Other 1 of 2; Folder No. 1; Folder Title: Brochures and Booklets: other (1 of 15),"This material is in the public domain in the United States. The Pan Am brand remains under trademark. For additional information, please visit: https://digitalcollections.library.miami.edu/digital/custom/copyright-guidelines",http://rightsstatements.org/vocab/NoC-US/1.0/
asm0341001268,asm03410012680001001,Page 1,Pan Am First Class ticket holder,,,,,,,,,,,,,,,,,,,,
asm0341001268,asm03410012680002001,Page 2,Pan Am First Class ticket holder,,,,,,,,,,,,,,,,,,,,
asm0341001268,asm03410012680003001,Page 3,Pan Am First Class ticket holder,,,,,,,,,,,,,,,,,,,,
asm0341001268,asm03410012680004001,Page 4,Pan Am First Class ticket holder,,,,,,,,,,,,,,,,,,,,
asm0341001268,asm03410012680005001,Page 5,Pan Am First Class ticket holder,,,,,,,,,,,,,,,,,,,,
asm0341001268,asm03410012680006001,Page 6,Pan Am First Class ticket holder,,,,,,,,,,,,,,,,,,,,
asm0341001268,asm03410012680007001,Page 7,Pan Am First Class ticket holder,,,,,,,,,,,,,,,,,,,,
asm0341001268,asm03410012680008001,Page 8,Pan Am First Class ticket holder,,,,,,,,,,,,,,,,,,,,
asm0341001268,asm03410012680009001,Page 9,Pan Am First Class ticket holder,,,,,,,,,,,,,,,,,,,,
asm0341001268,asm03410012680010001,Page 10,Pan Am First Class ticket holder,,,,,,,,,,,,,,,,,,,,
asm0341001268,asm03410012680011001,Page 11,Pan Am First Class ticket holder,,,,,,,,,,,,,,,,,,,,
asm0341001268,asm03410012680012001,Page 12,Pan Am First Class ticket holder,,,,,,,,,,,,,,,,,,,,
asm0341001268,asm03410012680013001,Page 13,Pan Am First Class ticket holder,,,,,,,,,,,,,,,,,,,,
asm0341001268,asm03410012680014001,Page 14,Pan Am First Class ticket holder,,,,,,,,,,,,,,,,,,,,
asm0341001268,asm03410012680015001,Page 15,Pan Am First Class ticket holder,,,,,,,,,,,,,,,,,,,,
asm0341001268,asm03410012680016001,Page 16,Pan Am First Class ticket holder,,,,,,,,,,,,,,,,,,,,
asm0341001269,,Pan Am Clipper Class ticket holder,Pan Am Clipper Class ticket holder,,"Pan American World Airways, Inc.",,,,,Printed ephemera,,,1982,1980-1989,,eng,University of Miami. Library. Special Collections,"Pan American World Airways, Inc. records",ASM0341,Printed Materials: Brochures and Booklets: Other,Box No. 1 of 2; Box Title: Brochures and Booklets: Other 1 of 2; Folder No. 1; Folder Title: Brochures and Booklets: other (1 of 15),"This material is in the public domain in the United States. The Pan Am brand remains under trademark. For additional information, please visit: https://digitalcollections.library.miami.edu/digital/custom/copyright-guidelines",http://rightsstatements.org/vocab/NoC-US/1.0/
asm0341001269,asm03410012690001001,Page 1,Pan Am Clipper Class ticket holder,,,,,,,,,,,,,,,,,,,,
asm0341001269,asm03410012690002001,Page 2,Pan Am Clipper Class ticket holder,,,,,,,,,,,,,,,,,,,,
asm0341001269,asm03410012690003001,Page 3,Pan Am Clipper Class ticket holder,,,,,,,,,,,,,,,,,,,,
asm0341001269,asm03410012690004001,Page 4,Pan Am Clipper Class ticket holder,,,,,,,,,,,,,,,,,,,,
asm0341001269,asm03410012690005001,Page 5,Pan Am Clipper Class ticket holder,,,,,,,,,,,,,,,,,,,,
asm0341001269,asm03410012690006001,Page 6,Pan Am Clipper Class ticket holder,,,,,,,,,,,,,,,,,,,,
asm0341001269,asm03410012690007001,Page 7,Pan Am Clipper Class ticket holder,,,,,,,,,,,,,,,,,,,,
asm0341001269,asm03410012690008001,Page 8,Pan Am Clipper Class ticket holder,,,,,,,,,,,,,,,,,,,,
asm0341001269,asm03410012690009001,Page 9,Pan Am Clipper Class ticket holder,,,,,,,,,,,,,,,,,,,,
asm0341001269,asm03410012690010001,Page 10,Pan Am Clipper Class ticket holder,,,,,,,,,,,,,,,,,,,,
asm0341001269,asm03410012690011001,Page 11,Pan Am Clipper Class ticket holder,,,,,,,,,,,,,,,,,,,,
asm0341001269,asm03410012690012001,Page 12,Pan Am Clipper Class ticket holder,,,,,,,,,,,,,,,,,,,,
asm0341001269,asm03410012690013001,Page 13,Pan Am Clipper Class ticket holder,,,,,,,,,,,,,,,,,,,,
asm0341001269,asm03410012690014001,Page 14,Pan Am Clipper Class ticket holder,,,,,,,,,,,,,,,,,,,,
asm0341001269,asm03410012690015001,Page 15,Pan Am Clipper Class ticket holder,,,,,,,,,,,,,,,,,,,,
asm0341001269,asm03410012690016001,Page 16,Pan Am Clipper Class ticket holder,,,,,,,,,,,,,,,,,,,,
asm0341001270,,Introducing the Indispensables,Introducing the Indispensables,,"Pan American World Airways, Inc.",,,,,Brochures; Promotional materials;,,,1980,1980-1989,,eng,University of Miami. Library. Special Collections,"Pan American World Airways, Inc. records",ASM0341,Printed Materials: Brochures and Booklets: Other,Box No. 1 of 2; Box Title: Brochures and Booklets: Other 1 of 2; Folder No. 1; Folder Title: Brochures and Booklets: other (1 of 15),"This material is in the public domain in the United States. The Pan Am brand remains under trademark. For additional information, please visit: https://digitalcollections.library.miami.edu/digital/custom/copyright-guidelines",http://rightsstatements.org/vocab/NoC-US/1.0/
asm0341001270,asm03410012700001001,Page 1,Introducing the Indispensables,,,,,,,,,,,,,,,,,,,,
asm0341001270,asm03410012700002001,Page 2,Introducing the Indispensables,,,,,,,,,,,,,,,,,,,,
asm0341001270,asm03410012700003001,Page 3,Introducing the Indispensables,,,,,,,,,,,,,,,,,,,,
asm0341001271,,Introducing the Indispensables,Introducing the Indispensables,,"Pan American World Airways, Inc.",,,,,Brochures; Promotional materials;,,,1980,1980-1989,,eng,University of Miami. Library. Special Collections,"Pan American World Airways, Inc. records",ASM0341,Printed Materials: Brochures and Booklets: Other,Box No. 1 of 2; Box Title: Brochures and Booklets: Other 1 of 2; Folder No. 1; Folder Title: Brochures and Booklets: other (1 of 15),"This material is in the public domain in the United States. The Pan Am brand remains under trademark. For additional information, please visit: https://digitalcollections.library.miami.edu/digital/custom/copyright-guidelines",http://rightsstatements.org/vocab/NoC-US/1.0/
asm0341001271,asm03410012710001001,Page 1,Introducing the Indispensables,,,,,,,,,,,,,,,,,,,,
asm0341001271,asm03410012710002001,Page 2,Introducing the Indispensables,,,,,,,,,,,,,,,,,,,,
asm0341001271,asm03410012710003001,Page 3,Introducing the Indispensables,,,,,,,,,,,,,,,,,,,,
asm0341001272,,Mappas Das Aerovias : Manáos - Bélem - Rio de Janeiro - Buenos Aires,Mappas Das Aerovias : Manáos - Bélem - Rio de Janeiro - Buenos Aires,,"Pan American World Airways, Inc.",,,,,Brochures; Promotional materials;,,1936-02,,1930-1939,Brazil; Argentina,por,University of Miami. Library. Special Collections,"Pan American World Airways, Inc. records",ASM0341,Printed Materials: Brochures and Booklets: Other,Box No. 1 of 2; Box Title: Brochures and Booklets: Other 1 of 2; Folder No. 1; Folder Title: Brochures and Booklets: other (1 of 15),"This material is in the public domain in the United States. The Pan Am brand remains under trademark. For additional information, please visit: https://digitalcollections.library.miami.edu/digital/custom/copyright-guidelines",http://rightsstatements.org/vocab/NoC-US/1.0/
asm0341001272,asm03410012720001001,Page 1,Mappas Das Aerovias : Manáos - Bélem - Rio de Janeiro - Buenos Aires,,,,,,,,,,,,,,,,,,,,
asm0341001272,asm03410012720002001,Page 2,Mappas Das Aerovias : Manáos - Bélem - Rio de Janeiro - Buenos Aires,,,,,,,,,,,,,,,,,,,,
asm0341001272,asm03410012720003001,Page 3,Mappas Das Aerovias : Manáos - Bélem - Rio de Janeiro - Buenos Aires,,,,,,,,,,,,,,,,,,,,
asm0341001272,asm03410012720004001,Page 4,Mappas Das Aerovias : Manáos - Bélem - Rio de Janeiro - Buenos Aires,,,,,,,,,,,,,,,,,,,,
asm0341001272,asm03410012720005001,Page 5,Mappas Das Aerovias : Manáos - Bélem - Rio de Janeiro - Buenos Aires,,,,,,,,,,,,,,,,,,,,
asm0341001272,asm03410012720006001,Page 6,Mappas Das Aerovias : Manáos - Bélem - Rio de Janeiro - Buenos Aires,,,,,,,,,,,,,,,,,,,,
asm0341001272,asm03410012720007001,Page 7,Mappas Das Aerovias : Manáos - Bélem - Rio de Janeiro - Buenos Aires,,,,,,,,,,,,,,,,,,,,
asm0341001272,asm03410012720008001,Page 8,Mappas Das Aerovias : Manáos - Bélem - Rio de Janeiro - Buenos Aires,,,,,,,,,,,,,,,,,,,,
asm0341001272,asm03410012720009001,Page 9,Mappas Das Aerovias : Manáos - Bélem - Rio de Janeiro - Buenos Aires,,,,,,,,,,,,,,,,,,,,
asm0341001272,asm03410012720010001,Page 10,Mappas Das Aerovias : Manáos - Bélem - Rio de Janeiro - Buenos Aires,,,,,,,,,,,,,,,,,,,,
asm0341001272,asm03410012720011001,Page 11,Mappas Das Aerovias : Manáos - Bélem - Rio de Janeiro - Buenos Aires,,,,,,,,,,,,,,,,,,,,
asm0341001272,asm03410012720012001,Page 12,Mappas Das Aerovias : Manáos - Bélem - Rio de Janeiro - Buenos Aires,,,,,,,,,,,,,,,,,,,,
asm0341001272,asm03410012720013001,Page 13,Mappas Das Aerovias : Manáos - Bélem - Rio de Janeiro - Buenos Aires,,,,,,,,,,,,,,,,,,,,
asm0341001272,asm03410012720014001,Page 14,Mappas Das Aerovias : Manáos - Bélem - Rio de Janeiro - Buenos Aires,,,,,,,,,,,,,,,,,,,,
asm0341001272,asm03410012720015001,Page 15,Mappas Das Aerovias : Manáos - Bélem - Rio de Janeiro - Buenos Aires,,,,,,,,,,,,,,,,,,,,
asm0341001272,asm03410012720016001,Page 16,Mappas Das Aerovias : Manáos - Bélem - Rio de Janeiro - Buenos Aires,,,,,,,,,,,,,,,,,,,,
asm0341001272,asm03410012720017001,Page 17,Mappas Das Aerovias : Manáos - Bélem - Rio de Janeiro - Buenos Aires,,,,,,,,,,,,,,,,,,,,
asm0341001272,asm03410012720018001,Page 18,Mappas Das Aerovias : Manáos - Bélem - Rio de Janeiro - Buenos Aires,,,,,,,,,,,,,,,,,,,,
asm0341001272,asm03410012720019001,Page 19,Mappas Das Aerovias : Manáos - Bélem - Rio de Janeiro - Buenos Aires,,,,,,,,,,,,,,,,,,,,
asm0341001272,asm03410012720020001,Page 20,Mappas Das Aerovias : Manáos - Bélem - Rio de Janeiro - Buenos Aires,,,,,,,,,,,,,,,,,,,,
asm0341001272,asm03410012720021001,Page 21,Mappas Das Aerovias : Manáos - Bélem - Rio de Janeiro - Buenos Aires,,,,,,,,,,,,,,,,,,,,
asm0341001272,asm03410012720022001,Page 22,Mappas Das Aerovias : Manáos - Bélem - Rio de Janeiro - Buenos Aires,,,,,,,,,,,,,,,,,,,,
asm0341001272,asm03410012720023001,Page 23,Mappas Das Aerovias : Manáos - Bélem - Rio de Janeiro - Buenos Aires,,,,,,,,,,,,,,,,,,,,
asm0341001272,asm03410012720024001,Page 24,Mappas Das Aerovias : Manáos - Bélem - Rio de Janeiro - Buenos Aires,,,,,,,,,,,,,,,,,,,,
asm0341001272,asm03410012720025001,Page 25,Mappas Das Aerovias : Manáos - Bélem - Rio de Janeiro - Buenos Aires,,,,,,,,,,,,,,,,,,,,
asm0341001272,asm03410012720026001,Page 26,Mappas Das Aerovias : Manáos - Bélem - Rio de Janeiro - Buenos Aires,,,,,,,,,,,,,,,,,,,,
asm0341001272,asm03410012720027001,Page 27,Mappas Das Aerovias : Manáos - Bélem - Rio de Janeiro - Buenos Aires,,,,,,,,,,,,,,,,,,,,
asm0341001272,asm03410012720028001,Page 28,Mappas Das Aerovias : Manáos - Bélem - Rio de Janeiro - Buenos Aires,,,,,,,,,,,,,,,,,,,,
asm0341001272,asm03410012720029001,Page 29,Mappas Das Aerovias : Manáos - Bélem - Rio de Janeiro - Buenos Aires,,,,,,,,,,,,,,,,,,,,
asm0341001272,asm03410012720030001,Page 30,Mappas Das Aerovias : Manáos - Bélem - Rio de Janeiro - Buenos Aires,,,,,,,,,,,,,,,,,,,,
asm0341001272,asm03410012720031001,Page 31,Mappas Das Aerovias : Manáos - Bélem - Rio de Janeiro - Buenos Aires,,,,,,,,,,,,,,,,,,,,
asm0341001272,asm03410012720032001,Page 32,Mappas Das Aerovias : Manáos - Bélem - Rio de Janeiro - Buenos Aires,,,,,,,,,,,,,,,,,,,,
asm0341001272,asm03410012720033001,Page 33,Mappas Das Aerovias : Manáos - Bélem - Rio de Janeiro - Buenos Aires,,,,,,,,,,,,,,,,,,,,
asm0341001272,asm03410012720034001,Page 34,Mappas Das Aerovias : Manáos - Bélem - Rio de Janeiro - Buenos Aires,,,,,,,,,,,,,,,,,,,,
asm0341001272,asm03410012720035001,Page 35,Mappas Das Aerovias : Manáos - Bélem - Rio de Janeiro - Buenos Aires,,,,,,,,,,,,,,,,,,,,
asm0341001272,asm03410012720036001,Page 36,Mappas Das Aerovias : Manáos - Bélem - Rio de Janeiro - Buenos Aires,,,,,,,,,,,,,,,,,,,,
asm0341001272,asm03410012720037001,Page 37,Mappas Das Aerovias : Manáos - Bélem - Rio de Janeiro - Buenos Aires,,,,,,,,,,,,,,,,,,,,
asm0341001272,asm03410012720038001,Page 38,Mappas Das Aerovias : Manáos - Bélem - Rio de Janeiro - Buenos Aires,,,,,,,,,,,,,,,,,,,,
asm0341001272,asm03410012720039001,Page 39,Mappas Das Aerovias : Manáos - Bélem - Rio de Janeiro - Buenos Aires,,,,,,,,,,,,,,,,,,,,
asm0341001272,asm03410012720040001,Page 40,Mappas Das Aerovias : Manáos - Bélem - Rio de Janeiro - Buenos Aires,,,,,,,,,,,,,,,,,,,,
asm0341001272,asm03410012720041001,Page 41,Mappas Das Aerovias : Manáos - Bélem - Rio de Janeiro - Buenos Aires,,,,,,,,,,,,,,,,,,,,
asm0341001272,asm03410012720042001,Page 42,Mappas Das Aerovias : Manáos - Bélem - Rio de Janeiro - Buenos Aires,,,,,,,,,,,,,,,,,,,,
asm0341001272,asm03410012720043001,Page 43,Mappas Das Aerovias : Manáos - Bélem - Rio de Janeiro - Buenos Aires,,,,,,,,,,,,,,,,,,,,
asm0341001272,asm03410012720044001,Page 44,Mappas Das Aerovias : Manáos - Bélem - Rio de Janeiro - Buenos Aires,,,,,,,,,,,,,,,,,,,,
asm0341001272,asm03410012720045001,Page 45,Mappas Das Aerovias : Manáos - Bélem - Rio de Janeiro - Buenos Aires,,,,,,,,,,,,,,,,,,,,
asm0341001272,asm03410012720046001,Page 46,Mappas Das Aerovias : Manáos - Bélem - Rio de Janeiro - Buenos Aires,,,,,,,,,,,,,,,,,,,,
asm0341001272,asm03410012720047001,Page 47,Mappas Das Aerovias : Manáos - Bélem - Rio de Janeiro - Buenos Aires,,,,,,,,,,,,,,,,,,,,
asm0341001272,asm03410012720048001,Page 48,Mappas Das Aerovias : Manáos - Bélem - Rio de Janeiro - Buenos Aires,,,,,,,,,,,,,,,,,,,,
asm0341001272,asm03410012720049001,Page 49,Mappas Das Aerovias : Manáos - Bélem - Rio de Janeiro - Buenos Aires,,,,,,,,,,,,,,,,,,,,
asm0341001272,asm03410012720050001,Page 50,Mappas Das Aerovias : Manáos - Bélem - Rio de Janeiro - Buenos Aires,,,,,,,,,,,,,,,,,,,,
asm0341001272,asm03410012720051001,Page 51,Mappas Das Aerovias : Manáos - Bélem - Rio de Janeiro - Buenos Aires,,,,,,,,,,,,,,,,,,,,
asm0341001272,asm03410012720052001,Page 52,Mappas Das Aerovias : Manáos - Bélem - Rio de Janeiro - Buenos Aires,,,,,,,,,,,,,,,,,,,,
asm0341001272,asm03410012720053001,Page 53,Mappas Das Aerovias : Manáos - Bélem - Rio de Janeiro - Buenos Aires,,,,,,,,,,,,,,,,,,,,
asm0341001272,asm03410012720054001,Page 54,Mappas Das Aerovias : Manáos - Bélem - Rio de Janeiro - Buenos Aires,,,,,,,,,,,,,,,,,,,,
asm0341001272,asm03410012720055001,Page 55,Mappas Das Aerovias : Manáos - Bélem - Rio de Janeiro - Buenos Aires,,,,,,,,,,,,,,,,,,,,
asm0341001272,asm03410012720056001,Page 56,Mappas Das Aerovias : Manáos - Bélem - Rio de Janeiro - Buenos Aires,,,,,,,,,,,,,,,,,,,,
asm0341001272,asm03410012720057001,Page 57,Mappas Das Aerovias : Manáos - Bélem - Rio de Janeiro - Buenos Aires,,,,,,,,,,,,,,,,,,,,
asm0341001272,asm03410012720058001,Page 58,Mappas Das Aerovias : Manáos - Bélem - Rio de Janeiro - Buenos Aires,,,,,,,,,,,,,,,,,,,,
asm0341001272,asm03410012720059001,Page 59,Mappas Das Aerovias : Manáos - Bélem - Rio de Janeiro - Buenos Aires,,,,,,,,,,,,,,,,,,,,
asm0341001272,asm03410012720060001,Page 60,Mappas Das Aerovias : Manáos - Bélem - Rio de Janeiro - Buenos Aires,,,,,,,,,,,,,,,,,,,,
asm0341001272,asm03410012720061001,Page 61,Mappas Das Aerovias : Manáos - Bélem - Rio de Janeiro - Buenos Aires,,,,,,,,,,,,,,,,,,,,
asm0341001272,asm03410012720062001,Page 62,Mappas Das Aerovias : Manáos - Bélem - Rio de Janeiro - Buenos Aires,,,,,,,,,,,,,,,,,,,,
asm0341001272,asm03410012720063001,Page 63,Mappas Das Aerovias : Manáos - Bélem - Rio de Janeiro - Buenos Aires,,,,,,,,,,,,,,,,,,,,
asm0341001272,asm03410012720064001,Page 64,Mappas Das Aerovias : Manáos - Bélem - Rio de Janeiro - Buenos Aires,,,,,,,,,,,,,,,,,,,,
asm0341001272,asm03410012720065001,Page 65,Mappas Das Aerovias : Manáos - Bélem - Rio de Janeiro - Buenos Aires,,,,,,,,,,,,,,,,,,,,
asm0341001272,asm03410012720066001,Page 66,Mappas Das Aerovias : Manáos - Bélem - Rio de Janeiro - Buenos Aires,,,,,,,,,,,,,,,,,,,,
asm0341001272,asm03410012720067001,Page 67,Mappas Das Aerovias : Manáos - Bélem - Rio de Janeiro - Buenos Aires,,,,,,,,,,,,,,,,,,,,
asm0341001272,asm03410012720068001,Page 68,Mappas Das Aerovias : Manáos - Bélem - Rio de Janeiro - Buenos Aires,,,,,,,,,,,,,,,,,,,,
asm0341001272,asm03410012720069001,Page 69,Mappas Das Aerovias : Manáos - Bélem - Rio de Janeiro - Buenos Aires,,,,,,,,,,,,,,,,,,,,
asm0341001272,asm03410012720070001,Page 70,Mappas Das Aerovias : Manáos - Bélem - Rio de Janeiro - Buenos Aires,,,,,,,,,,,,,,,,,,,,
asm0341001272,asm03410012720071001,Page 71,Mappas Das Aerovias : Manáos - Bélem - Rio de Janeiro - Buenos Aires,,,,,,,,,,,,,,,,,,,,
asm0341001272,asm03410012720072001,Page 72,Mappas Das Aerovias : Manáos - Bélem - Rio de Janeiro - Buenos Aires,,,,,,,,,,,,,,,,,,,,
asm0341001273,,"Your ""Honeymoon on Wings""","Your ""Honeymoon on Wings""",,"Pan American World Airways, Inc.",,,,,Brochures; Promotional materials;,,,,,,eng,University of Miami. Library. Special Collections,"Pan American World Airways, Inc. records",ASM0341,Printed Materials: Brochures and Booklets: Other,Box No. 1 of 2; Box Title: Brochures and Booklets: Other 1 of 2; Folder No. 1; Folder Title: Brochures and Booklets: other (1 of 15),"The copyright and related rights status of this material is unknown. The Pan Am brand remains under trademark. For additional information, please visit: https://digitalcollections.library.miami.edu/digital/custom/copyright-guidelines",http://rightsstatements.org/vocab/UND/1.0/
asm0341001273,asm03410012730001001,Page 1,"Your ""Honeymoon on Wings""",,,,,,,,,,,,,,,,,,,,
asm0341001273,asm03410012730002001,Page 2,"Your ""Honeymoon on Wings""",,,,,,,,,,,,,,,,,,,,
asm0341001274,,Engine Change on PAA Clipper,Engine Change on PAA Clipper,,"Pan American World Airways, Inc.",,,,,Brochures; Promotional materials;,,,,,,eng,University of Miami. Library. Special Collections,"Pan American World Airways, Inc. records",ASM0341,Printed Materials: Brochures and Booklets: Other,Box No. 1 of 2; Box Title: Brochures and Booklets: Other 1 of 2; Folder No. 2; Folder Title: Brochures and Booklets: other (2 of 15),"The copyright and related rights status of this material is unknown. The Pan Am brand remains under trademark. For additional information, please visit: https://digitalcollections.library.miami.edu/digital/custom/copyright-guidelines",http://rightsstatements.org/vocab/UND/1.0/
asm0341001274,asm03410012740001001,Page 1,Engine Change on PAA Clipper,,,,,,,,,,,,,,,,,,,,
asm0341001274,asm03410012740002001,Page 2,Engine Change on PAA Clipper,,,,,,,,,,,,,,,,,,,,
asm0341001275,,The New Idea... In Travel...,The New Idea... In Travel...,,"Pan American World Airways, Inc.",,,,,Brochures; Promotional materials;,,,1934,1930-1939,,eng,University of Miami. Library. Special Collections,"Pan American World Airways, Inc. records",ASM0341,Printed Materials: Brochures and Booklets: Other,Box No. 1 of 2; Box Title: Brochures and Booklets: Other 1 of 2; Folder No. 2; Folder Title: Brochures and Booklets: other (2 of 15),"This material is in the public domain in the United States. The Pan Am brand remains under trademark. For additional information, please visit: https://digitalcollections.library.miami.edu/digital/custom/copyright-guidelines",http://rightsstatements.org/vocab/NoC-US/1.0/
asm0341001275,asm03410012750001001,Page 1,The New Idea... In Travel...,,,,,,,,,,,,,,,,,,,,
asm0341001275,asm03410012750002001,Page 2,The New Idea... In Travel...,,,,,,,,,,,,,,,,,,,,
asm0341001275,asm03410012750003001,Page 3,The New Idea... In Travel...,,,,,,,,,,,,,,,,,,,,
asm0341001275,asm03410012750004001,Page 4,The New Idea... In Travel...,,,,,,,,,,,,,,,,,,,,
asm0341001275,asm03410012750005001,Page 5,The New Idea... In Travel...,,,,,,,,,,,,,,,,,,,,
asm0341001275,asm03410012750006001,Page 6,The New Idea... In Travel...,,,,,,,,,,,,,,,,,,,,
asm0341001275,asm03410012750007001,Page 7,The New Idea... In Travel...,,,,,,,,,,,,,,,,,,,,
asm0341001275,asm03410012750008001,Page 8,The New Idea... In Travel...,,,,,,,,,,,,,,,,,,,,
asm0341001275,asm03410012750009001,Page 9,The New Idea... In Travel...,,,,,,,,,,,,,,,,,,,,
asm0341001275,asm03410012750010001,Page 10,The New Idea... In Travel...,,,,,,,,,,,,,,,,,,,,
asm0341001275,asm03410012750011001,Page 11,The New Idea... In Travel...,,,,,,,,,,,,,,,,,,,,
asm0341001275,asm03410012750012001,Page 12,The New Idea... In Travel...,,,,,,,,,,,,,,,,,,,,
asm0341001275,asm03410012750013001,Page 13,The New Idea... In Travel...,,,,,,,,,,,,,,,,,,,,
asm0341001275,asm03410012750014001,Page 14,The New Idea... In Travel...,,,,,,,,,,,,,,,,,,,,
asm0341001275,asm03410012750015001,Page 15,The New Idea... In Travel...,,,,,,,,,,,,,,,,,,,,
asm0341001275,asm03410012750016001,Page 16,The New Idea... In Travel...,,,,,,,,,,,,,,,,,,,,
asm0341001276,,Now you can go places while we pay the fare,Now you can go places while we pay the fare,,"Pan American World Airways, Inc.",,,,,Brochures; Promotional materials;,,1950,,1950-1959,,eng,University of Miami. Library. Special Collections,"Pan American World Airways, Inc. records",ASM0341,Printed Materials: Brochures and Booklets: Other,Box No. 1 of 2; Box Title: Brochures and Booklets: Other 1 of 2; Folder No. 2; Folder Title: Brochures and Booklets: other (2 of 15),"This material is in the public domain in the United States. The Pan Am brand remains under trademark. For additional information, please visit: https://digitalcollections.library.miami.edu/digital/custom/copyright-guidelines",http://rightsstatements.org/vocab/NoC-US/1.0/
asm0341001276,asm03410012760001001,Page 1,Now you can go places while we pay the fare,,,,,,,,,,,,,,,,,,,,
asm0341001276,asm03410012760002001,Page 2,Now you can go places while we pay the fare,,,,,,,,,,,,,,,,,,,,
asm0341001277,,A never-to-be forgotten flight across a continent via Panagra,A never-to-be forgotten flight across a continent via Panagra,,"Pan American World Airways, Inc.",,,,,Brochures; Promotional materials;,,,,,Chile; Argentina,eng,University of Miami. Library. Special Collections,"Pan American World Airways, Inc. records",ASM0341,Printed Materials: Brochures and Booklets: Other,Box No. 1 of 2; Box Title: Brochures and Booklets: Other 1 of 2; Folder No. 2; Folder Title: Brochures and Booklets: other (2 of 15),"The copyright and related rights status of this material is unknown. The Pan Am brand remains under trademark. For additional information, please visit: https://digitalcollections.library.miami.edu/digital/custom/copyright-guidelines",http://rightsstatements.org/vocab/UND/1.0/
asm0341001277,asm03410012770001001,Page 1,A never-to-be forgotten flight across a continent via Panagra,,,,,,,,,,,,,,,,,,,,
asm0341001277,asm03410012770002001,Page 2,A never-to-be forgotten flight across a continent via Panagra,,,,,,,,,,,,,,,,,,,,
asm0341001277,asm03410012770003001,Page 3,A never-to-be forgotten flight across a continent via Panagra,,,,,,,,,,,,,,,,,,,,
asm0341001278,,How They Fly the Atlantic,How They Fly the Atlantic,,"Langewiesche, Wolfgang; Pan American World Airways, Inc.",,,,,Brochures; Promotional materials;,,1948,,1940-1949,,eng,University of Miami. Library. Special Collections,"Pan American World Airways, Inc. records",ASM0341,Printed Materials: Brochures and Booklets: Other,Box No. 1 of 2; Box Title: Brochures and Booklets: Other 1 of 2; Folder No. 2; Folder Title: Brochures and Booklets: other (2 of 15),"This material is protected by copyright. Use for education purposes is permitted. Copyright was originally held by Pan American World Airways, Inc., but was transferred to the University of Miami. The Pan Am brand remains under trademark. For additional information, please visit: https://digitalcollections.library.miami.edu/digital/custom/copyright-guidelines",http://rightsstatements.org/vocab/InC-EDU/1.0/
asm0341001278,asm03410012780001001,Page 1,How They Fly the Atlantic,,,,,,,,,,,,,,,,,,,,
asm0341001278,asm03410012780002001,Page 2,How They Fly the Atlantic,,,,,,,,,,,,,,,,,,,,
asm0341001278,asm03410012780003001,Page 3,How They Fly the Atlantic,,,,,,,,,,,,,,,,,,,,
asm0341001278,asm03410012780004001,Page 4,How They Fly the Atlantic,,,,,,,,,,,,,,,,,,,,
asm0341001278,asm03410012780005001,Page 5,How They Fly the Atlantic,,,,,,,,,,,,,,,,,,,,
asm0341001278,asm03410012780006001,Page 6,How They Fly the Atlantic,,,,,,,,,,,,,,,,,,,,
asm0341001278,asm03410012780007001,Page 7,How They Fly the Atlantic,,,,,,,,,,,,,,,,,,,,
asm0341001278,asm03410012780008001,Page 8,How They Fly the Atlantic,,,,,,,,,,,,,,,,,,,,
asm0341001278,asm03410012780009001,Page 9,How They Fly the Atlantic,,,,,,,,,,,,,,,,,,,,
asm0341001278,asm03410012780010001,Page 10,How They Fly the Atlantic,,,,,,,,,,,,,,,,,,,,
asm0341001278,asm03410012780011001,Page 11,How They Fly the Atlantic,,,,,,,,,,,,,,,,,,,,
asm0341001278,asm03410012780012001,Page 12,How They Fly the Atlantic,,,,,,,,,,,,,,,,,,,,
asm0341001278,asm03410012780013001,Page 13,How They Fly the Atlantic,,,,,,,,,,,,,,,,,,,,
asm0341001278,asm03410012780014001,Page 14,How They Fly the Atlantic,,,,,,,,,,,,,,,,,,,,
asm0341001278,asm03410012780015001,Page 15,How They Fly the Atlantic,,,,,,,,,,,,,,,,,,,,
asm0341001278,asm03410012780016001,Page 16,How They Fly the Atlantic,,,,,,,,,,,,,,,,,,,,
asm0341001278,asm03410012780017001,Page 17,How They Fly the Atlantic,,,,,,,,,,,,,,,,,,,,
asm0341001279,,First with the Fastest to Paris and London,First with the Fastest to Paris and London,,"Pan American World Airways, Inc.",,,,,Brochures; Promotional materials;,,,,,Paris (France); London (England),eng,University of Miami. Library. Special Collections,"Pan American World Airways, Inc. records",ASM0341,Printed Materials: Brochures and Booklets: Other,Box No. 1 of 2; Box Title: Brochures and Booklets: Other 1 of 2; Folder No. 2; Folder Title: Brochures and Booklets: other (2 of 15),"The copyright and related rights status of this material is unknown. The Pan Am brand remains under trademark. For additional information, please visit: https://digitalcollections.library.miami.edu/digital/custom/copyright-guidelines",http://rightsstatements.org/vocab/UND/1.0/
asm0341001279,asm03410012790001001,Page 1,First with the Fastest to Paris and London,,,,,,,,,,,,,,,,,,,,
asm0341001279,asm03410012790002001,Page 2,First with the Fastest to Paris and London,,,,,,,,,,,,,,,,,,,,
asm0341001280,,PAA Inaugurates new First-class Super 6 Clipper service between Buenos Aires and New York,PAA Inaugurates new First-class Super 6 Clipper service between Buenos Aires and New York,,"Pan American World Airways, Inc.",,,,,Brochures; Promotional materials;,,,,,Buenos Aires (Argentina); New York (N.Y.),eng,University of Miami. Library. Special Collections,"Pan American World Airways, Inc. records",ASM0341,Printed Materials: Brochures and Booklets: Other,Box No. 1 of 2; Box Title: Brochures and Booklets: Other 1 of 2; Folder No. 2; Folder Title: Brochures and Booklets: other (2 of 15),"The copyright and related rights status of this material is unknown. The Pan Am brand remains under trademark. For additional information, please visit: https://digitalcollections.library.miami.edu/digital/custom/copyright-guidelines",http://rightsstatements.org/vocab/UND/1.0/
asm0341001280,asm03410012800001001,Page 1,PAA Inaugurates new First-class Super 6 Clipper service between Buenos Aires and New York,,,,,,,,,,,,,,,,,,,,
asm0341001280,asm03410012800002001,Page 2,PAA Inaugurates new First-class Super 6 Clipper service between Buenos Aires and New York,,,,,,,,,,,,,,,,,,,,
asm0341001281,,"The 50,000 Transatlantic Clipper Crossing","The 50,000 Transatlantic Clipper Crossing",,"Pan American World Airways, Inc.",,,,,Brochures; Promotional materials;,,,,,New York (N.Y.); Paris (France),eng,University of Miami. Library. Special Collections,"Pan American World Airways, Inc. records",ASM0341,Printed Materials: Brochures and Booklets: Other,Box No. 1 of 2; Box Title: Brochures and Booklets: Other 1 of 2; Folder No. 2; Folder Title: Brochures and Booklets: other (2 of 15),"The copyright and related rights status of this material is unknown. The Pan Am brand remains under trademark. For additional information, please visit: https://digitalcollections.library.miami.edu/digital/custom/copyright-guidelines",http://rightsstatements.org/vocab/UND/1.0/
asm0341001281,asm03410012810001001,Page 1,"The 50,000 Transatlantic Clipper Crossing",,,,,,,,,,,,,,,,,,,,
asm0341001281,asm03410012810002001,Page 2,"The 50,000 Transatlantic Clipper Crossing",,,,,,,,,,,,,,,,,,,,
asm0341001282,,Visit extra cities abroad at no extra fare,Visit extra cities abroad at no extra fare,,"Pan American World Airways, Inc.",,,,,Brochures; Promotional materials;,,,,,,eng,University of Miami. Library. Special Collections,"Pan American World Airways, Inc. records",ASM0341,Printed Materials: Brochures and Booklets: Other,Box No. 1 of 2; Box Title: Brochures and Booklets: Other 1 of 2; Folder No. 2; Folder Title: Brochures and Booklets: other (2 of 15),"The copyright and related rights status of this material is unknown. The Pan Am brand remains under trademark. For additional information, please visit: https://digitalcollections.library.miami.edu/digital/custom/copyright-guidelines",http://rightsstatements.org/vocab/UND/1.0/
asm0341001282,asm03410012820001001,Page 1,Visit extra cities abroad at no extra fare,,,,,,,,,,,,,,,,,,,,
asm0341001282,asm03410012820002001,Page 2,Visit extra cities abroad at no extra fare,,,,,,,,,,,,,,,,,,,,
asm0341001283,,Fly Between Europe and the Great Northwest,Fly Between Europe and the Great Northwest,,"Pan American World Airways, Inc.; Northwest Airlines, Inc.",,,,,Brochures; Promotional materials;,,,,,Europe; Canada; United States,eng,University of Miami. Library. Special Collections,"Pan American World Airways, Inc. records",ASM0341,Printed Materials: Brochures and Booklets: Other,Box No. 1 of 2; Box Title: Brochures and Booklets: Other 1 of 2; Folder No. 2; Folder Title: Brochures and Booklets: other (2 of 15),"The copyright and related rights status of this material is unknown. The Pan Am brand remains under trademark. For additional information, please visit: https://digitalcollections.library.miami.edu/digital/custom/copyright-guidelines",http://rightsstatements.org/vocab/UND/1.0/
asm0341001283,asm03410012830001001,Page 1,Fly Between Europe and the Great Northwest,,,,,,,,,,,,,,,,,,,,
asm0341001283,asm03410012830002001,Page 2,Fly Between Europe and the Great Northwest,,,,,,,,,,,,,,,,,,,,
asm0341001284,,"Pan American World Airways introduces another ""first"" in air travel comfort... The Sleeperette compartment","Pan American World Airways introduces another ""first"" in air travel comfort... The Sleeperette compartment",,"Pan American World Airways, Inc.",,,,,Brochures; Promotional materials;,,1947,,1940-1949,,eng,University of Miami. Library. Special Collections,"Pan American World Airways, Inc. records",ASM0341,Printed Materials: Brochures and Booklets: Other,Box No. 1 of 2; Box Title: Brochures and Booklets: Other 1 of 2; Folder No. 2; Folder Title: Brochures and Booklets: other (2 of 15),"This material is in the public domain in the United States. The Pan Am brand remains under trademark. For additional information, please visit: https://digitalcollections.library.miami.edu/digital/custom/copyright-guidelines",http://rightsstatements.org/vocab/NoC-US/1.0/
asm0341001284,asm03410012840001001,Page 1,"Pan American World Airways introduces another ""first"" in air travel comfort... The Sleeperette compartment",,,,,,,,,,,,,,,,,,,,
asm0341001284,asm03410012840002001,Page 2,"Pan American World Airways introduces another ""first"" in air travel comfort... The Sleeperette compartment",,,,,,,,,,,,,,,,,,,,
asm0341001285,,Giant Clipper fleet... Finest in the world,Giant Clipper fleet... Finest in the world,,"Pan American World Airways, Inc.",,,,,Brochures; Promotional materials;,,,1950,1950-1959,,eng,University of Miami. Library. Special Collections,"Pan American World Airways, Inc. records",ASM0341,Printed Materials: Brochures and Booklets: Other,Box No. 1 of 2; Box Title: Brochures and Booklets: Other 1 of 2; Folder No. 2; Folder Title: Brochures and Booklets: other (2 of 15),"This material is in the public domain in the United States. The Pan Am brand remains under trademark. For additional information, please visit: https://digitalcollections.library.miami.edu/digital/custom/copyright-guidelines",http://rightsstatements.org/vocab/NoC-US/1.0/
asm0341001285,asm03410012850001001,Page 1,Giant Clipper fleet... Finest in the world,,,,,,,,,,,,,,,,,,,,
asm0341001285,asm03410012850002001,Page 2,Giant Clipper fleet... Finest in the world,,,,,,,,,,,,,,,,,,,,
asm0341001285,asm03410012850003001,Page 3,Giant Clipper fleet... Finest in the world,,,,,,,,,,,,,,,,,,,,
asm0341001285,asm03410012850004001,Page 4,Giant Clipper fleet... Finest in the world,,,,,,,,,,,,,,,,,,,,
asm0341001285,asm03410012850005001,Page 5,Giant Clipper fleet... Finest in the world,,,,,,,,,,,,,,,,,,,,
asm0341001285,asm03410012850006001,Page 6,Giant Clipper fleet... Finest in the world,,,,,,,,,,,,,,,,,,,,
asm0341001285,asm03410012850007001,Page 7,Giant Clipper fleet... Finest in the world,,,,,,,,,,,,,,,,,,,,
asm0341001285,asm03410012850008001,Page 8,Giant Clipper fleet... Finest in the world,,,,,,,,,,,,,,,,,,,,
asm0341001285,asm03410012850009001,Page 9,Giant Clipper fleet... Finest in the world,,,,,,,,,,,,,,,,,,,,
asm0341001285,asm03410012850010001,Page 10,Giant Clipper fleet... Finest in the world,,,,,,,,,,,,,,,,,,,,
asm0341001286,,Bargain book of pay later plan pleasure trips,Bargain book of pay later plan pleasure trips,,"Pan American World Airways, Inc.",,,,,Brochures; Promotional materials;,,1956,,1950-1959,,eng,University of Miami. Library. Special Collections,"Pan American World Airways, Inc. records",ASM0341,Printed Materials: Brochures and Booklets: Other,Box No. 1 of 2; Box Title: Brochures and Booklets: Other 1 of 2; Folder No. 2; Folder Title: Brochures and Booklets: other (2 of 15),"This material is in the public domain in the United States. The Pan Am brand remains under trademark. For additional information, please visit: https://digitalcollections.library.miami.edu/digital/custom/copyright-guidelines",http://rightsstatements.org/vocab/NoC-US/1.0/
asm0341001286,asm03410012860001001,Page 1,Bargain book of pay later plan pleasure trips,,,,,,,,,,,,,,,,,,,,
asm0341001286,asm03410012860002001,Page 2,Bargain book of pay later plan pleasure trips,,,,,,,,,,,,,,,,,,,,
asm0341001286,asm03410012860003001,Page 3,Bargain book of pay later plan pleasure trips,,,,,,,,,,,,,,,,,,,,
asm0341001286,asm03410012860004001,Page 4,Bargain book of pay later plan pleasure trips,,,,,,,,,,,,,,,,,,,,
asm0341001286,asm03410012860005001,Page 5,Bargain book of pay later plan pleasure trips,,,,,,,,,,,,,,,,,,,,
asm0341001286,asm03410012860006001,Page 6,Bargain book of pay later plan pleasure trips,,,,,,,,,,,,,,,,,,,,
asm0341001286,asm03410012860007001,Page 7,Bargain book of pay later plan pleasure trips,,,,,,,,,,,,,,,,,,,,
asm0341001286,asm03410012860008001,Page 8,Bargain book of pay later plan pleasure trips,,,,,,,,,,,,,,,,,,,,
asm0341001287,,The Clipper fleet of PAA,The Clipper fleet of PAA,,"Pan American World Airways, Inc.",,,,,Brochures; Promotional materials;,,,,,,eng,University of Miami. Library. Special Collections,"Pan American World Airways, Inc. records",ASM0341,Printed Materials: Brochures and Booklets: Other,Box No. 1 of 2; Box Title: Brochures and Booklets: Other 1 of 2; Folder No. 2; Folder Title: Brochures and Booklets: other (2 of 15),"The copyright and related rights status of this material is unknown. The Pan Am brand remains under trademark. For additional information, please visit: https://digitalcollections.library.miami.edu/digital/custom/copyright-guidelines",http://rightsstatements.org/vocab/UND/1.0/
asm0341001287,asm03410012870001001,Page 1,The Clipper fleet of PAA,,,,,,,,,,,,,,,,,,,,
asm0341001287,asm03410012870002001,Page 2,The Clipper fleet of PAA,,,,,,,,,,,,,,,,,,,,
asm0341001287,asm03410012870003001,Page 3,The Clipper fleet of PAA,,,,,,,,,,,,,,,,,,,,
asm0341001287,asm03410012870004001,Page 4,The Clipper fleet of PAA,,,,,,,,,,,,,,,,,,,,
asm0341001287,asm03410012870005001,Page 5,The Clipper fleet of PAA,,,,,,,,,,,,,,,,,,,,
asm0341001287,asm03410012870006001,Page 6,The Clipper fleet of PAA,,,,,,,,,,,,,,,,,,,,
asm0341001287,asm03410012870007001,Page 7,The Clipper fleet of PAA,,,,,,,,,,,,,,,,,,,,
asm0341001287,asm03410012870008001,Page 8,The Clipper fleet of PAA,,,,,,,,,,,,,,,,,,,,
asm0341001287,asm03410012870009001,Page 9,The Clipper fleet of PAA,,,,,,,,,,,,,,,,,,,,
asm0341001287,asm03410012870010001,Page 10,The Clipper fleet of PAA,,,,,,,,,,,,,,,,,,,,
asm0341001288,,Sun guide to winter vacations : Get up and go where the sun shines bright this winter,Sun guide to winter vacations : Get up and go where the sun shines bright this winter,,"Pan American World Airways, Inc.",,,,,Brochures; Promotional materials;,,,,,Pacific Area; Central America; South America; Caribbean Area; South Africa,eng,University of Miami. Library. Special Collections,"Pan American World Airways, Inc. records",ASM0341,Printed Materials: Brochures and Booklets: Other,Box No. 1 of 2; Box Title: Brochures and Booklets: Other 1 of 2; Folder No. 2; Folder Title: Brochures and Booklets: other (2 of 15),"The copyright and related rights status of this material is unknown. The Pan Am brand remains under trademark. For additional information, please visit: https://digitalcollections.library.miami.edu/digital/custom/copyright-guidelines",http://rightsstatements.org/vocab/UND/1.0/
asm0341001288,asm03410012880001001,Page 1,Sun guide to winter vacations : Get up and go where the sun shines bright this winter,,,,,,,,,,,,,,,,,,,,
asm0341001288,asm03410012880002001,Page 2,Sun guide to winter vacations : Get up and go where the sun shines bright this winter,,,,,,,,,,,,,,,,,,,,
asm0341001288,asm03410012880003001,Page 3,Sun guide to winter vacations : Get up and go where the sun shines bright this winter,,,,,,,,,,,,,,,,,,,,
asm0341001288,asm03410012880004001,Page 4,Sun guide to winter vacations : Get up and go where the sun shines bright this winter,,,,,,,,,,,,,,,,,,,,
asm0341001288,asm03410012880005001,Page 5,Sun guide to winter vacations : Get up and go where the sun shines bright this winter,,,,,,,,,,,,,,,,,,,,
asm0341001288,asm03410012880006001,Page 6,Sun guide to winter vacations : Get up and go where the sun shines bright this winter,,,,,,,,,,,,,,,,,,,,
asm0341001288,asm03410012880007001,Page 7,Sun guide to winter vacations : Get up and go where the sun shines bright this winter,,,,,,,,,,,,,,,,,,,,
asm0341001288,asm03410012880008001,Page 8,Sun guide to winter vacations : Get up and go where the sun shines bright this winter,,,,,,,,,,,,,,,,,,,,
asm0341001288,asm03410012880009001,Page 9,Sun guide to winter vacations : Get up and go where the sun shines bright this winter,,,,,,,,,,,,,,,,,,,,
asm0341001288,asm03410012880010001,Page 10,Sun guide to winter vacations : Get up and go where the sun shines bright this winter,,,,,,,,,,,,,,,,,,,,
asm0341001288,asm03410012880011001,Page 11,Sun guide to winter vacations : Get up and go where the sun shines bright this winter,,,,,,,,,,,,,,,,,,,,
asm0341001288,asm03410012880012001,Page 12,Sun guide to winter vacations : Get up and go where the sun shines bright this winter,,,,,,,,,,,,,,,,,,,,
asm0341001288,asm03410012880013001,Page 13,Sun guide to winter vacations : Get up and go where the sun shines bright this winter,,,,,,,,,,,,,,,,,,,,
asm0341001288,asm03410012880014001,Page 14,Sun guide to winter vacations : Get up and go where the sun shines bright this winter,,,,,,,,,,,,,,,,,,,,
asm0341001288,asm03410012880015001,Page 15,Sun guide to winter vacations : Get up and go where the sun shines bright this winter,,,,,,,,,,,,,,,,,,,,
asm0341001288,asm03410012880016001,Page 16,Sun guide to winter vacations : Get up and go where the sun shines bright this winter,,,,,,,,,,,,,,,,,,,,
asm0341001288,asm03410012880017001,Page 17,Sun guide to winter vacations : Get up and go where the sun shines bright this winter,,,,,,,,,,,,,,,,,,,,
asm0341001289,,Pan Am's Flying Clippers,Pan Am's Flying Clippers,,"Pan American World Airways, Inc.",,,,,Brochures; Promotional materials;,,1968,,1960-1969,,eng,University of Miami. Library. Special Collections,"Pan American World Airways, Inc. records",ASM0341,Printed Materials: Brochures and Booklets: Other,Box No. 1 of 2; Box Title: Brochures and Booklets: Other 1 of 2; Folder No. 3; Folder Title: Brochures and Booklets: other (3 of 15),"This material is protected by copyright. Use for education purposes is permitted. Copyright was originally held by Pan American World Airways, Inc., but was transferred to the University of Miami. The Pan Am brand remains under trademark. For additional information, please visit: https://digitalcollections.library.miami.edu/digital/custom/copyright-guidelines",http://rightsstatements.org/vocab/InC-EDU/1.0/
asm0341001289,asm03410012890001001,Page 1,Pan Am's Flying Clippers,,,,,,,,,,,,,,,,,,,,
asm0341001289,asm03410012890002001,Page 2,Pan Am's Flying Clippers,,,,,,,,,,,,,,,,,,,,
asm0341001289,asm03410012890003001,Page 3,Pan Am's Flying Clippers,,,,,,,,,,,,,,,,,,,,
asm0341001289,asm03410012890004001,Page 4,Pan Am's Flying Clippers,,,,,,,,,,,,,,,,,,,,
asm0341001289,asm03410012890005001,Page 5,Pan Am's Flying Clippers,,,,,,,,,,,,,,,,,,,,
asm0341001289,asm03410012890006001,Page 6,Pan Am's Flying Clippers,,,,,,,,,,,,,,,,,,,,
asm0341001289,asm03410012890007001,Page 7,Pan Am's Flying Clippers,,,,,,,,,,,,,,,,,,,,
asm0341001289,asm03410012890008001,Page 8,Pan Am's Flying Clippers,,,,,,,,,,,,,,,,,,,,
asm0341001289,asm03410012890009001,Page 9,Pan Am's Flying Clippers,,,,,,,,,,,,,,,,,,,,
asm0341001289,asm03410012890010001,Page 10,Pan Am's Flying Clippers,,,,,,,,,,,,,,,,,,,,
asm0341001289,asm03410012890011001,Page 11,Pan Am's Flying Clippers,,,,,,,,,,,,,,,,,,,,
asm0341001289,asm03410012890012001,Page 12,Pan Am's Flying Clippers,,,,,,,,,,,,,,,,,,,,
asm0341001289,asm03410012890013001,Page 13,Pan Am's Flying Clippers,,,,,,,,,,,,,,,,,,,,
asm0341001289,asm03410012890014001,Page 14,Pan Am's Flying Clippers,,,,,,,,,,,,,,,,,,,,
asm0341001289,asm03410012890015001,Page 15,Pan Am's Flying Clippers,,,,,,,,,,,,,,,,,,,,
asm0341001289,asm03410012890016001,Page 16,Pan Am's Flying Clippers,,,,,,,,,,,,,,,,,,,,
asm0341001289,asm03410012890017001,Page 17,Pan Am's Flying Clippers,,,,,,,,,,,,,,,,,,,,
asm0341001289,asm03410012890018001,Page 18,Pan Am's Flying Clippers,,,,,,,,,,,,,,,,,,,,
asm0341001289,asm03410012890019001,Page 19,Pan Am's Flying Clippers,,,,,,,,,,,,,,,,,,,,
asm0341001289,asm03410012890020001,Page 20,Pan Am's Flying Clippers,,,,,,,,,,,,,,,,,,,,
asm0341001289,asm03410012890021001,Page 21,Pan Am's Flying Clippers,,,,,,,,,,,,,,,,,,,,
asm0341001289,asm03410012890022001,Page 22,Pan Am's Flying Clippers,,,,,,,,,,,,,,,,,,,,
asm0341001289,asm03410012890023001,Page 23,Pan Am's Flying Clippers,,,,,,,,,,,,,,,,,,,,
asm0341001289,asm03410012890024001,Page 24,Pan Am's Flying Clippers,,,,,,,,,,,,,,,,,,,,
asm0341001290,,The Flying Clippers,The Flying Clippers,,"Pan American World Airways, Inc.",,,,,Brochures; Promotional materials;,,1962-07,,1960-1969,,eng,University of Miami. Library. Special Collections,"Pan American World Airways, Inc. records",ASM0341,Printed Materials: Brochures and Booklets: Other,Box No. 1 of 2; Box Title: Brochures and Booklets: Other 1 of 2; Folder No. 3; Folder Title: Brochures and Booklets: other (3 of 15),"This material is in the public domain in the United States. The Pan Am brand remains under trademark. For additional information, please visit: https://digitalcollections.library.miami.edu/digital/custom/copyright-guidelines",http://rightsstatements.org/vocab/NoC-US/1.0/
asm0341001290,asm03410012900001001,Page 1,The Flying Clippers,,,,,,,,,,,,,,,,,,,,
asm0341001290,asm03410012900002001,Page 2,The Flying Clippers,,,,,,,,,,,,,,,,,,,,
asm0341001290,asm03410012900003001,Page 3,The Flying Clippers,,,,,,,,,,,,,,,,,,,,
asm0341001290,asm03410012900004001,Page 4,The Flying Clippers,,,,,,,,,,,,,,,,,,,,
asm0341001290,asm03410012900005001,Page 5,The Flying Clippers,,,,,,,,,,,,,,,,,,,,
asm0341001290,asm03410012900006001,Page 6,The Flying Clippers,,,,,,,,,,,,,,,,,,,,
asm0341001290,asm03410012900007001,Page 7,The Flying Clippers,,,,,,,,,,,,,,,,,,,,
asm0341001290,asm03410012900008001,Page 8,The Flying Clippers,,,,,,,,,,,,,,,,,,,,
asm0341001290,asm03410012900009001,Page 9,The Flying Clippers,,,,,,,,,,,,,,,,,,,,
asm0341001290,asm03410012900010001,Page 10,The Flying Clippers,,,,,,,,,,,,,,,,,,,,
asm0341001290,asm03410012900011001,Page 11,The Flying Clippers,,,,,,,,,,,,,,,,,,,,
asm0341001290,asm03410012900012001,Page 12,The Flying Clippers,,,,,,,,,,,,,,,,,,,,
asm0341001290,asm03410012900013001,Page 13,The Flying Clippers,,,,,,,,,,,,,,,,,,,,
asm0341001290,asm03410012900014001,Page 14,The Flying Clippers,,,,,,,,,,,,,,,,,,,,
asm0341001290,asm03410012900015001,Page 15,The Flying Clippers,,,,,,,,,,,,,,,,,,,,
asm0341001290,asm03410012900016001,Page 16,The Flying Clippers,,,,,,,,,,,,,,,,,,,,
asm0341001290,asm03410012900017001,Page 17,The Flying Clippers,,,,,,,,,,,,,,,,,,,,
asm0341001290,asm03410012900018001,Page 18,The Flying Clippers,,,,,,,,,,,,,,,,,,,,
asm0341001290,asm03410012900019001,Page 19,The Flying Clippers,,,,,,,,,,,,,,,,,,,,
asm0341001290,asm03410012900020001,Page 20,The Flying Clippers,,,,,,,,,,,,,,,,,,,,
asm0341001290,asm03410012900021001,Page 21,The Flying Clippers,,,,,,,,,,,,,,,,,,,,
asm0341001290,asm03410012900022001,Page 22,The Flying Clippers,,,,,,,,,,,,,,,,,,,,
asm0341001290,asm03410012900023001,Page 23,The Flying Clippers,,,,,,,,,,,,,,,,,,,,
asm0341001290,asm03410012900024001,Page 24,The Flying Clippers,,,,,,,,,,,,,,,,,,,,
asm0341001290,asm03410012900025001,Page 25,The Flying Clippers,,,,,,,,,,,,,,,,,,,,
asm0341001290,asm03410012900026001,Page 26,The Flying Clippers,,,,,,,,,,,,,,,,,,,,
asm0341001290,asm03410012900027001,Page 27,The Flying Clippers,,,,,,,,,,,,,,,,,,,,
asm0341001290,asm03410012900028001,Page 28,The Flying Clippers,,,,,,,,,,,,,,,,,,,,
asm0341001291,,Jet Clippers are here,Jet Clippers are here,,"Pan American World Airways, Inc.",,,,,Brochures; Promotional materials;,,1958,,1950-1959,,eng,University of Miami. Library. Special Collections,"Pan American World Airways, Inc. records",ASM0341,Printed Materials: Brochures and Booklets: Other,Box No. 1 of 2; Box Title: Brochures and Booklets: Other 1 of 2; Folder No. 4; Folder Title: Brochures and Booklets: other (4 of 15),"This material is in the public domain in the United States. The Pan Am brand remains under trademark. For additional information, please visit: https://digitalcollections.library.miami.edu/digital/custom/copyright-guidelines",http://rightsstatements.org/vocab/NoC-US/1.0/
asm0341001291,asm03410012910001001,Page 1,Jet Clippers are here,,,,,,,,,,,,,,,,,,,,
asm0341001291,asm03410012910002001,Page 2,Jet Clippers are here,,,,,,,,,,,,,,,,,,,,
asm0341001291,asm03410012910003001,Page 3,Jet Clippers are here,,,,,,,,,,,,,,,,,,,,
asm0341001291,asm03410012910004001,Page 4,Jet Clippers are here,,,,,,,,,,,,,,,,,,,,
asm0341001291,asm03410012910005001,Page 5,Jet Clippers are here,,,,,,,,,,,,,,,,,,,,
asm0341001291,asm03410012910006001,Page 6,Jet Clippers are here,,,,,,,,,,,,,,,,,,,,
asm0341001291,asm03410012910007001,Page 7,Jet Clippers are here,,,,,,,,,,,,,,,,,,,,
asm0341001291,asm03410012910008001,Page 8,Jet Clippers are here,,,,,,,,,,,,,,,,,,,,
asm0341001291,asm03410012910009001,Page 9,Jet Clippers are here,,,,,,,,,,,,,,,,,,,,
asm0341001291,asm03410012910010001,Page 10,Jet Clippers are here,,,,,,,,,,,,,,,,,,,,
asm0341001291,asm03410012910011001,Page 11,Jet Clippers are here,,,,,,,,,,,,,,,,,,,,
asm0341001291,asm03410012910012001,Page 12,Jet Clippers are here,,,,,,,,,,,,,,,,,,,,
asm0341001291,asm03410012910013001,Page 13,Jet Clippers are here,,,,,,,,,,,,,,,,,,,,
asm0341001291,asm03410012910014001,Page 14,Jet Clippers are here,,,,,,,,,,,,,,,,,,,,
asm0341001291,asm03410012910015001,Page 15,Jet Clippers are here,,,,,,,,,,,,,,,,,,,,
asm0341001291,asm03410012910016001,Page 16,Jet Clippers are here,,,,,,,,,,,,,,,,,,,,
asm0341001291,asm03410012910017001,Page 17,Jet Clippers are here,,,,,,,,,,,,,,,,,,,,
asm0341001292,,Pan American 707 Jet Clippers,Pan American 707 Jet Clippers,,"Pan American World Airways, Inc.",,,,,Brochures; Promotional materials;,,,,,Europe; United States,ger,University of Miami. Library. Special Collections,"Pan American World Airways, Inc. records",ASM0341,Printed Materials: Brochures and Booklets: Other,Box No. 1 of 2; Box Title: Brochures and Booklets: Other 1 of 2; Folder No. 4; Folder Title: Brochures and Booklets: other (4 of 15),"The copyright and related rights status of this material is unknown. The Pan Am brand remains under trademark. For additional information, please visit: https://digitalcollections.library.miami.edu/digital/custom/copyright-guidelines",http://rightsstatements.org/vocab/UND/1.0/
asm0341001292,asm03410012920001001,Page 1,Pan American 707 Jet Clippers,,,,,,,,,,,,,,,,,,,,
asm0341001292,asm03410012920002001,Page 2,Pan American 707 Jet Clippers,,,,,,,,,,,,,,,,,,,,
asm0341001292,asm03410012920003001,Page 3,Pan American 707 Jet Clippers,,,,,,,,,,,,,,,,,,,,
asm0341001292,asm03410012920004001,Page 4,Pan American 707 Jet Clippers,,,,,,,,,,,,,,,,,,,,
asm0341001292,asm03410012920005001,Page 5,Pan American 707 Jet Clippers,,,,,,,,,,,,,,,,,,,,
asm0341001292,asm03410012920006001,Page 6,Pan American 707 Jet Clippers,,,,,,,,,,,,,,,,,,,,
asm0341001292,asm03410012920007001,Page 7,Pan American 707 Jet Clippers,,,,,,,,,,,,,,,,,,,,
asm0341001292,asm03410012920008001,Page 8,Pan American 707 Jet Clippers,,,,,,,,,,,,,,,,,,,,
asm0341001292,asm03410012920009001,Page 9,Pan American 707 Jet Clippers,,,,,,,,,,,,,,,,,,,,
asm0341001292,asm03410012920010001,Page 10,Pan American 707 Jet Clippers,,,,,,,,,,,,,,,,,,,,
asm0341001292,asm03410012920011001,Page 11,Pan American 707 Jet Clippers,,,,,,,,,,,,,,,,,,,,
asm0341001292,asm03410012920012001,Page 12,Pan American 707 Jet Clippers,,,,,,,,,,,,,,,,,,,,
asm0341001292,asm03410012920013001,Page 13,Pan American 707 Jet Clippers,,,,,,,,,,,,,,,,,,,,
asm0341001292,asm03410012920014001,Page 14,Pan American 707 Jet Clippers,,,,,,,,,,,,,,,,,,,,
asm0341001292,asm03410012920015001,Page 15,Pan American 707 Jet Clippers,,,,,,,,,,,,,,,,,,,,
asm0341001292,asm03410012920016001,Page 16,Pan American 707 Jet Clippers,,,,,,,,,,,,,,,,,,,,
asm0341001292,asm03410012920017001,Page 17,Pan American 707 Jet Clippers,,,,,,,,,,,,,,,,,,,,
asm0341001292,asm03410012920018001,Page 18,Pan American 707 Jet Clippers,,,,,,,,,,,,,,,,,,,,
asm0341001292,asm03410012920019001,Page 19,Pan American 707 Jet Clippers,,,,,,,,,,,,,,,,,,,,
asm0341001292,asm03410012920020001,Page 20,Pan American 707 Jet Clippers,,,,,,,,,,,,,,,,,,,,
asm0341001292,asm03410012920021001,Page 21,Pan American 707 Jet Clippers,,,,,,,,,,,,,,,,,,,,
asm0341001293,,Aviation's One World in the Jet Age,Aviation's One World in the Jet Age,,"Pan American World Airways, Inc.",,,,,Brochures; Promotional materials;,,1964-01,,1960-1969,,eng,University of Miami. Library. Special Collections,"Pan American World Airways, Inc. records",ASM0341,Printed Materials: Brochures and Booklets: Other,Box No. 1 of 2; Box Title: Brochures and Booklets: Other 1 of 2; Folder No. 4; Folder Title: Brochures and Booklets: other (4 of 15),"This material is protected by copyright. Use for education purposes is permitted. Copyright was originally held by Pan American World Airways, Inc., but was transferred to the University of Miami. The Pan Am brand remains under trademark. For additional information, please visit: https://digitalcollections.library.miami.edu/digital/custom/copyright-guidelines",http://rightsstatements.org/vocab/InC-EDU/1.0/
asm0341001293,asm03410012930001001,Page 1,Aviation's One World in the Jet Age,,,,,,,,,,,,,,,,,,,,
asm0341001293,asm03410012930002001,Page 2,Aviation's One World in the Jet Age,,,,,,,,,,,,,,,,,,,,
asm0341001293,asm03410012930003001,Page 3,Aviation's One World in the Jet Age,,,,,,,,,,,,,,,,,,,,
asm0341001293,asm03410012930004001,Page 4,Aviation's One World in the Jet Age,,,,,,,,,,,,,,,,,,,,
asm0341001293,asm03410012930005001,Page 5,Aviation's One World in the Jet Age,,,,,,,,,,,,,,,,,,,,
asm0341001293,asm03410012930006001,Page 6,Aviation's One World in the Jet Age,,,,,,,,,,,,,,,,,,,,
asm0341001293,asm03410012930007001,Page 7,Aviation's One World in the Jet Age,,,,,,,,,,,,,,,,,,,,
asm0341001293,asm03410012930008001,Page 8,Aviation's One World in the Jet Age,,,,,,,,,,,,,,,,,,,,
asm0341001293,asm03410012930009001,Page 9,Aviation's One World in the Jet Age,,,,,,,,,,,,,,,,,,,,
asm0341001293,asm03410012930010001,Page 10,Aviation's One World in the Jet Age,,,,,,,,,,,,,,,,,,,,
asm0341001293,asm03410012930011001,Page 11,Aviation's One World in the Jet Age,,,,,,,,,,,,,,,,,,,,
asm0341001293,asm03410012930012001,Page 12,Aviation's One World in the Jet Age,,,,,,,,,,,,,,,,,,,,
asm0341001293,asm03410012930013001,Page 13,Aviation's One World in the Jet Age,,,,,,,,,,,,,,,,,,,,
asm0341001293,asm03410012930014001,Page 14,Aviation's One World in the Jet Age,,,,,,,,,,,,,,,,,,,,
asm0341001293,asm03410012930015001,Page 15,Aviation's One World in the Jet Age,,,,,,,,,,,,,,,,,,,,
asm0341001293,asm03410012930016001,Page 16,Aviation's One World in the Jet Age,,,,,,,,,,,,,,,,,,,,
asm0341001293,asm03410012930017001,Page 17,Aviation's One World in the Jet Age,,,,,,,,,,,,,,,,,,,,
asm0341001293,asm03410012930018001,Page 18,Aviation's One World in the Jet Age,,,,,,,,,,,,,,,,,,,,
asm0341001293,asm03410012930019001,Page 19,Aviation's One World in the Jet Age,,,,,,,,,,,,,,,,,,,,
asm0341001293,asm03410012930020001,Page 20,Aviation's One World in the Jet Age,,,,,,,,,,,,,,,,,,,,
asm0341001293,asm03410012930021001,Page 21,Aviation's One World in the Jet Age,,,,,,,,,,,,,,,,,,,,
asm0341001293,asm03410012930022001,Page 22,Aviation's One World in the Jet Age,,,,,,,,,,,,,,,,,,,,
asm0341001293,asm03410012930023001,Page 23,Aviation's One World in the Jet Age,,,,,,,,,,,,,,,,,,,,
asm0341001293,asm03410012930024001,Page 24,Aviation's One World in the Jet Age,,,,,,,,,,,,,,,,,,,,
asm0341001293,asm03410012930025001,Page 25,Aviation's One World in the Jet Age,,,,,,,,,,,,,,,,,,,,
asm0341001293,asm03410012930026001,Page 26,Aviation's One World in the Jet Age,,,,,,,,,,,,,,,,,,,,
asm0341001293,asm03410012930027001,Page 27,Aviation's One World in the Jet Age,,,,,,,,,,,,,,,,,,,,
asm0341001293,asm03410012930028001,Page 28,Aviation's One World in the Jet Age,,,,,,,,,,,,,,,,,,,,
asm0341001293,asm03410012930029001,Page 29,Aviation's One World in the Jet Age,,,,,,,,,,,,,,,,,,,,
asm0341001293,asm03410012930030001,Page 30,Aviation's One World in the Jet Age,,,,,,,,,,,,,,,,,,,,
asm0341001293,asm03410012930031001,Page 31,Aviation's One World in the Jet Age,,,,,,,,,,,,,,,,,,,,
asm0341001293,asm03410012930032001,Page 32,Aviation's One World in the Jet Age,,,,,,,,,,,,,,,,,,,,
asm0341001293,asm03410012930033001,Page 33,Aviation's One World in the Jet Age,,,,,,,,,,,,,,,,,,,,
asm0341001293,asm03410012930034001,Page 34,Aviation's One World in the Jet Age,,,,,,,,,,,,,,,,,,,,
asm0341001293,asm03410012930035001,Page 35,Aviation's One World in the Jet Age,,,,,,,,,,,,,,,,,,,,
asm0341001293,asm03410012930036001,Page 36,Aviation's One World in the Jet Age,,,,,,,,,,,,,,,,,,,,
asm0341001294,,Aviation's One World in the Jet Age,Aviation's One World in the Jet Age,,"Pan American World Airways, Inc.",,,,,Brochures; Promotional materials;,,1958-10,,1950-1959,,eng,University of Miami. Library. Special Collections,"Pan American World Airways, Inc. records",ASM0341,Printed Materials: Brochures and Booklets: Other,Box No. 1 of 2; Box Title: Brochures and Booklets: Other 1 of 2; Folder No. 4; Folder Title: Brochures and Booklets: other (4 of 15),"This material is in the public domain in the United States. The Pan Am brand remains under trademark. For additional information, please visit: https://digitalcollections.library.miami.edu/digital/custom/copyright-guidelines",http://rightsstatements.org/vocab/NoC-US/1.0/
asm0341001294,asm03410012940001001,Page 1,Aviation's One World in the Jet Age,,,,,,,,,,,,,,,,,,,,
asm0341001294,asm03410012940002001,Page 2,Aviation's One World in the Jet Age,,,,,,,,,,,,,,,,,,,,
asm0341001294,asm03410012940003001,Page 3,Aviation's One World in the Jet Age,,,,,,,,,,,,,,,,,,,,
asm0341001294,asm03410012940004001,Page 4,Aviation's One World in the Jet Age,,,,,,,,,,,,,,,,,,,,
asm0341001294,asm03410012940005001,Page 5,Aviation's One World in the Jet Age,,,,,,,,,,,,,,,,,,,,
asm0341001294,asm03410012940006001,Page 6,Aviation's One World in the Jet Age,,,,,,,,,,,,,,,,,,,,
asm0341001294,asm03410012940007001,Page 7,Aviation's One World in the Jet Age,,,,,,,,,,,,,,,,,,,,
asm0341001294,asm03410012940008001,Page 8,Aviation's One World in the Jet Age,,,,,,,,,,,,,,,,,,,,
asm0341001294,asm03410012940009001,Page 9,Aviation's One World in the Jet Age,,,,,,,,,,,,,,,,,,,,
asm0341001294,asm03410012940010001,Page 10,Aviation's One World in the Jet Age,,,,,,,,,,,,,,,,,,,,
asm0341001294,asm03410012940011001,Page 11,Aviation's One World in the Jet Age,,,,,,,,,,,,,,,,,,,,
asm0341001294,asm03410012940012001,Page 12,Aviation's One World in the Jet Age,,,,,,,,,,,,,,,,,,,,
asm0341001294,asm03410012940013001,Page 13,Aviation's One World in the Jet Age,,,,,,,,,,,,,,,,,,,,
asm0341001294,asm03410012940014001,Page 14,Aviation's One World in the Jet Age,,,,,,,,,,,,,,,,,,,,
asm0341001294,asm03410012940015001,Page 15,Aviation's One World in the Jet Age,,,,,,,,,,,,,,,,,,,,
asm0341001294,asm03410012940016001,Page 16,Aviation's One World in the Jet Age,,,,,,,,,,,,,,,,,,,,
asm0341001294,asm03410012940017001,Page 17,Aviation's One World in the Jet Age,,,,,,,,,,,,,,,,,,,,
asm0341001294,asm03410012940018001,Page 18,Aviation's One World in the Jet Age,,,,,,,,,,,,,,,,,,,,
asm0341001294,asm03410012940019001,Page 19,Aviation's One World in the Jet Age,,,,,,,,,,,,,,,,,,,,
asm0341001294,asm03410012940020001,Page 20,Aviation's One World in the Jet Age,,,,,,,,,,,,,,,,,,,,
asm0341001294,asm03410012940021001,Page 21,Aviation's One World in the Jet Age,,,,,,,,,,,,,,,,,,,,
asm0341001294,asm03410012940022001,Page 22,Aviation's One World in the Jet Age,,,,,,,,,,,,,,,,,,,,
asm0341001294,asm03410012940023001,Page 23,Aviation's One World in the Jet Age,,,,,,,,,,,,,,,,,,,,
asm0341001294,asm03410012940024001,Page 24,Aviation's One World in the Jet Age,,,,,,,,,,,,,,,,,,,,
asm0341001294,asm03410012940025001,Page 25,Aviation's One World in the Jet Age,,,,,,,,,,,,,,,,,,,,
asm0341001294,asm03410012940026001,Page 26,Aviation's One World in the Jet Age,,,,,,,,,,,,,,,,,,,,
asm0341001294,asm03410012940027001,Page 27,Aviation's One World in the Jet Age,,,,,,,,,,,,,,,,,,,,
asm0341001294,asm03410012940028001,Page 28,Aviation's One World in the Jet Age,,,,,,,,,,,,,,,,,,,,
asm0341001294,asm03410012940029001,Page 29,Aviation's One World in the Jet Age,,,,,,,,,,,,,,,,,,,,
asm0341001294,asm03410012940030001,Page 30,Aviation's One World in the Jet Age,,,,,,,,,,,,,,,,,,,,
asm0341001294,asm03410012940031001,Page 31,Aviation's One World in the Jet Age,,,,,,,,,,,,,,,,,,,,
asm0341001294,asm03410012940032001,Page 32,Aviation's One World in the Jet Age,,,,,,,,,,,,,,,,,,,,
asm0341001294,asm03410012940033001,Page 33,Aviation's One World in the Jet Age,,,,,,,,,,,,,,,,,,,,
asm0341001294,asm03410012940034001,Page 34,Aviation's One World in the Jet Age,,,,,,,,,,,,,,,,,,,,
asm0341001294,asm03410012940035001,Page 35,Aviation's One World in the Jet Age,,,,,,,,,,,,,,,,,,,,
asm0341001294,asm03410012940036001,Page 36,Aviation's One World in the Jet Age,,,,,,,,,,,,,,,,,,,,
asm0341001295,,Aviation's One World in the Jet Age,Aviation's One World in the Jet Age,,"Pan American World Airways, Inc.",,,,,Brochures; Promotional materials;,,1960-01,,1960-1969,,eng,University of Miami. Library. Special Collections,"Pan American World Airways, Inc. records",ASM0341,Printed Materials: Brochures and Booklets: Other,Box No. 1 of 2; Box Title: Brochures and Booklets: Other 1 of 2; Folder No. 4; Folder Title: Brochures and Booklets: other (4 of 15),"This material is in the public domain in the United States. The Pan Am brand remains under trademark. For additional information, please visit: https://digitalcollections.library.miami.edu/digital/custom/copyright-guidelines",http://rightsstatements.org/vocab/NoC-US/1.0/
asm0341001295,asm03410012950001001,Page 1,Aviation's One World in the Jet Age,,,,,,,,,,,,,,,,,,,,
asm0341001295,asm03410012950002001,Page 2,Aviation's One World in the Jet Age,,,,,,,,,,,,,,,,,,,,
asm0341001295,asm03410012950003001,Page 3,Aviation's One World in the Jet Age,,,,,,,,,,,,,,,,,,,,
asm0341001295,asm03410012950004001,Page 4,Aviation's One World in the Jet Age,,,,,,,,,,,,,,,,,,,,
asm0341001295,asm03410012950005001,Page 5,Aviation's One World in the Jet Age,,,,,,,,,,,,,,,,,,,,
asm0341001295,asm03410012950006001,Page 6,Aviation's One World in the Jet Age,,,,,,,,,,,,,,,,,,,,
asm0341001295,asm03410012950007001,Page 7,Aviation's One World in the Jet Age,,,,,,,,,,,,,,,,,,,,
asm0341001295,asm03410012950008001,Page 8,Aviation's One World in the Jet Age,,,,,,,,,,,,,,,,,,,,
asm0341001295,asm03410012950009001,Page 9,Aviation's One World in the Jet Age,,,,,,,,,,,,,,,,,,,,
asm0341001295,asm03410012950010001,Page 10,Aviation's One World in the Jet Age,,,,,,,,,,,,,,,,,,,,
asm0341001295,asm03410012950011001,Page 11,Aviation's One World in the Jet Age,,,,,,,,,,,,,,,,,,,,
asm0341001295,asm03410012950012001,Page 12,Aviation's One World in the Jet Age,,,,,,,,,,,,,,,,,,,,
asm0341001295,asm03410012950013001,Page 13,Aviation's One World in the Jet Age,,,,,,,,,,,,,,,,,,,,
asm0341001295,asm03410012950014001,Page 14,Aviation's One World in the Jet Age,,,,,,,,,,,,,,,,,,,,
asm0341001295,asm03410012950015001,Page 15,Aviation's One World in the Jet Age,,,,,,,,,,,,,,,,,,,,
asm0341001295,asm03410012950016001,Page 16,Aviation's One World in the Jet Age,,,,,,,,,,,,,,,,,,,,
asm0341001295,asm03410012950017001,Page 17,Aviation's One World in the Jet Age,,,,,,,,,,,,,,,,,,,,
asm0341001295,asm03410012950018001,Page 18,Aviation's One World in the Jet Age,,,,,,,,,,,,,,,,,,,,
asm0341001295,asm03410012950019001,Page 19,Aviation's One World in the Jet Age,,,,,,,,,,,,,,,,,,,,
asm0341001295,asm03410012950020001,Page 20,Aviation's One World in the Jet Age,,,,,,,,,,,,,,,,,,,,
asm0341001295,asm03410012950021001,Page 21,Aviation's One World in the Jet Age,,,,,,,,,,,,,,,,,,,,
asm0341001295,asm03410012950022001,Page 22,Aviation's One World in the Jet Age,,,,,,,,,,,,,,,,,,,,
asm0341001295,asm03410012950023001,Page 23,Aviation's One World in the Jet Age,,,,,,,,,,,,,,,,,,,,
asm0341001295,asm03410012950024001,Page 24,Aviation's One World in the Jet Age,,,,,,,,,,,,,,,,,,,,
asm0341001295,asm03410012950025001,Page 25,Aviation's One World in the Jet Age,,,,,,,,,,,,,,,,,,,,
asm0341001295,asm03410012950026001,Page 26,Aviation's One World in the Jet Age,,,,,,,,,,,,,,,,,,,,
asm0341001295,asm03410012950027001,Page 27,Aviation's One World in the Jet Age,,,,,,,,,,,,,,,,,,,,
asm0341001295,asm03410012950028001,Page 28,Aviation's One World in the Jet Age,,,,,,,,,,,,,,,,,,,,
asm0341001295,asm03410012950029001,Page 29,Aviation's One World in the Jet Age,,,,,,,,,,,,,,,,,,,,
asm0341001295,asm03410012950030001,Page 30,Aviation's One World in the Jet Age,,,,,,,,,,,,,,,,,,,,
asm0341001295,asm03410012950031001,Page 31,Aviation's One World in the Jet Age,,,,,,,,,,,,,,,,,,,,
asm0341001295,asm03410012950032001,Page 32,Aviation's One World in the Jet Age,,,,,,,,,,,,,,,,,,,,
asm0341001295,asm03410012950033001,Page 33,Aviation's One World in the Jet Age,,,,,,,,,,,,,,,,,,,,
asm0341001295,asm03410012950034001,Page 34,Aviation's One World in the Jet Age,,,,,,,,,,,,,,,,,,,,
asm0341001296,,The Civil Jet Age - a look at tomorrow,The Civil Jet Age - a look at tomorrow,,Air Transport Association of America,,,,,Brochures; Promotional materials;,,,1957-1958,1950-1959,United States,eng,University of Miami. Library. Special Collections,"Pan American World Airways, Inc. records",ASM0341,Printed Materials: Brochures and Booklets: Other,Box No. 1 of 2; Box Title: Brochures and Booklets: Other 1 of 2; Folder No. 5; Folder Title: Brochures and Booklets: other (5 of 15),"This material is in the public domain in the United States. The Pan Am brand remains under trademark. For additional information, please visit: https://digitalcollections.library.miami.edu/digital/custom/copyright-guidelines",http://rightsstatements.org/vocab/NoC-US/1.0/
asm0341001296,asm03410012960001001,Page 1,The Civil Jet Age - a look at tomorrow,,,,,,,,,,,,,,,,,,,,
asm0341001296,asm03410012960002001,Page 2,The Civil Jet Age - a look at tomorrow,,,,,,,,,,,,,,,,,,,,
asm0341001296,asm03410012960003001,Page 3,The Civil Jet Age - a look at tomorrow,,,,,,,,,,,,,,,,,,,,
asm0341001296,asm03410012960004001,Page 4,The Civil Jet Age - a look at tomorrow,,,,,,,,,,,,,,,,,,,,
asm0341001296,asm03410012960005001,Page 5,The Civil Jet Age - a look at tomorrow,,,,,,,,,,,,,,,,,,,,
asm0341001296,asm03410012960006001,Page 6,The Civil Jet Age - a look at tomorrow,,,,,,,,,,,,,,,,,,,,
asm0341001296,asm03410012960007001,Page 7,The Civil Jet Age - a look at tomorrow,,,,,,,,,,,,,,,,,,,,
asm0341001296,asm03410012960008001,Page 8,The Civil Jet Age - a look at tomorrow,,,,,,,,,,,,,,,,,,,,
asm0341001296,asm03410012960009001,Page 9,The Civil Jet Age - a look at tomorrow,,,,,,,,,,,,,,,,,,,,
asm0341001296,asm03410012960010001,Page 10,The Civil Jet Age - a look at tomorrow,,,,,,,,,,,,,,,,,,,,
asm0341001296,asm03410012960011001,Page 11,The Civil Jet Age - a look at tomorrow,,,,,,,,,,,,,,,,,,,,
asm0341001296,asm03410012960012001,Page 12,The Civil Jet Age - a look at tomorrow,,,,,,,,,,,,,,,,,,,,
asm0341001296,asm03410012960013001,Page 13,The Civil Jet Age - a look at tomorrow,,,,,,,,,,,,,,,,,,,,
asm0341001296,asm03410012960014001,Page 14,The Civil Jet Age - a look at tomorrow,,,,,,,,,,,,,,,,,,,,
asm0341001296,asm03410012960015001,Page 15,The Civil Jet Age - a look at tomorrow,,,,,,,,,,,,,,,,,,,,
asm0341001296,asm03410012960016001,Page 16,The Civil Jet Age - a look at tomorrow,,,,,,,,,,,,,,,,,,,,
asm0341001296,asm03410012960017001,Page 17,The Civil Jet Age - a look at tomorrow,,,,,,,,,,,,,,,,,,,,
asm0341001296,asm03410012960018001,Page 18,The Civil Jet Age - a look at tomorrow,,,,,,,,,,,,,,,,,,,,
asm0341001296,asm03410012960019001,Page 19,The Civil Jet Age - a look at tomorrow,,,,,,,,,,,,,,,,,,,,
asm0341001296,asm03410012960020001,Page 20,The Civil Jet Age - a look at tomorrow,,,,,,,,,,,,,,,,,,,,
asm0341001296,asm03410012960021001,Page 21,The Civil Jet Age - a look at tomorrow,,,,,,,,,,,,,,,,,,,,
asm0341001296,asm03410012960022001,Page 22,The Civil Jet Age - a look at tomorrow,,,,,,,,,,,,,,,,,,,,
asm0341001296,asm03410012960023001,Page 23,The Civil Jet Age - a look at tomorrow,,,,,,,,,,,,,,,,,,,,
asm0341001296,asm03410012960024001,Page 24,The Civil Jet Age - a look at tomorrow,,,,,,,,,,,,,,,,,,,,
asm0341001297,,Pratt & Whitney Aircraft Turbo Wasp Engines on Pan Am Jet Clippers,Pratt & Whitney Aircraft Turbo Wasp Engines on Pan Am Jet Clippers,,"Pan American World Airways, Inc.",,,,,Brochures; Promotional materials;,,,,,United States,eng,University of Miami. Library. Special Collections,"Pan American World Airways, Inc. records",ASM0341,Printed Materials: Brochures and Booklets: Other,Box No. 1 of 2; Box Title: Brochures and Booklets: Other 1 of 2; Folder No. 5; Folder Title: Brochures and Booklets: other (5 of 15),"The copyright and related rights status of this material is unknown. The Pan Am brand remains under trademark. For additional information, please visit: https://digitalcollections.library.miami.edu/digital/custom/copyright-guidelines",http://rightsstatements.org/vocab/UND/1.0/
asm0341001297,asm03410012970001001,Page 1,Pratt & Whitney Aircraft Turbo Wasp Engines on Pan Am Jet Clippers,,,,,,,,,,,,,,,,,,,,
asm0341001297,asm03410012970002001,Page 2,Pratt & Whitney Aircraft Turbo Wasp Engines on Pan Am Jet Clippers,,,,,,,,,,,,,,,,,,,,
asm0341001297,asm03410012970003001,Page 3,Pratt & Whitney Aircraft Turbo Wasp Engines on Pan Am Jet Clippers,,,,,,,,,,,,,,,,,,,,
asm0341001297,asm03410012970004001,Page 4,Pratt & Whitney Aircraft Turbo Wasp Engines on Pan Am Jet Clippers,,,,,,,,,,,,,,,,,,,,
asm0341001297,asm03410012970005001,Page 5,Pratt & Whitney Aircraft Turbo Wasp Engines on Pan Am Jet Clippers,,,,,,,,,,,,,,,,,,,,
asm0341001297,asm03410012970006001,Page 6,Pratt & Whitney Aircraft Turbo Wasp Engines on Pan Am Jet Clippers,,,,,,,,,,,,,,,,,,,,
asm0341001297,asm03410012970007001,Page 7,Pratt & Whitney Aircraft Turbo Wasp Engines on Pan Am Jet Clippers,,,,,,,,,,,,,,,,,,,,
asm0341001297,asm03410012970008001,Page 8,Pratt & Whitney Aircraft Turbo Wasp Engines on Pan Am Jet Clippers,,,,,,,,,,,,,,,,,,,,
asm0341001297,asm03410012970009001,Page 9,Pratt & Whitney Aircraft Turbo Wasp Engines on Pan Am Jet Clippers,,,,,,,,,,,,,,,,,,,,
asm0341001297,asm03410012970010001,Page 10,Pratt & Whitney Aircraft Turbo Wasp Engines on Pan Am Jet Clippers,,,,,,,,,,,,,,,,,,,,
asm0341001297,asm03410012970011001,Page 11,Pratt & Whitney Aircraft Turbo Wasp Engines on Pan Am Jet Clippers,,,,,,,,,,,,,,,,,,,,
asm0341001297,asm03410012970012001,Page 12,Pratt & Whitney Aircraft Turbo Wasp Engines on Pan Am Jet Clippers,,,,,,,,,,,,,,,,,,,,
asm0341001298,,The Jet Age,The Jet Age,,"Pan American World Airways, Inc.",,,,,Brochures; Promotional materials;,,,1958,1950-1959,New York (N.Y.),eng,University of Miami. Library. Special Collections,"Pan American World Airways, Inc. records",ASM0341,Printed Materials: Brochures and Booklets: Other,Box No. 1 of 2; Box Title: Brochures and Booklets: Other 1 of 2; Folder No. 5; Folder Title: Brochures and Booklets: other (5 of 15),"This material is in the public domain in the United States. The Pan Am brand remains under trademark. For additional information, please visit: https://digitalcollections.library.miami.edu/digital/custom/copyright-guidelines",http://rightsstatements.org/vocab/NoC-US/1.0/
asm0341001298,asm03410012980001001,Page 1,The Jet Age,,,,,,,,,,,,,,,,,,,,
asm0341001298,asm03410012980002001,Page 2,The Jet Age,,,,,,,,,,,,,,,,,,,,
asm0341001298,asm03410012980003001,Page 3,The Jet Age,,,,,,,,,,,,,,,,,,,,
asm0341001298,asm03410012980004001,Page 4,The Jet Age,,,,,,,,,,,,,,,,,,,,
asm0341001298,asm03410012980005001,Page 5,The Jet Age,,,,,,,,,,,,,,,,,,,,
asm0341001298,asm03410012980006001,Page 6,The Jet Age,,,,,,,,,,,,,,,,,,,,
asm0341001298,asm03410012980007001,Page 7,The Jet Age,,,,,,,,,,,,,,,,,,,,
asm0341001298,asm03410012980008001,Page 8,The Jet Age,,,,,,,,,,,,,,,,,,,,
asm0341001298,asm03410012980009001,Page 9,The Jet Age,,,,,,,,,,,,,,,,,,,,
asm0341001298,asm03410012980010001,Page 10,The Jet Age,,,,,,,,,,,,,,,,,,,,
asm0341001298,asm03410012980011001,Page 11,The Jet Age,,,,,,,,,,,,,,,,,,,,
asm0341001298,asm03410012980012001,Page 12,The Jet Age,,,,,,,,,,,,,,,,,,,,
asm0341001299,,The Jet Clippers,The Jet Clippers,,"Pan American World Airways, Inc.",,,,,Brochures; Promotional materials;,,,195?,1950-1959,,eng,University of Miami. Library. Special Collections,"Pan American World Airways, Inc. records",ASM0341,Printed Materials: Brochures and Booklets: Other,Box No. 1 of 2; Box Title: Brochures and Booklets: Other 1 of 2; Folder No. 5; Folder Title: Brochures and Booklets: other (5 of 15),"This material is in the public domain in the United States. The Pan Am brand remains under trademark. For additional information, please visit: https://digitalcollections.library.miami.edu/digital/custom/copyright-guidelines",http://rightsstatements.org/vocab/NoC-US/1.0/
asm0341001299,asm03410012990001001,Page 1,The Jet Clippers,,,,,,,,,,,,,,,,,,,,
asm0341001299,asm03410012990002001,Page 2,The Jet Clippers,,,,,,,,,,,,,,,,,,,,
asm0341001300,,Pan Am's Turbofan Jet Clippers : Newest wonder of the Jet Age,Pan Am's Turbofan Jet Clippers : Newest wonder of the Jet Age,,"Pan American World Airways, Inc.",,,,,Brochures; Promotional materials;,,,,,,eng,University of Miami. Library. Special Collections,"Pan American World Airways, Inc. records",ASM0341,Printed Materials: Brochures and Booklets: Other,Box No. 1 of 2; Box Title: Brochures and Booklets: Other 1 of 2; Folder No. 5; Folder Title: Brochures and Booklets: other (5 of 15),"The copyright and related rights status of this material is unknown. The Pan Am brand remains under trademark. For additional information, please visit: https://digitalcollections.library.miami.edu/digital/custom/copyright-guidelines",http://rightsstatements.org/vocab/UND/1.0/
asm0341001300,asm03410013000001001,Page 1,Pan Am's Turbofan Jet Clippers : Newest wonder of the Jet Age,,,,,,,,,,,,,,,,,,,,
asm0341001300,asm03410013000002001,Page 2,Pan Am's Turbofan Jet Clippers : Newest wonder of the Jet Age,,,,,,,,,,,,,,,,,,,,
asm0341001300,asm03410013000003001,Page 3,Pan Am's Turbofan Jet Clippers : Newest wonder of the Jet Age,,,,,,,,,,,,,,,,,,,,
asm0341001300,asm03410013000004001,Page 4,Pan Am's Turbofan Jet Clippers : Newest wonder of the Jet Age,,,,,,,,,,,,,,,,,,,,
asm0341001300,asm03410013000005001,Page 5,Pan Am's Turbofan Jet Clippers : Newest wonder of the Jet Age,,,,,,,,,,,,,,,,,,,,
asm0341001300,asm03410013000006001,Page 6,Pan Am's Turbofan Jet Clippers : Newest wonder of the Jet Age,,,,,,,,,,,,,,,,,,,,
asm0341001300,asm03410013000007001,Page 7,Pan Am's Turbofan Jet Clippers : Newest wonder of the Jet Age,,,,,,,,,,,,,,,,,,,,
asm0341001301,,Coming on Pan Am... the age of Supersonic Clipper Travel,Coming on Pan Am... the age of Supersonic Clipper Travel,,"Pan American World Airways, Inc.",,,,,Brochures; Promotional materials;,,1964,,1960-1969,,eng,University of Miami. Library. Special Collections,"Pan American World Airways, Inc. records",ASM0341,Printed Materials: Brochures and Booklets: Other,Box No. 1 of 2; Box Title: Brochures and Booklets: Other 1 of 2; Folder No. 5; Folder Title: Brochures and Booklets: other (5 of 15),"This material is protected by copyright. Use for education purposes is permitted. Copyright was originally held by Pan American World Airways, Inc., but was transferred to the University of Miami. The Pan Am brand remains under trademark. For additional information, please visit: https://digitalcollections.library.miami.edu/digital/custom/copyright-guidelines",http://rightsstatements.org/vocab/InC-EDU/1.0/
asm0341001301,asm03410013010001001,Page 1,Coming on Pan Am... the age of Supersonic Clipper Travel,,,,,,,,,,,,,,,,,,,,
asm0341001301,asm03410013010002001,Page 2,Coming on Pan Am... the age of Supersonic Clipper Travel,,,,,,,,,,,,,,,,,,,,
asm0341001302,,"You, too, can be a world traveler by Jet Clipper","You, too, can be a world traveler by Jet Clipper",,"Pan American World Airways, Inc.",,,,,Brochures; Promotional materials;,,,,,,eng,University of Miami. Library. Special Collections,"Pan American World Airways, Inc. records",ASM0341,Printed Materials: Brochures and Booklets: Other,Box No. 1 of 2; Box Title: Brochures and Booklets: Other 1 of 2; Folder No. 5; Folder Title: Brochures and Booklets: other (5 of 15),"The copyright and related rights status of this material is unknown. The Pan Am brand remains under trademark. For additional information, please visit: https://digitalcollections.library.miami.edu/digital/custom/copyright-guidelines",http://rightsstatements.org/vocab/UND/1.0/
asm0341001302,asm03410013020001001,Page 1,"You, too, can be a world traveler by Jet Clipper",,,,,,,,,,,,,,,,,,,,
asm0341001302,asm03410013020002001,Page 2,"You, too, can be a world traveler by Jet Clipper",,,,,,,,,,,,,,,,,,,,
asm0341001303,,More than 30 years of growing - to serve you better in the Jet Age,More than 30 years of growing - to serve you better in the Jet Age,,"Pan American World Airways, Inc.",,,,,Brochures; Promotional materials;,,1958,,1950-1959,,eng,University of Miami. Library. Special Collections,"Pan American World Airways, Inc. records",ASM0341,Printed Materials: Brochures and Booklets: Other,Box No. 1 of 2; Box Title: Brochures and Booklets: Other 1 of 2; Folder No. 5; Folder Title: Brochures and Booklets: other (5 of 15),"This material is in the public domain in the United States. The Pan Am brand remains under trademark. For additional information, please visit: https://digitalcollections.library.miami.edu/digital/custom/copyright-guidelines",http://rightsstatements.org/vocab/NoC-US/1.0/
asm0341001303,asm03410013030001001,Page 1,More than 30 years of growing - to serve you better in the Jet Age,,,,,,,,,,,,,,,,,,,,
asm0341001303,asm03410013030002001,Page 2,More than 30 years of growing - to serve you better in the Jet Age,,,,,,,,,,,,,,,,,,,,
asm0341001303,asm03410013030003001,Page 3,More than 30 years of growing - to serve you better in the Jet Age,,,,,,,,,,,,,,,,,,,,
asm0341001303,asm03410013030004001,Page 4,More than 30 years of growing - to serve you better in the Jet Age,,,,,,,,,,,,,,,,,,,,
asm0341001303,asm03410013030005001,Page 5,More than 30 years of growing - to serve you better in the Jet Age,,,,,,,,,,,,,,,,,,,,
asm0341001303,asm03410013030006001,Page 6,More than 30 years of growing - to serve you better in the Jet Age,,,,,,,,,,,,,,,,,,,,
asm0341001303,asm03410013030007001,Page 7,More than 30 years of growing - to serve you better in the Jet Age,,,,,,,,,,,,,,,,,,,,
asm0341001303,asm03410013030008001,Page 8,More than 30 years of growing - to serve you better in the Jet Age,,,,,,,,,,,,,,,,,,,,
asm0341001303,asm03410013030009001,Page 9,More than 30 years of growing - to serve you better in the Jet Age,,,,,,,,,,,,,,,,,,,,
asm0341001303,asm03410013030010001,Page 10,More than 30 years of growing - to serve you better in the Jet Age,,,,,,,,,,,,,,,,,,,,
asm0341001303,asm03410013030011001,Page 11,More than 30 years of growing - to serve you better in the Jet Age,,,,,,,,,,,,,,,,,,,,
asm0341001303,asm03410013030012001,Page 12,More than 30 years of growing - to serve you better in the Jet Age,,,,,,,,,,,,,,,,,,,,
asm0341001303,asm03410013030013001,Page 13,More than 30 years of growing - to serve you better in the Jet Age,,,,,,,,,,,,,,,,,,,,
asm0341001303,asm03410013030014001,Page 14,More than 30 years of growing - to serve you better in the Jet Age,,,,,,,,,,,,,,,,,,,,
asm0341001303,asm03410013030015001,Page 15,More than 30 years of growing - to serve you better in the Jet Age,,,,,,,,,,,,,,,,,,,,
asm0341001303,asm03410013030016001,Page 16,More than 30 years of growing - to serve you better in the Jet Age,,,,,,,,,,,,,,,,,,,,
asm0341001303,asm03410013030017001,Page 17,More than 30 years of growing - to serve you better in the Jet Age,,,,,,,,,,,,,,,,,,,,
asm0341001303,asm03410013030018001,Page 18,More than 30 years of growing - to serve you better in the Jet Age,,,,,,,,,,,,,,,,,,,,
asm0341001303,asm03410013030019001,Page 19,More than 30 years of growing - to serve you better in the Jet Age,,,,,,,,,,,,,,,,,,,,
asm0341001303,asm03410013030020001,Page 20,More than 30 years of growing - to serve you better in the Jet Age,,,,,,,,,,,,,,,,,,,,
asm0341001303,asm03410013030021001,Page 21,More than 30 years of growing - to serve you better in the Jet Age,,,,,,,,,,,,,,,,,,,,
asm0341001303,asm03410013030022001,Page 22,More than 30 years of growing - to serve you better in the Jet Age,,,,,,,,,,,,,,,,,,,,
asm0341001303,asm03410013030023001,Page 23,More than 30 years of growing - to serve you better in the Jet Age,,,,,,,,,,,,,,,,,,,,
asm0341001303,asm03410013030024001,Page 24,More than 30 years of growing - to serve you better in the Jet Age,,,,,,,,,,,,,,,,,,,,
asm0341001303,asm03410013030025001,Page 25,More than 30 years of growing - to serve you better in the Jet Age,,,,,,,,,,,,,,,,,,,,
asm0341001304,,"On May 1, 1976 you can be making history.","On May 1, 1976 you can be making history.",,"Pan American World Airways, Inc.",,,,,Brochures; Promotional materials;,,,1976,1970-1979,New York (N.Y.);,eng,University of Miami. Library. Special Collections,"Pan American World Airways, Inc. records",ASM0341,Printed Materials: Brochures and Booklets: Other,Box No. 1 of 2; Box Title: Brochures and Booklets: Other 1 of 2; Folder No. 5; Folder Title: Brochures and Booklets: other (5 of 15),"This material is in the public domain in the United States. The Pan Am brand remains under trademark. For additional information, please visit: https://digitalcollections.library.miami.edu/digital/custom/copyright-guidelines",http://rightsstatements.org/vocab/NoC-US/1.0/
asm0341001304,asm03410013040001001,Page 1,"On May 1, 1976 you can be making history.",,,,,,,,,,,,,,,,,,,,
asm0341001304,asm03410013040002001,Page 2,"On May 1, 1976 you can be making history.",,,,,,,,,,,,,,,,,,,,
asm0341001305,,Jet facts,Jet facts,,"Pan American World Airways, Inc.",,,,,Brochures; Promotional materials;,,1957,,1950-1959,,eng,University of Miami. Library. Special Collections,"Pan American World Airways, Inc. records",ASM0341,Printed Materials: Brochures and Booklets: Other,Box No. 1 of 2; Box Title: Brochures and Booklets: Other 1 of 2; Folder No. 5; Folder Title: Brochures and Booklets: other (5 of 15),"This material is in the public domain in the United States. The Pan Am brand remains under trademark. For additional information, please visit: https://digitalcollections.library.miami.edu/digital/custom/copyright-guidelines",http://rightsstatements.org/vocab/NoC-US/1.0/
asm0341001305,asm03410013050001001,Page 1,Jet facts,,,,,,,,,,,,,,,,,,,,
asm0341001305,asm03410013050002001,Page 2,Jet facts,,,,,,,,,,,,,,,,,,,,
asm0341001305,asm03410013050003001,Page 3,Jet facts,,,,,,,,,,,,,,,,,,,,
asm0341001306,,At your Service... aboard the Pan American 707 Jet Clipper,At your Service... aboard the Pan American 707 Jet Clipper,,"Pan American World Airways, Inc.",,,,,Brochures; Promotional materials;,,,,,,eng,University of Miami. Library. Special Collections,"Pan American World Airways, Inc. records",ASM0341,Printed Materials: Brochures and Booklets: Other,Box No. 1 of 2; Box Title: Brochures and Booklets: Other 1 of 2; Folder No. 5; Folder Title: Brochures and Booklets: other (5 of 15),"The copyright and related rights status of this material is unknown. The Pan Am brand remains under trademark. For additional information, please visit: https://digitalcollections.library.miami.edu/digital/custom/copyright-guidelines",http://rightsstatements.org/vocab/UND/1.0/
asm0341001306,asm03410013060001001,Page 1,At your Service... aboard the Pan American 707 Jet Clipper,,,,,,,,,,,,,,,,,,,,
asm0341001306,asm03410013060002001,Page 2,At your Service... aboard the Pan American 707 Jet Clipper,,,,,,,,,,,,,,,,,,,,
asm0341001306,asm03410013060003001,Page 3,At your Service... aboard the Pan American 707 Jet Clipper,,,,,,,,,,,,,,,,,,,,
asm0341001306,asm03410013060004001,Page 4,At your Service... aboard the Pan American 707 Jet Clipper,,,,,,,,,,,,,,,,,,,,
asm0341001306,asm03410013060005001,Page 5,At your Service... aboard the Pan American 707 Jet Clipper,,,,,,,,,,,,,,,,,,,,
asm0341001307,,At your Service... aboard the Pan American 707 Jet Clipper [proof],At your Service... aboard the Pan American 707 Jet Clipper [proof],,"Pan American World Airways, Inc.",,,,,Brochures; Promotional materials; Proofs (prints by function),,,,,,eng,University of Miami. Library. Special Collections,"Pan American World Airways, Inc. records",ASM0341,Printed Materials: Brochures and Booklets: Other,Box No. 1 of 2; Box Title: Brochures and Booklets: Other 1 of 2; Folder No. 5; Folder Title: Brochures and Booklets: other (5 of 15),"The copyright and related rights status of this material is unknown. The Pan Am brand remains under trademark. For additional information, please visit: https://digitalcollections.library.miami.edu/digital/custom/copyright-guidelines",http://rightsstatements.org/vocab/UND/1.0/
asm0341001307,asm03410013070001001,Page 1,At your Service... aboard the Pan American 707 Jet Clipper [proof],,,,,,,,,,,,,,,,,,,,
asm0341001307,asm03410013070002001,Page 2,At your Service... aboard the Pan American 707 Jet Clipper [proof],,,,,,,,,,,,,,,,,,,,
asm0341001307,asm03410013070003001,Page 3,At your Service... aboard the Pan American 707 Jet Clipper [proof],,,,,,,,,,,,,,,,,,,,
asm0341001308,asm03410013080001001,"Now Pan Am adds the DC-8 to the world's largest, fastest over-ocean jet fleet!",At your Service... aboard the Pan American 707 Jet Clipper [proof],,"Pan American World Airways, Inc.",,,,,Brochures; Promotional materials;,,,,,,eng,University of Miami. Library. Special Collections,"Pan American World Airways, Inc. records",ASM0341,Printed Materials: Brochures and Booklets: Other,Box No. 1 of 2; Box Title: Brochures and Booklets: Other 1 of 2; Folder No. 5; Folder Title: Brochures and Booklets: other (5 of 15),"The copyright and related rights status of this material is unknown. The Pan Am brand remains under trademark. For additional information, please visit: https://digitalcollections.library.miami.edu/digital/custom/copyright-guidelines",http://rightsstatements.org/vocab/UND/1.0/
asm0341001309,,Un pilote parle - Du nouveau Clipper a reaction 707 de la Pan American,Un pilote parle - Du nouveau Clipper a reaction 707 de la Pan American,,"Pan American World Airways, Inc.",,,,,Brochures; Promotional materials;,,,,,,fre,University of Miami. Library. Special Collections,"Pan American World Airways, Inc. records",ASM0341,Printed Materials: Brochures and Booklets: Other,Box No. 1 of 2; Box Title: Brochures and Booklets: Other 1 of 2; Folder No. 5; Folder Title: Brochures and Booklets: other (5 of 15),"The copyright and related rights status of this material is unknown. The Pan Am brand remains under trademark. For additional information, please visit: https://digitalcollections.library.miami.edu/digital/custom/copyright-guidelines",http://rightsstatements.org/vocab/UND/1.0/
asm0341001309,asm03410013090001001,Page 1,Un pilote parle - Du nouveau Clipper a reaction 707 de la Pan American,,,,,,,,,,,,,,,,,,,,
asm0341001309,asm03410013090002001,Page 2,Un pilote parle - Du nouveau Clipper a reaction 707 de la Pan American,,,,,,,,,,,,,,,,,,,,
asm0341001310,,Pan Am 747SP,Pan Am 747SP,,"Pan American World Airways, Inc.",,,,,Brochures; Promotional materials;,,,,,,eng,University of Miami. Library. Special Collections,"Pan American World Airways, Inc. records",ASM0341,Printed Materials: Brochures and Booklets: Other,Box No. 1 of 2; Box Title: Brochures and Booklets: Other 1 of 2; Folder No. 5; Folder Title: Brochures and Booklets: other (5 of 15),"The copyright and related rights status of this material is unknown. The Pan Am brand remains under trademark. For additional information, please visit: https://digitalcollections.library.miami.edu/digital/custom/copyright-guidelines",http://rightsstatements.org/vocab/UND/1.0/
asm0341001310,asm03410013100001001,Page 1,Pan Am 747SP,,,,,,,,,,,,,,,,,,,,
asm0341001310,asm03410013100002001,Page 2,Pan Am 747SP,,,,,,,,,,,,,,,,,,,,
asm0341001310,asm03410013100003001,Page 3,Pan Am 747SP,,,,,,,,,,,,,,,,,,,,
asm0341001311,,Pan Am 727,Pan Am 727,,"Pan American World Airways, Inc.",,,,,Brochures; Promotional materials;,,,,,,eng,University of Miami. Library. Special Collections,"Pan American World Airways, Inc. records",ASM0341,Printed Materials: Brochures and Booklets: Other,Box No. 1 of 2; Box Title: Brochures and Booklets: Other 1 of 2; Folder No. 5; Folder Title: Brochures and Booklets: other (5 of 15),"The copyright and related rights status of this material is unknown. The Pan Am brand remains under trademark. For additional information, please visit: https://digitalcollections.library.miami.edu/digital/custom/copyright-guidelines",http://rightsstatements.org/vocab/UND/1.0/
asm0341001311,asm03410013110001001,Page 1,Pan Am 727,,,,,,,,,,,,,,,,,,,,
asm0341001311,asm03410013110002001,Page 2,Pan Am 727,,,,,,,,,,,,,,,,,,,,
asm0341001311,asm03410013110003001,Page 3,Pan Am 727,,,,,,,,,,,,,,,,,,,,
asm0341001312,,New horizons : How to get the most of your trip abroad,New horizons : How to get the most of your trip abroad,,"Pan American World Airways, Inc.",,,,,Brochures; Promotional materials;,,1951,,1950-1959,,eng,University of Miami. Library. Special Collections,"Pan American World Airways, Inc. records",ASM0341,Printed Materials: Brochures and Booklets: Other,Box No. 1 of 2; Box Title: Brochures and Booklets: Other 1 of 2; Folder No. 6; Folder Title: Brochures and Booklets: other (6 of 15),"This material is in the public domain in the United States. The Pan Am brand remains under trademark. For additional information, please visit: https://digitalcollections.library.miami.edu/digital/custom/copyright-guidelines",http://rightsstatements.org/vocab/NoC-US/1.0/
asm0341001312,asm03410013120001001,Page 1,New horizons : How to get the most of your trip abroad,,,,,,,,,,,,,,,,,,,,
asm0341001312,asm03410013120002001,Page 2,New horizons : How to get the most of your trip abroad,,,,,,,,,,,,,,,,,,,,
asm0341001312,asm03410013120003001,Page 3,New horizons : How to get the most of your trip abroad,,,,,,,,,,,,,,,,,,,,
asm0341001312,asm03410013120004001,Page 4,New horizons : How to get the most of your trip abroad,,,,,,,,,,,,,,,,,,,,
asm0341001312,asm03410013120005001,Page 5,New horizons : How to get the most of your trip abroad,,,,,,,,,,,,,,,,,,,,
asm0341001312,asm03410013120006001,Page 6,New horizons : How to get the most of your trip abroad,,,,,,,,,,,,,,,,,,,,
asm0341001312,asm03410013120007001,Page 7,New horizons : How to get the most of your trip abroad,,,,,,,,,,,,,,,,,,,,
asm0341001312,asm03410013120008001,Page 8,New horizons : How to get the most of your trip abroad,,,,,,,,,,,,,,,,,,,,
asm0341001312,asm03410013120009001,Page 9,New horizons : How to get the most of your trip abroad,,,,,,,,,,,,,,,,,,,,
asm0341001312,asm03410013120010001,Page 10,New horizons : How to get the most of your trip abroad,,,,,,,,,,,,,,,,,,,,
asm0341001312,asm03410013120011001,Page 11,New horizons : How to get the most of your trip abroad,,,,,,,,,,,,,,,,,,,,
asm0341001312,asm03410013120012001,Page 12,New horizons : How to get the most of your trip abroad,,,,,,,,,,,,,,,,,,,,
asm0341001312,asm03410013120013001,Page 13,New horizons : How to get the most of your trip abroad,,,,,,,,,,,,,,,,,,,,
asm0341001312,asm03410013120014001,Page 14,New horizons : How to get the most of your trip abroad,,,,,,,,,,,,,,,,,,,,
asm0341001312,asm03410013120015001,Page 15,New horizons : How to get the most of your trip abroad,,,,,,,,,,,,,,,,,,,,
asm0341001312,asm03410013120016001,Page 16,New horizons : How to get the most of your trip abroad,,,,,,,,,,,,,,,,,,,,
asm0341001312,asm03410013120017001,Page 17,New horizons : How to get the most of your trip abroad,,,,,,,,,,,,,,,,,,,,
asm0341001312,asm03410013120018001,Page 18,New horizons : How to get the most of your trip abroad,,,,,,,,,,,,,,,,,,,,
asm0341001312,asm03410013120019001,Page 19,New horizons : How to get the most of your trip abroad,,,,,,,,,,,,,,,,,,,,
asm0341001312,asm03410013120020001,Page 20,New horizons : How to get the most of your trip abroad,,,,,,,,,,,,,,,,,,,,
asm0341001312,asm03410013120021001,Page 21,New horizons : How to get the most of your trip abroad,,,,,,,,,,,,,,,,,,,,
asm0341001312,asm03410013120022001,Page 22,New horizons : How to get the most of your trip abroad,,,,,,,,,,,,,,,,,,,,
asm0341001312,asm03410013120023001,Page 23,New horizons : How to get the most of your trip abroad,,,,,,,,,,,,,,,,,,,,
asm0341001312,asm03410013120024001,Page 24,New horizons : How to get the most of your trip abroad,,,,,,,,,,,,,,,,,,,,
asm0341001312,asm03410013120025001,Page 25,New horizons : How to get the most of your trip abroad,,,,,,,,,,,,,,,,,,,,
asm0341001312,asm03410013120026001,Page 26,New horizons : How to get the most of your trip abroad,,,,,,,,,,,,,,,,,,,,
asm0341001312,asm03410013120027001,Page 27,New horizons : How to get the most of your trip abroad,,,,,,,,,,,,,,,,,,,,
asm0341001312,asm03410013120028001,Page 28,New horizons : How to get the most of your trip abroad,,,,,,,,,,,,,,,,,,,,
asm0341001312,asm03410013120029001,Page 29,New horizons : How to get the most of your trip abroad,,,,,,,,,,,,,,,,,,,,
asm0341001312,asm03410013120030001,Page 30,New horizons : How to get the most of your trip abroad,,,,,,,,,,,,,,,,,,,,
asm0341001312,asm03410013120031001,Page 31,New horizons : How to get the most of your trip abroad,,,,,,,,,,,,,,,,,,,,
asm0341001312,asm03410013120032001,Page 32,New horizons : How to get the most of your trip abroad,,,,,,,,,,,,,,,,,,,,
asm0341001312,asm03410013120033001,Page 33,New horizons : How to get the most of your trip abroad,,,,,,,,,,,,,,,,,,,,
asm0341001312,asm03410013120034001,Page 34,New horizons : How to get the most of your trip abroad,,,,,,,,,,,,,,,,,,,,
asm0341001312,asm03410013120035001,Page 35,New horizons : How to get the most of your trip abroad,,,,,,,,,,,,,,,,,,,,
asm0341001312,asm03410013120036001,Page 36,New horizons : How to get the most of your trip abroad,,,,,,,,,,,,,,,,,,,,
asm0341001312,asm03410013120037001,Page 37,New horizons : How to get the most of your trip abroad,,,,,,,,,,,,,,,,,,,,
asm0341001312,asm03410013120038001,Page 38,New horizons : How to get the most of your trip abroad,,,,,,,,,,,,,,,,,,,,
asm0341001312,asm03410013120039001,Page 39,New horizons : How to get the most of your trip abroad,,,,,,,,,,,,,,,,,,,,
asm0341001312,asm03410013120040001,Page 40,New horizons : How to get the most of your trip abroad,,,,,,,,,,,,,,,,,,,,
asm0341001312,asm03410013120041001,Page 41,New horizons : How to get the most of your trip abroad,,,,,,,,,,,,,,,,,,,,
asm0341001312,asm03410013120042001,Page 42,New horizons : How to get the most of your trip abroad,,,,,,,,,,,,,,,,,,,,
asm0341001312,asm03410013120043001,Page 43,New horizons : How to get the most of your trip abroad,,,,,,,,,,,,,,,,,,,,
asm0341001312,asm03410013120044001,Page 44,New horizons : How to get the most of your trip abroad,,,,,,,,,,,,,,,,,,,,
asm0341001312,asm03410013120045001,Page 45,New horizons : How to get the most of your trip abroad,,,,,,,,,,,,,,,,,,,,
asm0341001312,asm03410013120046001,Page 46,New horizons : How to get the most of your trip abroad,,,,,,,,,,,,,,,,,,,,
asm0341001312,asm03410013120047001,Page 47,New horizons : How to get the most of your trip abroad,,,,,,,,,,,,,,,,,,,,
asm0341001312,asm03410013120048001,Page 48,New horizons : How to get the most of your trip abroad,,,,,,,,,,,,,,,,,,,,
asm0341001312,asm03410013120049001,Page 49,New horizons : How to get the most of your trip abroad,,,,,,,,,,,,,,,,,,,,
asm0341001312,asm03410013120050001,Page 50,New horizons : How to get the most of your trip abroad,,,,,,,,,,,,,,,,,,,,
asm0341001312,asm03410013120051001,Page 51,New horizons : How to get the most of your trip abroad,,,,,,,,,,,,,,,,,,,,
asm0341001312,asm03410013120052001,Page 52,New horizons : How to get the most of your trip abroad,,,,,,,,,,,,,,,,,,,,
asm0341001312,asm03410013120053001,Page 53,New horizons : How to get the most of your trip abroad,,,,,,,,,,,,,,,,,,,,
asm0341001312,asm03410013120054001,Page 54,New horizons : How to get the most of your trip abroad,,,,,,,,,,,,,,,,,,,,
asm0341001312,asm03410013120055001,Page 55,New horizons : How to get the most of your trip abroad,,,,,,,,,,,,,,,,,,,,
asm0341001312,asm03410013120056001,Page 56,New horizons : How to get the most of your trip abroad,,,,,,,,,,,,,,,,,,,,
asm0341001312,asm03410013120057001,Page 57,New horizons : How to get the most of your trip abroad,,,,,,,,,,,,,,,,,,,,
asm0341001312,asm03410013120058001,Page 58,New horizons : How to get the most of your trip abroad,,,,,,,,,,,,,,,,,,,,
asm0341001312,asm03410013120059001,Page 59,New horizons : How to get the most of your trip abroad,,,,,,,,,,,,,,,,,,,,
asm0341001312,asm03410013120060001,Page 60,New horizons : How to get the most of your trip abroad,,,,,,,,,,,,,,,,,,,,
asm0341001312,asm03410013120061001,Page 61,New horizons : How to get the most of your trip abroad,,,,,,,,,,,,,,,,,,,,
asm0341001312,asm03410013120062001,Page 62,New horizons : How to get the most of your trip abroad,,,,,,,,,,,,,,,,,,,,
asm0341001312,asm03410013120063001,Page 63,New horizons : How to get the most of your trip abroad,,,,,,,,,,,,,,,,,,,,
asm0341001312,asm03410013120064001,Page 64,New horizons : How to get the most of your trip abroad,,,,,,,,,,,,,,,,,,,,
asm0341001312,asm03410013120065001,Page 65,New horizons : How to get the most of your trip abroad,,,,,,,,,,,,,,,,,,,,
asm0341001312,asm03410013120066001,Page 66,New horizons : How to get the most of your trip abroad,,,,,,,,,,,,,,,,,,,,
asm0341001312,asm03410013120067001,Page 67,New horizons : How to get the most of your trip abroad,,,,,,,,,,,,,,,,,,,,
asm0341001312,asm03410013120068001,Page 68,New horizons : How to get the most of your trip abroad,,,,,,,,,,,,,,,,,,,,
asm0341001312,asm03410013120069001,Page 69,New horizons : How to get the most of your trip abroad,,,,,,,,,,,,,,,,,,,,
asm0341001312,asm03410013120070001,Page 70,New horizons : How to get the most of your trip abroad,,,,,,,,,,,,,,,,,,,,
asm0341001312,asm03410013120071001,Page 71,New horizons : How to get the most of your trip abroad,,,,,,,,,,,,,,,,,,,,
asm0341001312,asm03410013120072001,Page 72,New horizons : How to get the most of your trip abroad,,,,,,,,,,,,,,,,,,,,
asm0341001312,asm03410013120073001,Page 73,New horizons : How to get the most of your trip abroad,,,,,,,,,,,,,,,,,,,,
asm0341001312,asm03410013120074001,Page 74,New horizons : How to get the most of your trip abroad,,,,,,,,,,,,,,,,,,,,
asm0341001312,asm03410013120075001,Page 75,New horizons : How to get the most of your trip abroad,,,,,,,,,,,,,,,,,,,,
asm0341001312,asm03410013120076001,Page 76,New horizons : How to get the most of your trip abroad,,,,,,,,,,,,,,,,,,,,
asm0341001312,asm03410013120077001,Page 77,New horizons : How to get the most of your trip abroad,,,,,,,,,,,,,,,,,,,,
asm0341001312,asm03410013120078001,Page 78,New horizons : How to get the most of your trip abroad,,,,,,,,,,,,,,,,,,,,
asm0341001312,asm03410013120079001,Page 79,New horizons : How to get the most of your trip abroad,,,,,,,,,,,,,,,,,,,,
asm0341001312,asm03410013120080001,Page 80,New horizons : How to get the most of your trip abroad,,,,,,,,,,,,,,,,,,,,
asm0341001312,asm03410013120081001,Page 81,New horizons : How to get the most of your trip abroad,,,,,,,,,,,,,,,,,,,,
asm0341001312,asm03410013120082001,Page 82,New horizons : How to get the most of your trip abroad,,,,,,,,,,,,,,,,,,,,
asm0341001312,asm03410013120083001,Page 83,New horizons : How to get the most of your trip abroad,,,,,,,,,,,,,,,,,,,,
asm0341001312,asm03410013120084001,Page 84,New horizons : How to get the most of your trip abroad,,,,,,,,,,,,,,,,,,,,
asm0341001312,asm03410013120085001,Page 85,New horizons : How to get the most of your trip abroad,,,,,,,,,,,,,,,,,,,,
asm0341001312,asm03410013120086001,Page 86,New horizons : How to get the most of your trip abroad,,,,,,,,,,,,,,,,,,,,
asm0341001312,asm03410013120087001,Page 87,New horizons : How to get the most of your trip abroad,,,,,,,,,,,,,,,,,,,,
asm0341001312,asm03410013120088001,Page 88,New horizons : How to get the most of your trip abroad,,,,,,,,,,,,,,,,,,,,
asm0341001312,asm03410013120089001,Page 89,New horizons : How to get the most of your trip abroad,,,,,,,,,,,,,,,,,,,,
asm0341001312,asm03410013120090001,Page 90,New horizons : How to get the most of your trip abroad,,,,,,,,,,,,,,,,,,,,
asm0341001312,asm03410013120091001,Page 91,New horizons : How to get the most of your trip abroad,,,,,,,,,,,,,,,,,,,,
asm0341001312,asm03410013120092001,Page 92,New horizons : How to get the most of your trip abroad,,,,,,,,,,,,,,,,,,,,
asm0341001312,asm03410013120093001,Page 93,New horizons : How to get the most of your trip abroad,,,,,,,,,,,,,,,,,,,,
asm0341001312,asm03410013120094001,Page 94,New horizons : How to get the most of your trip abroad,,,,,,,,,,,,,,,,,,,,
asm0341001312,asm03410013120095001,Page 95,New horizons : How to get the most of your trip abroad,,,,,,,,,,,,,,,,,,,,
asm0341001312,asm03410013120096001,Page 96,New horizons : How to get the most of your trip abroad,,,,,,,,,,,,,,,,,,,,
asm0341001312,asm03410013120097001,Page 97,New horizons : How to get the most of your trip abroad,,,,,,,,,,,,,,,,,,,,
asm0341001312,asm03410013120098001,Page 98,New horizons : How to get the most of your trip abroad,,,,,,,,,,,,,,,,,,,,
asm0341001312,asm03410013120099001,Page 99,New horizons : How to get the most of your trip abroad,,,,,,,,,,,,,,,,,,,,
asm0341001312,asm03410013120100001,Page 100,New horizons : How to get the most of your trip abroad,,,,,,,,,,,,,,,,,,,,
asm0341001312,asm03410013120101001,Page 101,New horizons : How to get the most of your trip abroad,,,,,,,,,,,,,,,,,,,,
asm0341001312,asm03410013120102001,Page 102,New horizons : How to get the most of your trip abroad,,,,,,,,,,,,,,,,,,,,
asm0341001312,asm03410013120103001,Page 103,New horizons : How to get the most of your trip abroad,,,,,,,,,,,,,,,,,,,,
asm0341001312,asm03410013120104001,Page 104,New horizons : How to get the most of your trip abroad,,,,,,,,,,,,,,,,,,,,
asm0341001312,asm03410013120105001,Page 105,New horizons : How to get the most of your trip abroad,,,,,,,,,,,,,,,,,,,,
asm0341001312,asm03410013120106001,Page 106,New horizons : How to get the most of your trip abroad,,,,,,,,,,,,,,,,,,,,
asm0341001312,asm03410013120107001,Page 107,New horizons : How to get the most of your trip abroad,,,,,,,,,,,,,,,,,,,,
asm0341001312,asm03410013120108001,Page 108,New horizons : How to get the most of your trip abroad,,,,,,,,,,,,,,,,,,,,
asm0341001312,asm03410013120109001,Page 109,New horizons : How to get the most of your trip abroad,,,,,,,,,,,,,,,,,,,,
asm0341001312,asm03410013120110001,Page 110,New horizons : How to get the most of your trip abroad,,,,,,,,,,,,,,,,,,,,
asm0341001312,asm03410013120111001,Page 111,New horizons : How to get the most of your trip abroad,,,,,,,,,,,,,,,,,,,,
asm0341001312,asm03410013120112001,Page 112,New horizons : How to get the most of your trip abroad,,,,,,,,,,,,,,,,,,,,
asm0341001312,asm03410013120113001,Page 113,New horizons : How to get the most of your trip abroad,,,,,,,,,,,,,,,,,,,,
asm0341001312,asm03410013120114001,Page 114,New horizons : How to get the most of your trip abroad,,,,,,,,,,,,,,,,,,,,
asm0341001312,asm03410013120115001,Page 115,New horizons : How to get the most of your trip abroad,,,,,,,,,,,,,,,,,,,,
asm0341001312,asm03410013120116001,Page 116,New horizons : How to get the most of your trip abroad,,,,,,,,,,,,,,,,,,,,
asm0341001312,asm03410013120117001,Page 117,New horizons : How to get the most of your trip abroad,,,,,,,,,,,,,,,,,,,,
asm0341001312,asm03410013120118001,Page 118,New horizons : How to get the most of your trip abroad,,,,,,,,,,,,,,,,,,,,
asm0341001312,asm03410013120119001,Page 119,New horizons : How to get the most of your trip abroad,,,,,,,,,,,,,,,,,,,,
asm0341001312,asm03410013120120001,Page 120,New horizons : How to get the most of your trip abroad,,,,,,,,,,,,,,,,,,,,
asm0341001312,asm03410013120121001,Page 121,New horizons : How to get the most of your trip abroad,,,,,,,,,,,,,,,,,,,,
asm0341001312,asm03410013120122001,Page 122,New horizons : How to get the most of your trip abroad,,,,,,,,,,,,,,,,,,,,
asm0341001312,asm03410013120123001,Page 123,New horizons : How to get the most of your trip abroad,,,,,,,,,,,,,,,,,,,,
asm0341001312,asm03410013120124001,Page 124,New horizons : How to get the most of your trip abroad,,,,,,,,,,,,,,,,,,,,
asm0341001312,asm03410013120125001,Page 125,New horizons : How to get the most of your trip abroad,,,,,,,,,,,,,,,,,,,,
asm0341001312,asm03410013120126001,Page 126,New horizons : How to get the most of your trip abroad,,,,,,,,,,,,,,,,,,,,
asm0341001312,asm03410013120127001,Page 127,New horizons : How to get the most of your trip abroad,,,,,,,,,,,,,,,,,,,,
asm0341001312,asm03410013120128001,Page 128,New horizons : How to get the most of your trip abroad,,,,,,,,,,,,,,,,,,,,
asm0341001312,asm03410013120129001,Page 129,New horizons : How to get the most of your trip abroad,,,,,,,,,,,,,,,,,,,,
asm0341001312,asm03410013120130001,Page 130,New horizons : How to get the most of your trip abroad,,,,,,,,,,,,,,,,,,,,
asm0341001312,asm03410013120131001,Page 131,New horizons : How to get the most of your trip abroad,,,,,,,,,,,,,,,,,,,,
asm0341001312,asm03410013120132001,Page 132,New horizons : How to get the most of your trip abroad,,,,,,,,,,,,,,,,,,,,
asm0341001312,asm03410013120133001,Page 133,New horizons : How to get the most of your trip abroad,,,,,,,,,,,,,,,,,,,,
asm0341001312,asm03410013120134001,Page 134,New horizons : How to get the most of your trip abroad,,,,,,,,,,,,,,,,,,,,
asm0341001312,asm03410013120135001,Page 135,New horizons : How to get the most of your trip abroad,,,,,,,,,,,,,,,,,,,,
asm0341001312,asm03410013120136001,Page 136,New horizons : How to get the most of your trip abroad,,,,,,,,,,,,,,,,,,,,
asm0341001312,asm03410013120137001,Page 137,New horizons : How to get the most of your trip abroad,,,,,,,,,,,,,,,,,,,,
asm0341001312,asm03410013120138001,Page 138,New horizons : How to get the most of your trip abroad,,,,,,,,,,,,,,,,,,,,
asm0341001312,asm03410013120139001,Page 139,New horizons : How to get the most of your trip abroad,,,,,,,,,,,,,,,,,,,,
asm0341001312,asm03410013120140001,Page 140,New horizons : How to get the most of your trip abroad,,,,,,,,,,,,,,,,,,,,
asm0341001312,asm03410013120141001,Page 141,New horizons : How to get the most of your trip abroad,,,,,,,,,,,,,,,,,,,,
asm0341001312,asm03410013120142001,Page 142,New horizons : How to get the most of your trip abroad,,,,,,,,,,,,,,,,,,,,
asm0341001312,asm03410013120143001,Page 143,New horizons : How to get the most of your trip abroad,,,,,,,,,,,,,,,,,,,,
asm0341001312,asm03410013120144001,Page 144,New horizons : How to get the most of your trip abroad,,,,,,,,,,,,,,,,,,,,
asm0341001312,asm03410013120145001,Page 145,New horizons : How to get the most of your trip abroad,,,,,,,,,,,,,,,,,,,,
asm0341001312,asm03410013120146001,Page 146,New horizons : How to get the most of your trip abroad,,,,,,,,,,,,,,,,,,,,
asm0341001312,asm03410013120147001,Page 147,New horizons : How to get the most of your trip abroad,,,,,,,,,,,,,,,,,,,,
asm0341001312,asm03410013120148001,Page 148,New horizons : How to get the most of your trip abroad,,,,,,,,,,,,,,,,,,,,
asm0341001312,asm03410013120149001,Page 149,New horizons : How to get the most of your trip abroad,,,,,,,,,,,,,,,,,,,,
asm0341001312,asm03410013120150001,Page 150,New horizons : How to get the most of your trip abroad,,,,,,,,,,,,,,,,,,,,
asm0341001312,asm03410013120151001,Page 151,New horizons : How to get the most of your trip abroad,,,,,,,,,,,,,,,,,,,,
asm0341001312,asm03410013120152001,Page 152,New horizons : How to get the most of your trip abroad,,,,,,,,,,,,,,,,,,,,
asm0341001312,asm03410013120153001,Page 153,New horizons : How to get the most of your trip abroad,,,,,,,,,,,,,,,,,,,,
asm0341001312,asm03410013120154001,Page 154,New horizons : How to get the most of your trip abroad,,,,,,,,,,,,,,,,,,,,
asm0341001312,asm03410013120155001,Page 155,New horizons : How to get the most of your trip abroad,,,,,,,,,,,,,,,,,,,,
asm0341001312,asm03410013120156001,Page 156,New horizons : How to get the most of your trip abroad,,,,,,,,,,,,,,,,,,,,
asm0341001312,asm03410013120157001,Page 157,New horizons : How to get the most of your trip abroad,,,,,,,,,,,,,,,,,,,,
asm0341001312,asm03410013120158001,Page 158,New horizons : How to get the most of your trip abroad,,,,,,,,,,,,,,,,,,,,
asm0341001312,asm03410013120159001,Page 159,New horizons : How to get the most of your trip abroad,,,,,,,,,,,,,,,,,,,,
asm0341001312,asm03410013120160001,Page 160,New horizons : How to get the most of your trip abroad,,,,,,,,,,,,,,,,,,,,
asm0341001312,asm03410013120161001,Page 161,New horizons : How to get the most of your trip abroad,,,,,,,,,,,,,,,,,,,,
asm0341001312,asm03410013120162001,Page 162,New horizons : How to get the most of your trip abroad,,,,,,,,,,,,,,,,,,,,
asm0341001312,asm03410013120163001,Page 163,New horizons : How to get the most of your trip abroad,,,,,,,,,,,,,,,,,,,,
asm0341001312,asm03410013120164001,Page 164,New horizons : How to get the most of your trip abroad,,,,,,,,,,,,,,,,,,,,
asm0341001312,asm03410013120165001,Page 165,New horizons : How to get the most of your trip abroad,,,,,,,,,,,,,,,,,,,,
asm0341001312,asm03410013120166001,Page 166,New horizons : How to get the most of your trip abroad,,,,,,,,,,,,,,,,,,,,
asm0341001312,asm03410013120167001,Page 167,New horizons : How to get the most of your trip abroad,,,,,,,,,,,,,,,,,,,,
asm0341001312,asm03410013120168001,Page 168,New horizons : How to get the most of your trip abroad,,,,,,,,,,,,,,,,,,,,
asm0341001312,asm03410013120169001,Page 169,New horizons : How to get the most of your trip abroad,,,,,,,,,,,,,,,,,,,,
asm0341001312,asm03410013120170001,Page 170,New horizons : How to get the most of your trip abroad,,,,,,,,,,,,,,,,,,,,
asm0341001312,asm03410013120171001,Page 171,New horizons : How to get the most of your trip abroad,,,,,,,,,,,,,,,,,,,,
asm0341001312,asm03410013120172001,Page 172,New horizons : How to get the most of your trip abroad,,,,,,,,,,,,,,,,,,,,
asm0341001312,asm03410013120173001,Page 173,New horizons : How to get the most of your trip abroad,,,,,,,,,,,,,,,,,,,,
asm0341001312,asm03410013120174001,Page 174,New horizons : How to get the most of your trip abroad,,,,,,,,,,,,,,,,,,,,
asm0341001312,asm03410013120175001,Page 175,New horizons : How to get the most of your trip abroad,,,,,,,,,,,,,,,,,,,,
asm0341001312,asm03410013120176001,Page 176,New horizons : How to get the most of your trip abroad,,,,,,,,,,,,,,,,,,,,
asm0341001312,asm03410013120177001,Page 177,New horizons : How to get the most of your trip abroad,,,,,,,,,,,,,,,,,,,,
asm0341001312,asm03410013120178001,Page 178,New horizons : How to get the most of your trip abroad,,,,,,,,,,,,,,,,,,,,
asm0341001312,asm03410013120179001,Page 179,New horizons : How to get the most of your trip abroad,,,,,,,,,,,,,,,,,,,,
asm0341001312,asm03410013120180001,Page 180,New horizons : How to get the most of your trip abroad,,,,,,,,,,,,,,,,,,,,
asm0341001312,asm03410013120181001,Page 181,New horizons : How to get the most of your trip abroad,,,,,,,,,,,,,,,,,,,,
asm0341001312,asm03410013120182001,Page 182,New horizons : How to get the most of your trip abroad,,,,,,,,,,,,,,,,,,,,
asm0341001312,asm03410013120183001,Page 183,New horizons : How to get the most of your trip abroad,,,,,,,,,,,,,,,,,,,,
asm0341001312,asm03410013120184001,Page 184,New horizons : How to get the most of your trip abroad,,,,,,,,,,,,,,,,,,,,
asm0341001312,asm03410013120185001,Page 185,New horizons : How to get the most of your trip abroad,,,,,,,,,,,,,,,,,,,,
asm0341001312,asm03410013120186001,Page 186,New horizons : How to get the most of your trip abroad,,,,,,,,,,,,,,,,,,,,
asm0341001312,asm03410013120187001,Page 187,New horizons : How to get the most of your trip abroad,,,,,,,,,,,,,,,,,,,,
asm0341001312,asm03410013120188001,Page 188,New horizons : How to get the most of your trip abroad,,,,,,,,,,,,,,,,,,,,
asm0341001312,asm03410013120189001,Page 189,New horizons : How to get the most of your trip abroad,,,,,,,,,,,,,,,,,,,,
asm0341001312,asm03410013120190001,Page 190,New horizons : How to get the most of your trip abroad,,,,,,,,,,,,,,,,,,,,
asm0341001312,asm03410013120191001,Page 191,New horizons : How to get the most of your trip abroad,,,,,,,,,,,,,,,,,,,,
asm0341001312,asm03410013120192001,Page 192,New horizons : How to get the most of your trip abroad,,,,,,,,,,,,,,,,,,,,
asm0341001312,asm03410013120193001,Page 193,New horizons : How to get the most of your trip abroad,,,,,,,,,,,,,,,,,,,,
asm0341001312,asm03410013120194001,Page 194,New horizons : How to get the most of your trip abroad,,,,,,,,,,,,,,,,,,,,
asm0341001312,asm03410013120195001,Page 195,New horizons : How to get the most of your trip abroad,,,,,,,,,,,,,,,,,,,,
asm0341001312,asm03410013120196001,Page 196,New horizons : How to get the most of your trip abroad,,,,,,,,,,,,,,,,,,,,
asm0341001312,asm03410013120197001,Page 197,New horizons : How to get the most of your trip abroad,,,,,,,,,,,,,,,,,,,,
asm0341001312,asm03410013120198001,Page 198,New horizons : How to get the most of your trip abroad,,,,,,,,,,,,,,,,,,,,
asm0341001312,asm03410013120199001,Page 199,New horizons : How to get the most of your trip abroad,,,,,,,,,,,,,,,,,,,,
asm0341001312,asm03410013120200001,Page 200,New horizons : How to get the most of your trip abroad,,,,,,,,,,,,,,,,,,,,
asm0341001312,asm03410013120201001,Page 201,New horizons : How to get the most of your trip abroad,,,,,,,,,,,,,,,,,,,,
asm0341001312,asm03410013120202001,Page 202,New horizons : How to get the most of your trip abroad,,,,,,,,,,,,,,,,,,,,
asm0341001313,,People and Places of the Pan American World,People and Places of the Pan American World,,"Pan American World Airways, Inc.",,,,,Brochures; Promotional materials;,,1952,,1950-1959,,eng,University of Miami. Library. Special Collections,"Pan American World Airways, Inc. records",ASM0341,Printed Materials: Brochures and Booklets: Other,Box No. 1 of 2; Box Title: Brochures and Booklets: Other 1 of 2; Folder No. 7; Folder Title: Brochures and Booklets: other (7 of 15),"This material is in the public domain in the United States. The Pan Am brand remains under trademark. For additional information, please visit: https://digitalcollections.library.miami.edu/digital/custom/copyright-guidelines",http://rightsstatements.org/vocab/NoC-US/1.0/
asm0341001313,asm03410013130001001,Page 1,People and Places of the Pan American World,,,,,,,,,,,,,,,,,,,,
asm0341001313,asm03410013130002001,Page 2,People and Places of the Pan American World,,,,,,,,,,,,,,,,,,,,
asm0341001313,asm03410013130003001,Page 3,People and Places of the Pan American World,,,,,,,,,,,,,,,,,,,,
asm0341001313,asm03410013130004001,Page 4,People and Places of the Pan American World,,,,,,,,,,,,,,,,,,,,
asm0341001313,asm03410013130005001,Page 5,People and Places of the Pan American World,,,,,,,,,,,,,,,,,,,,
asm0341001313,asm03410013130006001,Page 6,People and Places of the Pan American World,,,,,,,,,,,,,,,,,,,,
asm0341001313,asm03410013130007001,Page 7,People and Places of the Pan American World,,,,,,,,,,,,,,,,,,,,
asm0341001313,asm03410013130008001,Page 8,People and Places of the Pan American World,,,,,,,,,,,,,,,,,,,,
asm0341001313,asm03410013130009001,Page 9,People and Places of the Pan American World,,,,,,,,,,,,,,,,,,,,
asm0341001313,asm03410013130010001,Page 10,People and Places of the Pan American World,,,,,,,,,,,,,,,,,,,,
asm0341001313,asm03410013130011001,Page 11,People and Places of the Pan American World,,,,,,,,,,,,,,,,,,,,
asm0341001313,asm03410013130012001,Page 12,People and Places of the Pan American World,,,,,,,,,,,,,,,,,,,,
asm0341001313,asm03410013130013001,Page 13,People and Places of the Pan American World,,,,,,,,,,,,,,,,,,,,
asm0341001313,asm03410013130014001,Page 14,People and Places of the Pan American World,,,,,,,,,,,,,,,,,,,,
asm0341001313,asm03410013130015001,Page 15,People and Places of the Pan American World,,,,,,,,,,,,,,,,,,,,
asm0341001313,asm03410013130016001,Page 16,People and Places of the Pan American World,,,,,,,,,,,,,,,,,,,,
asm0341001313,asm03410013130017001,Page 17,People and Places of the Pan American World,,,,,,,,,,,,,,,,,,,,
asm0341001313,asm03410013130018001,Page 18,People and Places of the Pan American World,,,,,,,,,,,,,,,,,,,,
asm0341001313,asm03410013130019001,Page 19,People and Places of the Pan American World,,,,,,,,,,,,,,,,,,,,
asm0341001313,asm03410013130020001,Page 20,People and Places of the Pan American World,,,,,,,,,,,,,,,,,,,,
asm0341001313,asm03410013130021001,Page 21,People and Places of the Pan American World,,,,,,,,,,,,,,,,,,,,
asm0341001313,asm03410013130022001,Page 22,People and Places of the Pan American World,,,,,,,,,,,,,,,,,,,,
asm0341001313,asm03410013130023001,Page 23,People and Places of the Pan American World,,,,,,,,,,,,,,,,,,,,
asm0341001313,asm03410013130024001,Page 24,People and Places of the Pan American World,,,,,,,,,,,,,,,,,,,,
asm0341001313,asm03410013130025001,Page 25,People and Places of the Pan American World,,,,,,,,,,,,,,,,,,,,
asm0341001313,asm03410013130026001,Page 26,People and Places of the Pan American World,,,,,,,,,,,,,,,,,,,,
asm0341001313,asm03410013130027001,Page 27,People and Places of the Pan American World,,,,,,,,,,,,,,,,,,,,
asm0341001313,asm03410013130028001,Page 28,People and Places of the Pan American World,,,,,,,,,,,,,,,,,,,,
asm0341001313,asm03410013130029001,Page 29,People and Places of the Pan American World,,,,,,,,,,,,,,,,,,,,
asm0341001313,asm03410013130030001,Page 30,People and Places of the Pan American World,,,,,,,,,,,,,,,,,,,,
asm0341001313,asm03410013130031001,Page 31,People and Places of the Pan American World,,,,,,,,,,,,,,,,,,,,
asm0341001313,asm03410013130032001,Page 32,People and Places of the Pan American World,,,,,,,,,,,,,,,,,,,,
asm0341001314,,It's a Pan American World,It's a Pan American World,,"Pan American World Airways, Inc.",,,,,Brochures; Promotional materials;,,1952,,1950-1959,,eng,University of Miami. Library. Special Collections,"Pan American World Airways, Inc. records",ASM0341,Printed Materials: Brochures and Booklets: Other,Box No. 1 of 2; Box Title: Brochures and Booklets: Other 1 of 2; Folder No. 7; Folder Title: Brochures and Booklets: other (7 of 15),"This material is in the public domain in the United States. The Pan Am brand remains under trademark. For additional information, please visit: https://digitalcollections.library.miami.edu/digital/custom/copyright-guidelines",http://rightsstatements.org/vocab/NoC-US/1.0/
asm0341001314,asm03410013140001001,Page 1,It's a Pan American World,,,,,,,,,,,,,,,,,,,,
asm0341001314,asm03410013140002001,Page 2,It's a Pan American World,,,,,,,,,,,,,,,,,,,,
asm0341001314,asm03410013140003001,Page 3,It's a Pan American World,,,,,,,,,,,,,,,,,,,,
asm0341001314,asm03410013140004001,Page 4,It's a Pan American World,,,,,,,,,,,,,,,,,,,,
asm0341001314,asm03410013140005001,Page 5,It's a Pan American World,,,,,,,,,,,,,,,,,,,,
asm0341001314,asm03410013140006001,Page 6,It's a Pan American World,,,,,,,,,,,,,,,,,,,,
asm0341001314,asm03410013140007001,Page 7,It's a Pan American World,,,,,,,,,,,,,,,,,,,,
asm0341001314,asm03410013140008001,Page 8,It's a Pan American World,,,,,,,,,,,,,,,,,,,,
asm0341001314,asm03410013140009001,Page 9,It's a Pan American World,,,,,,,,,,,,,,,,,,,,
asm0341001314,asm03410013140010001,Page 10,It's a Pan American World,,,,,,,,,,,,,,,,,,,,
asm0341001314,asm03410013140011001,Page 11,It's a Pan American World,,,,,,,,,,,,,,,,,,,,
asm0341001314,asm03410013140012001,Page 12,It's a Pan American World,,,,,,,,,,,,,,,,,,,,
asm0341001314,asm03410013140013001,Page 13,It's a Pan American World,,,,,,,,,,,,,,,,,,,,
asm0341001314,asm03410013140014001,Page 14,It's a Pan American World,,,,,,,,,,,,,,,,,,,,
asm0341001314,asm03410013140015001,Page 15,It's a Pan American World,,,,,,,,,,,,,,,,,,,,
asm0341001314,asm03410013140016001,Page 16,It's a Pan American World,,,,,,,,,,,,,,,,,,,,
asm0341001314,asm03410013140017001,Page 17,It's a Pan American World,,,,,,,,,,,,,,,,,,,,
asm0341001314,asm03410013140018001,Page 18,It's a Pan American World,,,,,,,,,,,,,,,,,,,,
asm0341001314,asm03410013140019001,Page 19,It's a Pan American World,,,,,,,,,,,,,,,,,,,,
asm0341001314,asm03410013140020001,Page 20,It's a Pan American World,,,,,,,,,,,,,,,,,,,,
asm0341001314,asm03410013140021001,Page 21,It's a Pan American World,,,,,,,,,,,,,,,,,,,,
asm0341001314,asm03410013140022001,Page 22,It's a Pan American World,,,,,,,,,,,,,,,,,,,,
asm0341001314,asm03410013140023001,Page 23,It's a Pan American World,,,,,,,,,,,,,,,,,,,,
asm0341001314,asm03410013140024001,Page 24,It's a Pan American World,,,,,,,,,,,,,,,,,,,,
asm0341001314,asm03410013140025001,Page 25,It's a Pan American World,,,,,,,,,,,,,,,,,,,,
asm0341001314,asm03410013140026001,Page 26,It's a Pan American World,,,,,,,,,,,,,,,,,,,,
asm0341001314,asm03410013140027001,Page 27,It's a Pan American World,,,,,,,,,,,,,,,,,,,,
asm0341001314,asm03410013140028001,Page 28,It's a Pan American World,,,,,,,,,,,,,,,,,,,,
asm0341001314,asm03410013140029001,Page 29,It's a Pan American World,,,,,,,,,,,,,,,,,,,,
asm0341001314,asm03410013140030001,Page 30,It's a Pan American World,,,,,,,,,,,,,,,,,,,,
asm0341001314,asm03410013140031001,Page 31,It's a Pan American World,,,,,,,,,,,,,,,,,,,,
asm0341001314,asm03410013140032001,Page 32,It's a Pan American World,,,,,,,,,,,,,,,,,,,,
asm0341001314,asm03410013140033001,Page 33,It's a Pan American World,,,,,,,,,,,,,,,,,,,,
asm0341001314,asm03410013140034001,Page 34,It's a Pan American World,,,,,,,,,,,,,,,,,,,,
asm0341001314,asm03410013140035001,Page 35,It's a Pan American World,,,,,,,,,,,,,,,,,,,,
asm0341001314,asm03410013140036001,Page 36,It's a Pan American World,,,,,,,,,,,,,,,,,,,,
asm0341001314,asm03410013140037001,Page 37,It's a Pan American World,,,,,,,,,,,,,,,,,,,,
asm0341001314,asm03410013140038001,Page 38,It's a Pan American World,,,,,,,,,,,,,,,,,,,,
asm0341001314,asm03410013140039001,Page 39,It's a Pan American World,,,,,,,,,,,,,,,,,,,,
asm0341001314,asm03410013140040001,Page 40,It's a Pan American World,,,,,,,,,,,,,,,,,,,,
asm0341001315,,Aviation's One World,Aviation's One World,,"Pan American World Airways, Inc.",,,,,Brochures; Promotional materials;,,1954,,1950-1959,,eng,University of Miami. Library. Special Collections,"Pan American World Airways, Inc. records",ASM0341,Printed Materials: Brochures and Booklets: Other,Box No. 1 of 2; Box Title: Brochures and Booklets: Other 1 of 2; Folder No. 7; Folder Title: Brochures and Booklets: other (7 of 15),"This material is in the public domain in the United States. The Pan Am brand remains under trademark. For additional information, please visit: https://digitalcollections.library.miami.edu/digital/custom/copyright-guidelines",http://rightsstatements.org/vocab/NoC-US/1.0/
asm0341001315,asm03410013150001001,Page 1,Aviation's One World,,,,,,,,,,,,,,,,,,,,
asm0341001315,asm03410013150002001,Page 2,Aviation's One World,,,,,,,,,,,,,,,,,,,,
asm0341001315,asm03410013150003001,Page 3,Aviation's One World,,,,,,,,,,,,,,,,,,,,
asm0341001315,asm03410013150004001,Page 4,Aviation's One World,,,,,,,,,,,,,,,,,,,,
asm0341001315,asm03410013150005001,Page 5,Aviation's One World,,,,,,,,,,,,,,,,,,,,
asm0341001315,asm03410013150006001,Page 6,Aviation's One World,,,,,,,,,,,,,,,,,,,,
asm0341001315,asm03410013150007001,Page 7,Aviation's One World,,,,,,,,,,,,,,,,,,,,
asm0341001315,asm03410013150008001,Page 8,Aviation's One World,,,,,,,,,,,,,,,,,,,,
asm0341001315,asm03410013150009001,Page 9,Aviation's One World,,,,,,,,,,,,,,,,,,,,
asm0341001315,asm03410013150010001,Page 10,Aviation's One World,,,,,,,,,,,,,,,,,,,,
asm0341001315,asm03410013150011001,Page 11,Aviation's One World,,,,,,,,,,,,,,,,,,,,
asm0341001315,asm03410013150012001,Page 12,Aviation's One World,,,,,,,,,,,,,,,,,,,,
asm0341001315,asm03410013150013001,Page 13,Aviation's One World,,,,,,,,,,,,,,,,,,,,
asm0341001315,asm03410013150014001,Page 14,Aviation's One World,,,,,,,,,,,,,,,,,,,,
asm0341001315,asm03410013150015001,Page 15,Aviation's One World,,,,,,,,,,,,,,,,,,,,
asm0341001315,asm03410013150016001,Page 16,Aviation's One World,,,,,,,,,,,,,,,,,,,,
asm0341001315,asm03410013150017001,Page 17,Aviation's One World,,,,,,,,,,,,,,,,,,,,
asm0341001315,asm03410013150018001,Page 18,Aviation's One World,,,,,,,,,,,,,,,,,,,,
asm0341001315,asm03410013150019001,Page 19,Aviation's One World,,,,,,,,,,,,,,,,,,,,
asm0341001315,asm03410013150020001,Page 20,Aviation's One World,,,,,,,,,,,,,,,,,,,,
asm0341001315,asm03410013150021001,Page 21,Aviation's One World,,,,,,,,,,,,,,,,,,,,
asm0341001315,asm03410013150022001,Page 22,Aviation's One World,,,,,,,,,,,,,,,,,,,,
asm0341001315,asm03410013150023001,Page 23,Aviation's One World,,,,,,,,,,,,,,,,,,,,
asm0341001315,asm03410013150024001,Page 24,Aviation's One World,,,,,,,,,,,,,,,,,,,,
asm0341001315,asm03410013150025001,Page 25,Aviation's One World,,,,,,,,,,,,,,,,,,,,
asm0341001315,asm03410013150026001,Page 26,Aviation's One World,,,,,,,,,,,,,,,,,,,,
asm0341001315,asm03410013150027001,Page 27,Aviation's One World,,,,,,,,,,,,,,,,,,,,
asm0341001315,asm03410013150028001,Page 28,Aviation's One World,,,,,,,,,,,,,,,,,,,,
asm0341001316,,"A story of people, opportunities and services","A story of people, opportunities and services",,"Pan American World Airways, Inc.",,,,,Brochures; Promotional materials;,,,1958,1950-1959,,eng,University of Miami. Library. Special Collections,"Pan American World Airways, Inc. records",ASM0341,Printed Materials: Brochures and Booklets: Other,Box No. 1 of 2; Box Title: Brochures and Booklets: Other 1 of 2; Folder No. 7; Folder Title: Brochures and Booklets: other (7 of 15),"This material is in the public domain in the United States. The Pan Am brand remains under trademark. For additional information, please visit: https://digitalcollections.library.miami.edu/digital/custom/copyright-guidelines",http://rightsstatements.org/vocab/NoC-US/1.0/
asm0341001316,asm03410013160001001,Page 1,"A story of people, opportunities and services",,,,,,,,,,,,,,,,,,,,
asm0341001316,asm03410013160002001,Page 2,"A story of people, opportunities and services",,,,,,,,,,,,,,,,,,,,
asm0341001316,asm03410013160003001,Page 3,"A story of people, opportunities and services",,,,,,,,,,,,,,,,,,,,
asm0341001316,asm03410013160004001,Page 4,"A story of people, opportunities and services",,,,,,,,,,,,,,,,,,,,
asm0341001316,asm03410013160005001,Page 5,"A story of people, opportunities and services",,,,,,,,,,,,,,,,,,,,
asm0341001316,asm03410013160006001,Page 6,"A story of people, opportunities and services",,,,,,,,,,,,,,,,,,,,
asm0341001316,asm03410013160007001,Page 7,"A story of people, opportunities and services",,,,,,,,,,,,,,,,,,,,
asm0341001316,asm03410013160008001,Page 8,"A story of people, opportunities and services",,,,,,,,,,,,,,,,,,,,
asm0341001316,asm03410013160009001,Page 9,"A story of people, opportunities and services",,,,,,,,,,,,,,,,,,,,
asm0341001316,asm03410013160010001,Page 10,"A story of people, opportunities and services",,,,,,,,,,,,,,,,,,,,
asm0341001316,asm03410013160011001,Page 11,"A story of people, opportunities and services",,,,,,,,,,,,,,,,,,,,
asm0341001316,asm03410013160012001,Page 12,"A story of people, opportunities and services",,,,,,,,,,,,,,,,,,,,
asm0341001316,asm03410013160013001,Page 13,"A story of people, opportunities and services",,,,,,,,,,,,,,,,,,,,
asm0341001316,asm03410013160014001,Page 14,"A story of people, opportunities and services",,,,,,,,,,,,,,,,,,,,
asm0341001316,asm03410013160015001,Page 15,"A story of people, opportunities and services",,,,,,,,,,,,,,,,,,,,
asm0341001316,asm03410013160016001,Page 16,"A story of people, opportunities and services",,,,,,,,,,,,,,,,,,,,
asm0341001316,asm03410013160017001,Page 17,"A story of people, opportunities and services",,,,,,,,,,,,,,,,,,,,
asm0341001316,asm03410013160018001,Page 18,"A story of people, opportunities and services",,,,,,,,,,,,,,,,,,,,
asm0341001316,asm03410013160019001,Page 19,"A story of people, opportunities and services",,,,,,,,,,,,,,,,,,,,
asm0341001316,asm03410013160020001,Page 20,"A story of people, opportunities and services",,,,,,,,,,,,,,,,,,,,
asm0341001316,asm03410013160021001,Page 21,"A story of people, opportunities and services",,,,,,,,,,,,,,,,,,,,
asm0341001316,asm03410013160022001,Page 22,"A story of people, opportunities and services",,,,,,,,,,,,,,,,,,,,
asm0341001316,asm03410013160023001,Page 23,"A story of people, opportunities and services",,,,,,,,,,,,,,,,,,,,
asm0341001316,asm03410013160024001,Page 24,"A story of people, opportunities and services",,,,,,,,,,,,,,,,,,,,
asm0341001316,asm03410013160025001,Page 25,"A story of people, opportunities and services",,,,,,,,,,,,,,,,,,,,
asm0341001316,asm03410013160026001,Page 26,"A story of people, opportunities and services",,,,,,,,,,,,,,,,,,,,
asm0341001316,asm03410013160027001,Page 27,"A story of people, opportunities and services",,,,,,,,,,,,,,,,,,,,
asm0341001316,asm03410013160028001,Page 28,"A story of people, opportunities and services",,,,,,,,,,,,,,,,,,,,
asm0341001317,,Every five seconds... : 10 years of postwar international civil aviation,Every five seconds... : 10 years of postwar international civil aviation,,International Civil Aviation Organization; International Air Transport Association,,,,,Brochures; Promotional materials;,,,1955,1950-1959,,eng,University of Miami. Library. Special Collections,"Pan American World Airways, Inc. records",ASM0341,Printed Materials: Brochures and Booklets: Other,Box No. 1 of 2; Box Title: Brochures and Booklets: Other 1 of 2; Folder No. 8; Folder Title: Brochures and Booklets: other (8 of 15),"This material is in the public domain in the United States. The Pan Am brand remains under trademark. For additional information, please visit: https://digitalcollections.library.miami.edu/digital/custom/copyright-guidelines",http://rightsstatements.org/vocab/NoC-US/1.0/
asm0341001317,asm03410013170001001,Page 1,Every five seconds... : 10 years of postwar international civil aviation,,,,,,,,,,,,,,,,,,,,
asm0341001317,asm03410013170002001,Page 2,Every five seconds... : 10 years of postwar international civil aviation,,,,,,,,,,,,,,,,,,,,
asm0341001317,asm03410013170003001,Page 3,Every five seconds... : 10 years of postwar international civil aviation,,,,,,,,,,,,,,,,,,,,
asm0341001317,asm03410013170004001,Page 4,Every five seconds... : 10 years of postwar international civil aviation,,,,,,,,,,,,,,,,,,,,
asm0341001317,asm03410013170005001,Page 5,Every five seconds... : 10 years of postwar international civil aviation,,,,,,,,,,,,,,,,,,,,
asm0341001317,asm03410013170006001,Page 6,Every five seconds... : 10 years of postwar international civil aviation,,,,,,,,,,,,,,,,,,,,
asm0341001317,asm03410013170007001,Page 7,Every five seconds... : 10 years of postwar international civil aviation,,,,,,,,,,,,,,,,,,,,
asm0341001317,asm03410013170008001,Page 8,Every five seconds... : 10 years of postwar international civil aviation,,,,,,,,,,,,,,,,,,,,
asm0341001317,asm03410013170009001,Page 9,Every five seconds... : 10 years of postwar international civil aviation,,,,,,,,,,,,,,,,,,,,
asm0341001317,asm03410013170010001,Page 10,Every five seconds... : 10 years of postwar international civil aviation,,,,,,,,,,,,,,,,,,,,
asm0341001317,asm03410013170011001,Page 11,Every five seconds... : 10 years of postwar international civil aviation,,,,,,,,,,,,,,,,,,,,
asm0341001317,asm03410013170012001,Page 12,Every five seconds... : 10 years of postwar international civil aviation,,,,,,,,,,,,,,,,,,,,
asm0341001317,asm03410013170013001,Page 13,Every five seconds... : 10 years of postwar international civil aviation,,,,,,,,,,,,,,,,,,,,
asm0341001317,asm03410013170014001,Page 14,Every five seconds... : 10 years of postwar international civil aviation,,,,,,,,,,,,,,,,,,,,
asm0341001317,asm03410013170015001,Page 15,Every five seconds... : 10 years of postwar international civil aviation,,,,,,,,,,,,,,,,,,,,
asm0341001317,asm03410013170016001,Page 16,Every five seconds... : 10 years of postwar international civil aviation,,,,,,,,,,,,,,,,,,,,
asm0341001317,asm03410013170017001,Page 17,Every five seconds... : 10 years of postwar international civil aviation,,,,,,,,,,,,,,,,,,,,
asm0341001317,asm03410013170018001,Page 18,Every five seconds... : 10 years of postwar international civil aviation,,,,,,,,,,,,,,,,,,,,
asm0341001317,asm03410013170019001,Page 19,Every five seconds... : 10 years of postwar international civil aviation,,,,,,,,,,,,,,,,,,,,
asm0341001317,asm03410013170020001,Page 20,Every five seconds... : 10 years of postwar international civil aviation,,,,,,,,,,,,,,,,,,,,
asm0341001317,asm03410013170021001,Page 21,Every five seconds... : 10 years of postwar international civil aviation,,,,,,,,,,,,,,,,,,,,
asm0341001317,asm03410013170022001,Page 22,Every five seconds... : 10 years of postwar international civil aviation,,,,,,,,,,,,,,,,,,,,
asm0341001317,asm03410013170023001,Page 23,Every five seconds... : 10 years of postwar international civil aviation,,,,,,,,,,,,,,,,,,,,
asm0341001317,asm03410013170024001,Page 24,Every five seconds... : 10 years of postwar international civil aviation,,,,,,,,,,,,,,,,,,,,
asm0341001318,,For 50 years America's airline to the world,For 50 years America's airline to the world,,"Pan American World Airways, Inc.",,,,,Brochures; Promotional materials;,,,,,,eng,University of Miami. Library. Special Collections,"Pan American World Airways, Inc. records",ASM0341,Printed Materials: Brochures and Booklets: Other,Box No. 1 of 2; Box Title: Brochures and Booklets: Other 1 of 2; Folder No. 8; Folder Title: Brochures and Booklets: other (8 of 15),"The copyright and related rights status of this material is unknown. The Pan Am brand remains under trademark. For additional information, please visit: https://digitalcollections.library.miami.edu/digital/custom/copyright-guidelines",http://rightsstatements.org/vocab/UND/1.0/
asm0341001318,asm03410013180001001,Page 1,For 50 years America's airline to the world,,,,,,,,,,,,,,,,,,,,
asm0341001318,asm03410013180002001,Page 2,For 50 years America's airline to the world,,,,,,,,,,,,,,,,,,,,
asm0341001318,asm03410013180003001,Page 3,For 50 years America's airline to the world,,,,,,,,,,,,,,,,,,,,
asm0341001318,asm03410013180004001,Page 4,For 50 years America's airline to the world,,,,,,,,,,,,,,,,,,,,
asm0341001318,asm03410013180005001,Page 5,For 50 years America's airline to the world,,,,,,,,,,,,,,,,,,,,
asm0341001318,asm03410013180006001,Page 6,For 50 years America's airline to the world,,,,,,,,,,,,,,,,,,,,
asm0341001318,asm03410013180007001,Page 7,For 50 years America's airline to the world,,,,,,,,,,,,,,,,,,,,
asm0341001318,asm03410013180008001,Page 8,For 50 years America's airline to the world,,,,,,,,,,,,,,,,,,,,
asm0341001318,asm03410013180009001,Page 9,For 50 years America's airline to the world,,,,,,,,,,,,,,,,,,,,
asm0341001318,asm03410013180010001,Page 10,For 50 years America's airline to the world,,,,,,,,,,,,,,,,,,,,
asm0341001318,asm03410013180011001,Page 11,For 50 years America's airline to the world,,,,,,,,,,,,,,,,,,,,
asm0341001318,asm03410013180012001,Page 12,For 50 years America's airline to the world,,,,,,,,,,,,,,,,,,,,
asm0341001318,asm03410013180013001,Page 13,For 50 years America's airline to the world,,,,,,,,,,,,,,,,,,,,
asm0341001318,asm03410013180014001,Page 14,For 50 years America's airline to the world,,,,,,,,,,,,,,,,,,,,
asm0341001318,asm03410013180015001,Page 15,For 50 years America's airline to the world,,,,,,,,,,,,,,,,,,,,
asm0341001318,asm03410013180016001,Page 16,For 50 years America's airline to the world,,,,,,,,,,,,,,,,,,,,
asm0341001318,asm03410013180017001,Page 17,For 50 years America's airline to the world,,,,,,,,,,,,,,,,,,,,
asm0341001318,asm03410013180018001,Page 18,For 50 years America's airline to the world,,,,,,,,,,,,,,,,,,,,
asm0341001318,asm03410013180019001,Page 19,For 50 years America's airline to the world,,,,,,,,,,,,,,,,,,,,
asm0341001318,asm03410013180020001,Page 20,For 50 years America's airline to the world,,,,,,,,,,,,,,,,,,,,
asm0341001318,asm03410013180021001,Page 21,For 50 years America's airline to the world,,,,,,,,,,,,,,,,,,,,
asm0341001318,asm03410013180022001,Page 22,For 50 years America's airline to the world,,,,,,,,,,,,,,,,,,,,
asm0341001318,asm03410013180023001,Page 23,For 50 years America's airline to the world,,,,,,,,,,,,,,,,,,,,
asm0341001318,asm03410013180024001,Page 24,For 50 years America's airline to the world,,,,,,,,,,,,,,,,,,,,
asm0341001319,,The First 50 Years of Pan Am,The First 50 Years of Pan Am,,"Pan American World Airways, Inc.",,,,,Brochures; Promotional materials;,,,1977,1970-1979,,eng,University of Miami. Library. Special Collections,"Pan American World Airways, Inc. records",ASM0341,Printed Materials: Brochures and Booklets: Other,Box No. 1 of 2; Box Title: Brochures and Booklets: Other 1 of 2; Folder No. 8; Folder Title: Brochures and Booklets: other (8 of 15),"This material is in the public domain in the United States. The Pan Am brand remains under trademark. For additional information, please visit: https://digitalcollections.library.miami.edu/digital/custom/copyright-guidelines",http://rightsstatements.org/vocab/NoC-US/1.0/
asm0341001319,asm03410013190001001,Page 1,The First 50 Years of Pan Am,,,,,,,,,,,,,,,,,,,,
asm0341001319,asm03410013190002001,Page 2,The First 50 Years of Pan Am,,,,,,,,,,,,,,,,,,,,
asm0341001319,asm03410013190003001,Page 3,The First 50 Years of Pan Am,,,,,,,,,,,,,,,,,,,,
asm0341001319,asm03410013190004001,Page 4,The First 50 Years of Pan Am,,,,,,,,,,,,,,,,,,,,
asm0341001319,asm03410013190005001,Page 5,The First 50 Years of Pan Am,,,,,,,,,,,,,,,,,,,,
asm0341001319,asm03410013190006001,Page 6,The First 50 Years of Pan Am,,,,,,,,,,,,,,,,,,,,
asm0341001319,asm03410013190007001,Page 7,The First 50 Years of Pan Am,,,,,,,,,,,,,,,,,,,,
asm0341001319,asm03410013190008001,Page 8,The First 50 Years of Pan Am,,,,,,,,,,,,,,,,,,,,
asm0341001319,asm03410013190009001,Page 9,The First 50 Years of Pan Am,,,,,,,,,,,,,,,,,,,,
asm0341001319,asm03410013190010001,Page 10,The First 50 Years of Pan Am,,,,,,,,,,,,,,,,,,,,
asm0341001319,asm03410013190011001,Page 11,The First 50 Years of Pan Am,,,,,,,,,,,,,,,,,,,,
asm0341001319,asm03410013190012001,Page 12,The First 50 Years of Pan Am,,,,,,,,,,,,,,,,,,,,
asm0341001319,asm03410013190013001,Page 13,The First 50 Years of Pan Am,,,,,,,,,,,,,,,,,,,,
asm0341001319,asm03410013190014001,Page 14,The First 50 Years of Pan Am,,,,,,,,,,,,,,,,,,,,
asm0341001319,asm03410013190015001,Page 15,The First 50 Years of Pan Am,,,,,,,,,,,,,,,,,,,,
asm0341001319,asm03410013190016001,Page 16,The First 50 Years of Pan Am,,,,,,,,,,,,,,,,,,,,
asm0341001319,asm03410013190017001,Page 17,The First 50 Years of Pan Am,,,,,,,,,,,,,,,,,,,,
asm0341001319,asm03410013190018001,Page 18,The First 50 Years of Pan Am,,,,,,,,,,,,,,,,,,,,
asm0341001319,asm03410013190019001,Page 19,The First 50 Years of Pan Am,,,,,,,,,,,,,,,,,,,,
asm0341001319,asm03410013190020001,Page 20,The First 50 Years of Pan Am,,,,,,,,,,,,,,,,,,,,
asm0341001319,asm03410013190021001,Page 21,The First 50 Years of Pan Am,,,,,,,,,,,,,,,,,,,,
asm0341001319,asm03410013190022001,Page 22,The First 50 Years of Pan Am,,,,,,,,,,,,,,,,,,,,
asm0341001319,asm03410013190023001,Page 23,The First 50 Years of Pan Am,,,,,,,,,,,,,,,,,,,,
asm0341001319,asm03410013190024001,Page 24,The First 50 Years of Pan Am,,,,,,,,,,,,,,,,,,,,
asm0341001319,asm03410013190025001,Page 25,The First 50 Years of Pan Am,,,,,,,,,,,,,,,,,,,,
asm0341001319,asm03410013190026001,Page 26,The First 50 Years of Pan Am,,,,,,,,,,,,,,,,,,,,
asm0341001319,asm03410013190027001,Page 27,The First 50 Years of Pan Am,,,,,,,,,,,,,,,,,,,,
asm0341001319,asm03410013190028001,Page 28,The First 50 Years of Pan Am,,,,,,,,,,,,,,,,,,,,
asm0341001319,asm03410013190029001,Page 29,The First 50 Years of Pan Am,,,,,,,,,,,,,,,,,,,,
asm0341001319,asm03410013190030001,Page 30,The First 50 Years of Pan Am,,,,,,,,,,,,,,,,,,,,
asm0341001319,asm03410013190031001,Page 31,The First 50 Years of Pan Am,,,,,,,,,,,,,,,,,,,,
asm0341001319,asm03410013190032001,Page 32,The First 50 Years of Pan Am,,,,,,,,,,,,,,,,,,,,
asm0341001320,,30 Years of Leadership,30 Years of Leadership,,"Pan American World Airways, Inc.",,,,,Brochures; Promotional materials;,,,1957,1950-1959,,eng,University of Miami. Library. Special Collections,"Pan American World Airways, Inc. records",ASM0341,Printed Materials: Brochures and Booklets: Other,Box No. 1 of 2; Box Title: Brochures and Booklets: Other 1 of 2; Folder No. 8; Folder Title: Brochures and Booklets: other (8 of 15),"This material is in the public domain in the United States. The Pan Am brand remains under trademark. For additional information, please visit: https://digitalcollections.library.miami.edu/digital/custom/copyright-guidelines",http://rightsstatements.org/vocab/NoC-US/1.0/
asm0341001320,asm03410013200001001,Page 1,30 Years of Leadership,,,,,,,,,,,,,,,,,,,,
asm0341001320,asm03410013200002001,Page 2,30 Years of Leadership,,,,,,,,,,,,,,,,,,,,
asm0341001320,asm03410013200003001,Page 3,30 Years of Leadership,,,,,,,,,,,,,,,,,,,,
asm0341001321,,30th Anniversary of the China Clipper,30th Anniversary of the China Clipper,,"Pan American World Airways, Inc.",,,,,Brochures; Promotional materials;,,,1966,1960-1969,China,eng,University of Miami. Library. Special Collections,"Pan American World Airways, Inc. records",ASM0341,Printed Materials: Brochures and Booklets: Other,Box No. 1 of 2; Box Title: Brochures and Booklets: Other 1 of 2; Folder No. 8; Folder Title: Brochures and Booklets: other (8 of 15),"This material is in the public domain in the United States. The Pan Am brand remains under trademark. For additional information, please visit: https://digitalcollections.library.miami.edu/digital/custom/copyright-guidelines",http://rightsstatements.org/vocab/NoC-US/1.0/
asm0341001321,asm03410013210001001,Page 1,30th Anniversary of the China Clipper,,,,,,,,,,,,,,,,,,,,
asm0341001321,asm03410013210002001,Page 2,30th Anniversary of the China Clipper,,,,,,,,,,,,,,,,,,,,
asm0341001321,asm03410013210003001,Page 3,30th Anniversary of the China Clipper,,,,,,,,,,,,,,,,,,,,
asm0341001321,asm03410013210004001,Page 4,30th Anniversary of the China Clipper,,,,,,,,,,,,,,,,,,,,
asm0341001321,asm03410013210005001,Page 5,30th Anniversary of the China Clipper,,,,,,,,,,,,,,,,,,,,
asm0341001321,asm03410013210006001,Page 6,30th Anniversary of the China Clipper,,,,,,,,,,,,,,,,,,,,
asm0341001321,asm03410013210007001,Page 7,30th Anniversary of the China Clipper,,,,,,,,,,,,,,,,,,,,
asm0341001321,asm03410013210008001,Page 8,30th Anniversary of the China Clipper,,,,,,,,,,,,,,,,,,,,
asm0341001321,asm03410013210009001,Page 9,30th Anniversary of the China Clipper,,,,,,,,,,,,,,,,,,,,
asm0341001321,asm03410013210010001,Page 10,30th Anniversary of the China Clipper,,,,,,,,,,,,,,,,,,,,
asm0341001321,asm03410013210011001,Page 11,30th Anniversary of the China Clipper,,,,,,,,,,,,,,,,,,,,
asm0341001321,asm03410013210012001,Page 12,30th Anniversary of the China Clipper,,,,,,,,,,,,,,,,,,,,
asm0341001321,asm03410013210013001,Page 13,30th Anniversary of the China Clipper,,,,,,,,,,,,,,,,,,,,
asm0341001321,asm03410013210014001,Page 14,30th Anniversary of the China Clipper,,,,,,,,,,,,,,,,,,,,
asm0341001321,asm03410013210015001,Page 15,30th Anniversary of the China Clipper,,,,,,,,,,,,,,,,,,,,
asm0341001321,asm03410013210016001,Page 16,30th Anniversary of the China Clipper,,,,,,,,,,,,,,,,,,,,
asm0341001321,asm03410013210017001,Page 17,30th Anniversary of the China Clipper,,,,,,,,,,,,,,,,,,,,
asm0341001321,asm03410013210018001,Page 18,30th Anniversary of the China Clipper,,,,,,,,,,,,,,,,,,,,
asm0341001321,asm03410013210019001,Page 19,30th Anniversary of the China Clipper,,,,,,,,,,,,,,,,,,,,
asm0341001321,asm03410013210020001,Page 20,30th Anniversary of the China Clipper,,,,,,,,,,,,,,,,,,,,
asm0341001321,asm03410013210021001,Page 21,30th Anniversary of the China Clipper,,,,,,,,,,,,,,,,,,,,
asm0341001321,asm03410013210022001,Page 22,30th Anniversary of the China Clipper,,,,,,,,,,,,,,,,,,,,
asm0341001321,asm03410013210023001,Page 23,30th Anniversary of the China Clipper,,,,,,,,,,,,,,,,,,,,
asm0341001321,asm03410013210024001,Page 24,30th Anniversary of the China Clipper,,,,,,,,,,,,,,,,,,,,
asm0341001322,,Log of the China Clipper,Log of the China Clipper,,"Pan American World Airways, Inc.",,,,,Logs (records),,11/18/1960,,1960-1969,,eng,University of Miami. Library. Special Collections,"Pan American World Airways, Inc. records",ASM0341,Printed Materials: Brochures and Booklets: Other,Box No. 1 of 2; Box Title: Brochures and Booklets: Other 1 of 2; Folder No. 8; Folder Title: Brochures and Booklets: other (8 of 15),"This material is in the public domain in the United States. The Pan Am brand remains under trademark. For additional information, please visit: https://digitalcollections.library.miami.edu/digital/custom/copyright-guidelines",http://rightsstatements.org/vocab/NoC-US/1.0/
asm0341001322,asm03410013220001001,Page 1,Log of the China Clipper,,,,,,,,,,,,,,,,,,,,
asm0341001322,asm03410013220002001,Page 2,Log of the China Clipper,,,,,,,,,,,,,,,,,,,,
asm0341001323,,Ten thousand times around the world : how 17 years' experience made possible the story of the Clippers at war,Ten thousand times around the world : how 17 years' experience made possible the story of the Clippers at war,,"Pan American World Airways, Inc.",,,,,Brochures; Promotional materials;,,,,,,eng,University of Miami. Library. Special Collections,"Pan American World Airways, Inc. records",ASM0341,Printed Materials: Brochures and Booklets: Other,Box No. 1 of 2; Box Title: Brochures and Booklets: Other 1 of 2; Folder No. 8; Folder Title: Brochures and Booklets: other (8 of 15),"The copyright and related rights status of this material is unknown. The Pan Am brand remains under trademark. For additional information, please visit: https://digitalcollections.library.miami.edu/digital/custom/copyright-guidelines",http://rightsstatements.org/vocab/UND/1.0/
asm0341001323,asm03410013230001001,Page 1,Ten thousand times around the world : how 17 years' experience made possible the story of the Clippers at war,,,,,,,,,,,,,,,,,,,,
asm0341001323,asm03410013230002001,Page 2,Ten thousand times around the world : how 17 years' experience made possible the story of the Clippers at war,,,,,,,,,,,,,,,,,,,,
asm0341001323,asm03410013230003001,Page 3,Ten thousand times around the world : how 17 years' experience made possible the story of the Clippers at war,,,,,,,,,,,,,,,,,,,,
asm0341001323,asm03410013230004001,Page 4,Ten thousand times around the world : how 17 years' experience made possible the story of the Clippers at war,,,,,,,,,,,,,,,,,,,,
asm0341001323,asm03410013230005001,Page 5,Ten thousand times around the world : how 17 years' experience made possible the story of the Clippers at war,,,,,,,,,,,,,,,,,,,,
asm0341001323,asm03410013230006001,Page 6,Ten thousand times around the world : how 17 years' experience made possible the story of the Clippers at war,,,,,,,,,,,,,,,,,,,,
asm0341001323,asm03410013230007001,Page 7,Ten thousand times around the world : how 17 years' experience made possible the story of the Clippers at war,,,,,,,,,,,,,,,,,,,,
asm0341001323,asm03410013230008001,Page 8,Ten thousand times around the world : how 17 years' experience made possible the story of the Clippers at war,,,,,,,,,,,,,,,,,,,,
asm0341001323,asm03410013230009001,Page 9,Ten thousand times around the world : how 17 years' experience made possible the story of the Clippers at war,,,,,,,,,,,,,,,,,,,,
asm0341001323,asm03410013230010001,Page 10,Ten thousand times around the world : how 17 years' experience made possible the story of the Clippers at war,,,,,,,,,,,,,,,,,,,,
asm0341001323,asm03410013230011001,Page 11,Ten thousand times around the world : how 17 years' experience made possible the story of the Clippers at war,,,,,,,,,,,,,,,,,,,,
asm0341001323,asm03410013230012001,Page 12,Ten thousand times around the world : how 17 years' experience made possible the story of the Clippers at war,,,,,,,,,,,,,,,,,,,,
asm0341001323,asm03410013230013001,Page 13,Ten thousand times around the world : how 17 years' experience made possible the story of the Clippers at war,,,,,,,,,,,,,,,,,,,,
asm0341001323,asm03410013230014001,Page 14,Ten thousand times around the world : how 17 years' experience made possible the story of the Clippers at war,,,,,,,,,,,,,,,,,,,,
asm0341001323,asm03410013230015001,Page 15,Ten thousand times around the world : how 17 years' experience made possible the story of the Clippers at war,,,,,,,,,,,,,,,,,,,,
asm0341001323,asm03410013230016001,Page 16,Ten thousand times around the world : how 17 years' experience made possible the story of the Clippers at war,,,,,,,,,,,,,,,,,,,,
asm0341001323,asm03410013230017001,Page 17,Ten thousand times around the world : how 17 years' experience made possible the story of the Clippers at war,,,,,,,,,,,,,,,,,,,,
asm0341001323,asm03410013230018001,Page 18,Ten thousand times around the world : how 17 years' experience made possible the story of the Clippers at war,,,,,,,,,,,,,,,,,,,,
asm0341001323,asm03410013230019001,Page 19,Ten thousand times around the world : how 17 years' experience made possible the story of the Clippers at war,,,,,,,,,,,,,,,,,,,,
asm0341001323,asm03410013230020001,Page 20,Ten thousand times around the world : how 17 years' experience made possible the story of the Clippers at war,,,,,,,,,,,,,,,,,,,,
asm0341001323,asm03410013230021001,Page 21,Ten thousand times around the world : how 17 years' experience made possible the story of the Clippers at war,,,,,,,,,,,,,,,,,,,,
asm0341001323,asm03410013230022001,Page 22,Ten thousand times around the world : how 17 years' experience made possible the story of the Clippers at war,,,,,,,,,,,,,,,,,,,,
asm0341001323,asm03410013230023001,Page 23,Ten thousand times around the world : how 17 years' experience made possible the story of the Clippers at war,,,,,,,,,,,,,,,,,,,,
asm0341001323,asm03410013230024001,Page 24,Ten thousand times around the world : how 17 years' experience made possible the story of the Clippers at war,,,,,,,,,,,,,,,,,,,,
asm0341001323,asm03410013230025001,Page 25,Ten thousand times around the world : how 17 years' experience made possible the story of the Clippers at war,,,,,,,,,,,,,,,,,,,,
asm0341001323,asm03410013230026001,Page 26,Ten thousand times around the world : how 17 years' experience made possible the story of the Clippers at war,,,,,,,,,,,,,,,,,,,,
asm0341001323,asm03410013230027001,Page 27,Ten thousand times around the world : how 17 years' experience made possible the story of the Clippers at war,,,,,,,,,,,,,,,,,,,,
asm0341001323,asm03410013230028001,Page 28,Ten thousand times around the world : how 17 years' experience made possible the story of the Clippers at war,,,,,,,,,,,,,,,,,,,,
asm0341001323,asm03410013230029001,Page 29,Ten thousand times around the world : how 17 years' experience made possible the story of the Clippers at war,,,,,,,,,,,,,,,,,,,,
asm0341001323,asm03410013230030001,Page 30,Ten thousand times around the world : how 17 years' experience made possible the story of the Clippers at war,,,,,,,,,,,,,,,,,,,,
asm0341001323,asm03410013230031001,Page 31,Ten thousand times around the world : how 17 years' experience made possible the story of the Clippers at war,,,,,,,,,,,,,,,,,,,,
asm0341001323,asm03410013230032001,Page 32,Ten thousand times around the world : how 17 years' experience made possible the story of the Clippers at war,,,,,,,,,,,,,,,,,,,,
asm0341001323,asm03410013230033001,Page 33,Ten thousand times around the world : how 17 years' experience made possible the story of the Clippers at war,,,,,,,,,,,,,,,,,,,,
asm0341001323,asm03410013230034001,Page 34,Ten thousand times around the world : how 17 years' experience made possible the story of the Clippers at war,,,,,,,,,,,,,,,,,,,,
asm0341001323,asm03410013230035001,Page 35,Ten thousand times around the world : how 17 years' experience made possible the story of the Clippers at war,,,,,,,,,,,,,,,,,,,,
asm0341001323,asm03410013230036001,Page 36,Ten thousand times around the world : how 17 years' experience made possible the story of the Clippers at war,,,,,,,,,,,,,,,,,,,,
asm0341001324,,Pan American is forty : the story of a great airline,Pan American is forty : the story of a great airline,,"Davies, Ron; Pan American World Airways, Inc.",,,,,Brochures; Promotional materials;,,,1967,1960-1969,,eng,University of Miami. Library. Special Collections,"Pan American World Airways, Inc. records",ASM0341,Printed Materials: Brochures and Booklets: Other,Box No. 1 of 2; Box Title: Brochures and Booklets: Other 1 of 2; Folder No. 8; Folder Title: Brochures and Booklets: other (8 of 15),"This material is in the public domain in the United States. The Pan Am brand remains under trademark. For additional information, please visit: https://digitalcollections.library.miami.edu/digital/custom/copyright-guidelines",http://rightsstatements.org/vocab/NoC-US/1.0/
asm0341001324,asm03410013240001001,Page 1,Pan American is forty : the story of a great airline,,,,,,,,,,,,,,,,,,,,
asm0341001324,asm03410013240002001,Page 2,Pan American is forty : the story of a great airline,,,,,,,,,,,,,,,,,,,,
asm0341001324,asm03410013240003001,Page 3,Pan American is forty : the story of a great airline,,,,,,,,,,,,,,,,,,,,
asm0341001324,asm03410013240004001,Page 4,Pan American is forty : the story of a great airline,,,,,,,,,,,,,,,,,,,,
asm0341001324,asm03410013240005001,Page 5,Pan American is forty : the story of a great airline,,,,,,,,,,,,,,,,,,,,
asm0341001324,asm03410013240006001,Page 6,Pan American is forty : the story of a great airline,,,,,,,,,,,,,,,,,,,,
asm0341001324,asm03410013240007001,Page 7,Pan American is forty : the story of a great airline,,,,,,,,,,,,,,,,,,,,
asm0341001324,asm03410013240008001,Page 8,Pan American is forty : the story of a great airline,,,,,,,,,,,,,,,,,,,,
asm0341001324,asm03410013240009001,Page 9,Pan American is forty : the story of a great airline,,,,,,,,,,,,,,,,,,,,
asm0341001324,asm03410013240010001,Page 10,Pan American is forty : the story of a great airline,,,,,,,,,,,,,,,,,,,,
asm0341001324,asm03410013240011001,Page 11,Pan American is forty : the story of a great airline,,,,,,,,,,,,,,,,,,,,
asm0341001324,asm03410013240012001,Page 12,Pan American is forty : the story of a great airline,,,,,,,,,,,,,,,,,,,,
asm0341001325,,A public servant makes a brief report,A public servant makes a brief report,,"Pan American World Airways, Inc.",,,,,Brochures; Promotional materials;,,1953,,1950-1959,,eng,University of Miami. Library. Special Collections,"Pan American World Airways, Inc. records",ASM0341,Printed Materials: Brochures and Booklets: Other,Box No. 1 of 2; Box Title: Brochures and Booklets: Other 1 of 2; Folder No. 8; Folder Title: Brochures and Booklets: other (8 of 15),"This material is in the public domain in the United States. The Pan Am brand remains under trademark. For additional information, please visit: https://digitalcollections.library.miami.edu/digital/custom/copyright-guidelines",http://rightsstatements.org/vocab/NoC-US/1.0/
asm0341001325,asm03410013250001001,Page 1,A public servant makes a brief report,,,,,,,,,,,,,,,,,,,,
asm0341001325,asm03410013250002001,Page 2,A public servant makes a brief report,,,,,,,,,,,,,,,,,,,,
asm0341001325,asm03410013250003001,Page 3,A public servant makes a brief report,,,,,,,,,,,,,,,,,,,,
asm0341001325,asm03410013250004001,Page 4,A public servant makes a brief report,,,,,,,,,,,,,,,,,,,,
asm0341001325,asm03410013250005001,Page 5,A public servant makes a brief report,,,,,,,,,,,,,,,,,,,,
asm0341001325,asm03410013250006001,Page 6,A public servant makes a brief report,,,,,,,,,,,,,,,,,,,,
asm0341001325,asm03410013250007001,Page 7,A public servant makes a brief report,,,,,,,,,,,,,,,,,,,,
asm0341001325,asm03410013250008001,Page 8,A public servant makes a brief report,,,,,,,,,,,,,,,,,,,,
asm0341001325,asm03410013250009001,Page 9,A public servant makes a brief report,,,,,,,,,,,,,,,,,,,,
asm0341001325,asm03410013250010001,Page 10,A public servant makes a brief report,,,,,,,,,,,,,,,,,,,,
asm0341001325,asm03410013250011001,Page 11,A public servant makes a brief report,,,,,,,,,,,,,,,,,,,,
asm0341001325,asm03410013250012001,Page 12,A public servant makes a brief report,,,,,,,,,,,,,,,,,,,,
asm0341001325,asm03410013250013001,Page 13,A public servant makes a brief report,,,,,,,,,,,,,,,,,,,,
asm0341001325,asm03410013250014001,Page 14,A public servant makes a brief report,,,,,,,,,,,,,,,,,,,,
asm0341001325,asm03410013250015001,Page 15,A public servant makes a brief report,,,,,,,,,,,,,,,,,,,,
asm0341001325,asm03410013250016001,Page 16,A public servant makes a brief report,,,,,,,,,,,,,,,,,,,,
asm0341001326,,Let's get better acquainted,Let's get better acquainted,,"Pan American World Airways, Inc.",,,,,Brochures; Promotional materials;,,1945,,1940-1949,Central America; South America; Caribbean Area,eng,University of Miami. Library. Special Collections,"Pan American World Airways, Inc. records",ASM0341,Printed Materials: Brochures and Booklets: Other,Box No. 1 of 2; Box Title: Brochures and Booklets: Other 1 of 2; Folder No. 9; Folder Title: Brochures and Booklets: other (9 of 15),"This material is in the public domain in the United States. The Pan Am brand remains under trademark. For additional information, please visit: https://digitalcollections.library.miami.edu/digital/custom/copyright-guidelines",http://rightsstatements.org/vocab/NoC-US/1.0/
asm0341001326,asm03410013260001001,Page 1,Let's get better acquainted,,,,,,,,,,,,,,,,,,,,
asm0341001326,asm03410013260002001,Page 2,Let's get better acquainted,,,,,,,,,,,,,,,,,,,,
asm0341001326,asm03410013260003001,Page 3,Let's get better acquainted,,,,,,,,,,,,,,,,,,,,
asm0341001326,asm03410013260004001,Page 4,Let's get better acquainted,,,,,,,,,,,,,,,,,,,,
asm0341001326,asm03410013260005001,Page 5,Let's get better acquainted,,,,,,,,,,,,,,,,,,,,
asm0341001326,asm03410013260006001,Page 6,Let's get better acquainted,,,,,,,,,,,,,,,,,,,,
asm0341001326,asm03410013260007001,Page 7,Let's get better acquainted,,,,,,,,,,,,,,,,,,,,
asm0341001326,asm03410013260008001,Page 8,Let's get better acquainted,,,,,,,,,,,,,,,,,,,,
asm0341001326,asm03410013260009001,Page 9,Let's get better acquainted,,,,,,,,,,,,,,,,,,,,
asm0341001326,asm03410013260010001,Page 10,Let's get better acquainted,,,,,,,,,,,,,,,,,,,,
asm0341001326,asm03410013260011001,Page 11,Let's get better acquainted,,,,,,,,,,,,,,,,,,,,
asm0341001326,asm03410013260012001,Page 12,Let's get better acquainted,,,,,,,,,,,,,,,,,,,,
asm0341001326,asm03410013260013001,Page 13,Let's get better acquainted,,,,,,,,,,,,,,,,,,,,
asm0341001326,asm03410013260014001,Page 14,Let's get better acquainted,,,,,,,,,,,,,,,,,,,,
asm0341001326,asm03410013260015001,Page 15,Let's get better acquainted,,,,,,,,,,,,,,,,,,,,
asm0341001326,asm03410013260016001,Page 16,Let's get better acquainted,,,,,,,,,,,,,,,,,,,,
asm0341001326,asm03410013260017001,Page 17,Let's get better acquainted,,,,,,,,,,,,,,,,,,,,
asm0341001326,asm03410013260018001,Page 18,Let's get better acquainted,,,,,,,,,,,,,,,,,,,,
asm0341001326,asm03410013260019001,Page 19,Let's get better acquainted,,,,,,,,,,,,,,,,,,,,
asm0341001326,asm03410013260020001,Page 20,Let's get better acquainted,,,,,,,,,,,,,,,,,,,,
asm0341001326,asm03410013260021001,Page 21,Let's get better acquainted,,,,,,,,,,,,,,,,,,,,
asm0341001326,asm03410013260022001,Page 22,Let's get better acquainted,,,,,,,,,,,,,,,,,,,,
asm0341001326,asm03410013260023001,Page 23,Let's get better acquainted,,,,,,,,,,,,,,,,,,,,
asm0341001326,asm03410013260024001,Page 24,Let's get better acquainted,,,,,,,,,,,,,,,,,,,,
asm0341001326,asm03410013260025001,Page 25,Let's get better acquainted,,,,,,,,,,,,,,,,,,,,
asm0341001326,asm03410013260026001,Page 26,Let's get better acquainted,,,,,,,,,,,,,,,,,,,,
asm0341001326,asm03410013260027001,Page 27,Let's get better acquainted,,,,,,,,,,,,,,,,,,,,
asm0341001326,asm03410013260028001,Page 28,Let's get better acquainted,,,,,,,,,,,,,,,,,,,,
asm0341001326,asm03410013260029001,Page 29,Let's get better acquainted,,,,,,,,,,,,,,,,,,,,
asm0341001326,asm03410013260030001,Page 30,Let's get better acquainted,,,,,,,,,,,,,,,,,,,,
asm0341001326,asm03410013260031001,Page 31,Let's get better acquainted,,,,,,,,,,,,,,,,,,,,
asm0341001326,asm03410013260032001,Page 32,Let's get better acquainted,,,,,,,,,,,,,,,,,,,,
asm0341001326,asm03410013260033001,Page 33,Let's get better acquainted,,,,,,,,,,,,,,,,,,,,
asm0341001326,asm03410013260034001,Page 34,Let's get better acquainted,,,,,,,,,,,,,,,,,,,,
asm0341001326,asm03410013260035001,Page 35,Let's get better acquainted,,,,,,,,,,,,,,,,,,,,
asm0341001326,asm03410013260036001,Page 36,Let's get better acquainted,,,,,,,,,,,,,,,,,,,,
asm0341001326,asm03410013260037001,Page 37,Let's get better acquainted,,,,,,,,,,,,,,,,,,,,
asm0341001326,asm03410013260038001,Page 38,Let's get better acquainted,,,,,,,,,,,,,,,,,,,,
asm0341001326,asm03410013260039001,Page 39,Let's get better acquainted,,,,,,,,,,,,,,,,,,,,
asm0341001326,asm03410013260040001,Page 40,Let's get better acquainted,,,,,,,,,,,,,,,,,,,,
asm0341001327,,The Pan Am Story,The Pan Am Story,,"Pan American World Airways, Inc.",,,,,Brochures; Promotional materials;,,1964,,1960-1969,,eng,University of Miami. Library. Special Collections,"Pan American World Airways, Inc. records",ASM0341,Printed Materials: Brochures and Booklets: Other,Box No. 1 of 2; Box Title: Brochures and Booklets: Other 1 of 2; Folder No. 9; Folder Title: Brochures and Booklets: other (9 of 15),"This material is protected by copyright. Use for education purposes is permitted. Copyright was originally held by Pan American World Airways, Inc., but was transferred to the University of Miami. The Pan Am brand remains under trademark. For additional information, please visit: https://digitalcollections.library.miami.edu/digital/custom/copyright-guidelines",http://rightsstatements.org/vocab/InC-EDU/1.0/
asm0341001327,asm03410013270001001,Page 1,The Pan Am Story,,,,,,,,,,,,,,,,,,,,
asm0341001327,asm03410013270002001,Page 2,The Pan Am Story,,,,,,,,,,,,,,,,,,,,
asm0341001327,asm03410013270003001,Page 3,The Pan Am Story,,,,,,,,,,,,,,,,,,,,
asm0341001327,asm03410013270004001,Page 4,The Pan Am Story,,,,,,,,,,,,,,,,,,,,
asm0341001327,asm03410013270005001,Page 5,The Pan Am Story,,,,,,,,,,,,,,,,,,,,
asm0341001327,asm03410013270006001,Page 6,The Pan Am Story,,,,,,,,,,,,,,,,,,,,
asm0341001327,asm03410013270007001,Page 7,The Pan Am Story,,,,,,,,,,,,,,,,,,,,
asm0341001327,asm03410013270008001,Page 8,The Pan Am Story,,,,,,,,,,,,,,,,,,,,
asm0341001327,asm03410013270009001,Page 9,The Pan Am Story,,,,,,,,,,,,,,,,,,,,
asm0341001327,asm03410013270010001,Page 10,The Pan Am Story,,,,,,,,,,,,,,,,,,,,
asm0341001327,asm03410013270011001,Page 11,The Pan Am Story,,,,,,,,,,,,,,,,,,,,
asm0341001327,asm03410013270012001,Page 12,The Pan Am Story,,,,,,,,,,,,,,,,,,,,
asm0341001328,,Behind the flight,Behind the flight,,"Pan American World Airways, Inc.",,,,,Brochures; Promotional materials;,,,,,,eng,University of Miami. Library. Special Collections,"Pan American World Airways, Inc. records",ASM0341,Printed Materials: Brochures and Booklets: Other,Box No. 1 of 2; Box Title: Brochures and Booklets: Other 1 of 2; Folder No. 9; Folder Title: Brochures and Booklets: other (9 of 15),"The copyright and related rights status of this material is unknown. The Pan Am brand remains under trademark. For additional information, please visit: https://digitalcollections.library.miami.edu/digital/custom/copyright-guidelines",http://rightsstatements.org/vocab/UND/1.0/
asm0341001328,asm03410013280001001,Page 1,Behind the flight,,,,,,,,,,,,,,,,,,,,
asm0341001328,asm03410013280002001,Page 2,Behind the flight,,,,,,,,,,,,,,,,,,,,
asm0341001328,asm03410013280003001,Page 3,Behind the flight,,,,,,,,,,,,,,,,,,,,
asm0341001328,asm03410013280004001,Page 4,Behind the flight,,,,,,,,,,,,,,,,,,,,
asm0341001328,asm03410013280005001,Page 5,Behind the flight,,,,,,,,,,,,,,,,,,,,
asm0341001328,asm03410013280006001,Page 6,Behind the flight,,,,,,,,,,,,,,,,,,,,
asm0341001328,asm03410013280007001,Page 7,Behind the flight,,,,,,,,,,,,,,,,,,,,
asm0341001328,asm03410013280008001,Page 8,Behind the flight,,,,,,,,,,,,,,,,,,,,
asm0341001328,asm03410013280009001,Page 9,Behind the flight,,,,,,,,,,,,,,,,,,,,
asm0341001328,asm03410013280010001,Page 10,Behind the flight,,,,,,,,,,,,,,,,,,,,
asm0341001328,asm03410013280011001,Page 11,Behind the flight,,,,,,,,,,,,,,,,,,,,
asm0341001328,asm03410013280012001,Page 12,Behind the flight,,,,,,,,,,,,,,,,,,,,
asm0341001328,asm03410013280013001,Page 13,Behind the flight,,,,,,,,,,,,,,,,,,,,
asm0341001328,asm03410013280014001,Page 14,Behind the flight,,,,,,,,,,,,,,,,,,,,
asm0341001328,asm03410013280015001,Page 15,Behind the flight,,,,,,,,,,,,,,,,,,,,
asm0341001328,asm03410013280016001,Page 16,Behind the flight,,,,,,,,,,,,,,,,,,,,
asm0341001328,asm03410013280017001,Page 17,Behind the flight,,,,,,,,,,,,,,,,,,,,
asm0341001328,asm03410013280018001,Page 18,Behind the flight,,,,,,,,,,,,,,,,,,,,
asm0341001328,asm03410013280019001,Page 19,Behind the flight,,,,,,,,,,,,,,,,,,,,
asm0341001328,asm03410013280020001,Page 20,Behind the flight,,,,,,,,,,,,,,,,,,,,
asm0341001328,asm03410013280021001,Page 21,Behind the flight,,,,,,,,,,,,,,,,,,,,
asm0341001328,asm03410013280022001,Page 22,Behind the flight,,,,,,,,,,,,,,,,,,,,
asm0341001329,,The Clippers,The Clippers,,"Pan American World Airways, Inc.",,,,,Brochures; Promotional materials;,,1947,,1940-1949,,eng,University of Miami. Library. Special Collections,"Pan American World Airways, Inc. records",ASM0341,Printed Materials: Brochures and Booklets: Other,Box No. 1 of 2; Box Title: Brochures and Booklets: Other 1 of 2; Folder No. 9; Folder Title: Brochures and Booklets: other (9 of 15),"This material is in the public domain in the United States. The Pan Am brand remains under trademark. For additional information, please visit: https://digitalcollections.library.miami.edu/digital/custom/copyright-guidelines",http://rightsstatements.org/vocab/NoC-US/1.0/
asm0341001329,asm03410013290001001,Page 1,The Clippers,,,,,,,,,,,,,,,,,,,,
asm0341001329,asm03410013290002001,Page 2,The Clippers,,,,,,,,,,,,,,,,,,,,
asm0341001329,asm03410013290003001,Page 3,The Clippers,,,,,,,,,,,,,,,,,,,,
asm0341001329,asm03410013290004001,Page 4,The Clippers,,,,,,,,,,,,,,,,,,,,
asm0341001329,asm03410013290005001,Page 5,The Clippers,,,,,,,,,,,,,,,,,,,,
asm0341001329,asm03410013290006001,Page 6,The Clippers,,,,,,,,,,,,,,,,,,,,
asm0341001329,asm03410013290007001,Page 7,The Clippers,,,,,,,,,,,,,,,,,,,,
asm0341001329,asm03410013290008001,Page 8,The Clippers,,,,,,,,,,,,,,,,,,,,
asm0341001330,,The legend of the Clipper,The legend of the Clipper,,"Pan American World Airways, Inc.",,,,,Brochures; Promotional materials;,,1964,,1960-1969,,eng,University of Miami. Library. Special Collections,"Pan American World Airways, Inc. records",ASM0341,Printed Materials: Brochures and Booklets: Other,Box No. 1 of 2; Box Title: Brochures and Booklets: Other 1 of 2; Folder No. 9; Folder Title: Brochures and Booklets: other (9 of 15),"This material is protected by copyright. Use for education purposes is permitted. Copyright was originally held by Pan American World Airways, Inc., but was transferred to the University of Miami. The Pan Am brand remains under trademark. For additional information, please visit: https://digitalcollections.library.miami.edu/digital/custom/copyright-guidelines",http://rightsstatements.org/vocab/InC-EDU/1.0/
asm0341001330,asm03410013300001001,Page 1,The legend of the Clipper,,,,,,,,,,,,,,,,,,,,
asm0341001330,asm03410013300002001,Page 2,The legend of the Clipper,,,,,,,,,,,,,,,,,,,,
asm0341001330,asm03410013300003001,Page 3,The legend of the Clipper,,,,,,,,,,,,,,,,,,,,
asm0341001330,asm03410013300004001,Page 4,The legend of the Clipper,,,,,,,,,,,,,,,,,,,,
asm0341001330,asm03410013300005001,Page 5,The legend of the Clipper,,,,,,,,,,,,,,,,,,,,
asm0341001330,asm03410013300006001,Page 6,The legend of the Clipper,,,,,,,,,,,,,,,,,,,,
asm0341001330,asm03410013300007001,Page 7,The legend of the Clipper,,,,,,,,,,,,,,,,,,,,
asm0341001330,asm03410013300008001,Page 8,The legend of the Clipper,,,,,,,,,,,,,,,,,,,,
asm0341001330,asm03410013300009001,Page 9,The legend of the Clipper,,,,,,,,,,,,,,,,,,,,
asm0341001330,asm03410013300010001,Page 10,The legend of the Clipper,,,,,,,,,,,,,,,,,,,,
asm0341001330,asm03410013300011001,Page 11,The legend of the Clipper,,,,,,,,,,,,,,,,,,,,
asm0341001330,asm03410013300012001,Page 12,The legend of the Clipper,,,,,,,,,,,,,,,,,,,,
asm0341001331,,Pan Am fact book,Pan Am fact book,,"Pan American World Airways, Inc.",,,,,Promotional materials,,1980-09,,1980-1989,,eng,University of Miami. Library. Special Collections,"Pan American World Airways, Inc. records",ASM0341,Printed Materials: Brochures and Booklets: Other,Box No. 1 of 2; Box Title: Brochures and Booklets: Other 1 of 2; Folder No. 9; Folder Title: Brochures and Booklets: other (9 of 15),"This material is in the public domain in the United States. The Pan Am brand remains under trademark. For additional information, please visit: https://digitalcollections.library.miami.edu/digital/custom/copyright-guidelines",http://rightsstatements.org/vocab/NoC-US/1.0/
asm0341001331,asm03410013310001001,Page 1,Pan Am fact book,,,,,,,,,,,,,,,,,,,,
asm0341001331,asm03410013310002001,Page 2,Pan Am fact book,,,,,,,,,,,,,,,,,,,,
asm0341001331,asm03410013310003001,Page 3,Pan Am fact book,,,,,,,,,,,,,,,,,,,,
asm0341001331,asm03410013310004001,Page 4,Pan Am fact book,,,,,,,,,,,,,,,,,,,,
asm0341001331,asm03410013310005001,Page 5,Pan Am fact book,,,,,,,,,,,,,,,,,,,,
asm0341001331,asm03410013310006001,Page 6,Pan Am fact book,,,,,,,,,,,,,,,,,,,,
asm0341001331,asm03410013310007001,Page 7,Pan Am fact book,,,,,,,,,,,,,,,,,,,,
asm0341001331,asm03410013310008001,Page 8,Pan Am fact book,,,,,,,,,,,,,,,,,,,,
asm0341001331,asm03410013310009001,Page 9,Pan Am fact book,,,,,,,,,,,,,,,,,,,,
asm0341001331,asm03410013310010001,Page 10,Pan Am fact book,,,,,,,,,,,,,,,,,,,,
asm0341001331,asm03410013310011001,Page 11,Pan Am fact book,,,,,,,,,,,,,,,,,,,,
asm0341001331,asm03410013310012001,Page 12,Pan Am fact book,,,,,,,,,,,,,,,,,,,,
asm0341001331,asm03410013310013001,Page 13,Pan Am fact book,,,,,,,,,,,,,,,,,,,,
asm0341001331,asm03410013310014001,Page 14,Pan Am fact book,,,,,,,,,,,,,,,,,,,,
asm0341001331,asm03410013310015001,Page 15,Pan Am fact book,,,,,,,,,,,,,,,,,,,,
asm0341001331,asm03410013310016001,Page 16,Pan Am fact book,,,,,,,,,,,,,,,,,,,,
asm0341001331,asm03410013310017001,Page 17,Pan Am fact book,,,,,,,,,,,,,,,,,,,,
asm0341001331,asm03410013310018001,Page 18,Pan Am fact book,,,,,,,,,,,,,,,,,,,,
asm0341001331,asm03410013310019001,Page 19,Pan Am fact book,,,,,,,,,,,,,,,,,,,,
asm0341001331,asm03410013310020001,Page 20,Pan Am fact book,,,,,,,,,,,,,,,,,,,,
asm0341001331,asm03410013310021001,Page 21,Pan Am fact book,,,,,,,,,,,,,,,,,,,,
asm0341001331,asm03410013310022001,Page 22,Pan Am fact book,,,,,,,,,,,,,,,,,,,,
asm0341001331,asm03410013310023001,Page 23,Pan Am fact book,,,,,,,,,,,,,,,,,,,,
asm0341001331,asm03410013310024001,Page 24,Pan Am fact book,,,,,,,,,,,,,,,,,,,,
asm0341001331,asm03410013310025001,Page 25,Pan Am fact book,,,,,,,,,,,,,,,,,,,,
asm0341001331,asm03410013310026001,Page 26,Pan Am fact book,,,,,,,,,,,,,,,,,,,,
asm0341001331,asm03410013310027001,Page 27,Pan Am fact book,,,,,,,,,,,,,,,,,,,,
asm0341001331,asm03410013310028001,Page 28,Pan Am fact book,,,,,,,,,,,,,,,,,,,,
asm0341001331,asm03410013310029001,Page 29,Pan Am fact book,,,,,,,,,,,,,,,,,,,,
asm0341001331,asm03410013310030001,Page 30,Pan Am fact book,,,,,,,,,,,,,,,,,,,,
asm0341001331,asm03410013310031001,Page 31,Pan Am fact book,,,,,,,,,,,,,,,,,,,,
asm0341001331,asm03410013310032001,Page 32,Pan Am fact book,,,,,,,,,,,,,,,,,,,,
asm0341001331,asm03410013310033001,Page 33,Pan Am fact book,,,,,,,,,,,,,,,,,,,,
asm0341001331,asm03410013310034001,Page 34,Pan Am fact book,,,,,,,,,,,,,,,,,,,,
asm0341001331,asm03410013310035001,Page 35,Pan Am fact book,,,,,,,,,,,,,,,,,,,,
asm0341001331,asm03410013310036001,Page 36,Pan Am fact book,,,,,,,,,,,,,,,,,,,,
asm0341001331,asm03410013310037001,Page 37,Pan Am fact book,,,,,,,,,,,,,,,,,,,,
asm0341001331,asm03410013310038001,Page 38,Pan Am fact book,,,,,,,,,,,,,,,,,,,,
asm0341001331,asm03410013310039001,Page 39,Pan Am fact book,,,,,,,,,,,,,,,,,,,,
asm0341001331,asm03410013310040001,Page 40,Pan Am fact book,,,,,,,,,,,,,,,,,,,,
asm0341001332,,Pan Am Fact book,Pan Am Fact book,,"Pan American World Airways, Inc.",,,,,Promotional materials,,1981-01,,1980-1989,New York (N.Y.),eng,University of Miami. Library. Special Collections,"Pan American World Airways, Inc. records",ASM0341,Printed Materials: Brochures and Booklets: Other,Box No. 1 of 2; Box Title: Brochures and Booklets: Other 1 of 2; Folder No. 9; Folder Title: Brochures and Booklets: other (9 of 15),"This material is in the public domain in the United States. The Pan Am brand remains under trademark. For additional information, please visit: https://digitalcollections.library.miami.edu/digital/custom/copyright-guidelines",http://rightsstatements.org/vocab/NoC-US/1.0/
asm0341001332,asm03410013320001001,Page 1,Pan Am Fact book,,,,,,,,,,,,,,,,,,,,
asm0341001332,asm03410013320002001,Page 2,Pan Am Fact book,,,,,,,,,,,,,,,,,,,,
asm0341001332,asm03410013320003001,Page 3,Pan Am Fact book,,,,,,,,,,,,,,,,,,,,
asm0341001332,asm03410013320004001,Page 4,Pan Am Fact book,,,,,,,,,,,,,,,,,,,,
asm0341001332,asm03410013320005001,Page 5,Pan Am Fact book,,,,,,,,,,,,,,,,,,,,
asm0341001332,asm03410013320006001,Page 6,Pan Am Fact book,,,,,,,,,,,,,,,,,,,,
asm0341001332,asm03410013320007001,Page 7,Pan Am Fact book,,,,,,,,,,,,,,,,,,,,
asm0341001332,asm03410013320008001,Page 8,Pan Am Fact book,,,,,,,,,,,,,,,,,,,,
asm0341001332,asm03410013320009001,Page 9,Pan Am Fact book,,,,,,,,,,,,,,,,,,,,
asm0341001332,asm03410013320010001,Page 10,Pan Am Fact book,,,,,,,,,,,,,,,,,,,,
asm0341001332,asm03410013320011001,Page 11,Pan Am Fact book,,,,,,,,,,,,,,,,,,,,
asm0341001332,asm03410013320012001,Page 12,Pan Am Fact book,,,,,,,,,,,,,,,,,,,,
asm0341001332,asm03410013320013001,Page 13,Pan Am Fact book,,,,,,,,,,,,,,,,,,,,
asm0341001332,asm03410013320014001,Page 14,Pan Am Fact book,,,,,,,,,,,,,,,,,,,,
asm0341001332,asm03410013320015001,Page 15,Pan Am Fact book,,,,,,,,,,,,,,,,,,,,
asm0341001332,asm03410013320016001,Page 16,Pan Am Fact book,,,,,,,,,,,,,,,,,,,,
asm0341001332,asm03410013320017001,Page 17,Pan Am Fact book,,,,,,,,,,,,,,,,,,,,
asm0341001332,asm03410013320018001,Page 18,Pan Am Fact book,,,,,,,,,,,,,,,,,,,,
asm0341001332,asm03410013320019001,Page 19,Pan Am Fact book,,,,,,,,,,,,,,,,,,,,
asm0341001332,asm03410013320020001,Page 20,Pan Am Fact book,,,,,,,,,,,,,,,,,,,,
asm0341001332,asm03410013320021001,Page 21,Pan Am Fact book,,,,,,,,,,,,,,,,,,,,
asm0341001332,asm03410013320022001,Page 22,Pan Am Fact book,,,,,,,,,,,,,,,,,,,,
asm0341001332,asm03410013320023001,Page 23,Pan Am Fact book,,,,,,,,,,,,,,,,,,,,
asm0341001332,asm03410013320024001,Page 24,Pan Am Fact book,,,,,,,,,,,,,,,,,,,,
asm0341001332,asm03410013320025001,Page 25,Pan Am Fact book,,,,,,,,,,,,,,,,,,,,
asm0341001332,asm03410013320026001,Page 26,Pan Am Fact book,,,,,,,,,,,,,,,,,,,,
asm0341001332,asm03410013320027001,Page 27,Pan Am Fact book,,,,,,,,,,,,,,,,,,,,
asm0341001332,asm03410013320028001,Page 28,Pan Am Fact book,,,,,,,,,,,,,,,,,,,,
asm0341001332,asm03410013320029001,Page 29,Pan Am Fact book,,,,,,,,,,,,,,,,,,,,
asm0341001332,asm03410013320030001,Page 30,Pan Am Fact book,,,,,,,,,,,,,,,,,,,,
asm0341001332,asm03410013320031001,Page 31,Pan Am Fact book,,,,,,,,,,,,,,,,,,,,
asm0341001332,asm03410013320032001,Page 32,Pan Am Fact book,,,,,,,,,,,,,,,,,,,,
asm0341001332,asm03410013320033001,Page 33,Pan Am Fact book,,,,,,,,,,,,,,,,,,,,
asm0341001332,asm03410013320034001,Page 34,Pan Am Fact book,,,,,,,,,,,,,,,,,,,,
asm0341001332,asm03410013320035001,Page 35,Pan Am Fact book,,,,,,,,,,,,,,,,,,,,
asm0341001332,asm03410013320036001,Page 36,Pan Am Fact book,,,,,,,,,,,,,,,,,,,,
asm0341001332,asm03410013320037001,Page 37,Pan Am Fact book,,,,,,,,,,,,,,,,,,,,
asm0341001332,asm03410013320038001,Page 38,Pan Am Fact book,,,,,,,,,,,,,,,,,,,,
asm0341001332,asm03410013320039001,Page 39,Pan Am Fact book,,,,,,,,,,,,,,,,,,,,
asm0341001332,asm03410013320040001,Page 40,Pan Am Fact book,,,,,,,,,,,,,,,,,,,,
asm0341001333,,Win your wings as a Pan Am stewardess,Win your wings as a Pan Am stewardess,,"Pan American World Airways, Inc.",,,,,Brochures; Promotional materials;,,1967-03,,1960-1969,,eng,University of Miami. Library. Special Collections,"Pan American World Airways, Inc. records",ASM0341,Printed Materials: Brochures and Booklets: Other,Box No. 1 of 2; Box Title: Brochures and Booklets: Other 1 of 2; Folder No. 10; Folder Title: Brochures and Booklets: other (10 of 15),"This material is in the public domain in the United States. The Pan Am brand remains under trademark. For additional information, please visit: https://digitalcollections.library.miami.edu/digital/custom/copyright-guidelines",http://rightsstatements.org/vocab/NoC-US/1.0/
asm0341001333,asm03410013330001001,Page 1,Win your wings as a Pan Am stewardess,,,,,,,,,,,,,,,,,,,,
asm0341001333,asm03410013330002001,Page 2,Win your wings as a Pan Am stewardess,,,,,,,,,,,,,,,,,,,,
asm0341001333,asm03410013330003001,Page 3,Win your wings as a Pan Am stewardess,,,,,,,,,,,,,,,,,,,,
asm0341001333,asm03410013330004001,Page 4,Win your wings as a Pan Am stewardess,,,,,,,,,,,,,,,,,,,,
asm0341001334,,Questions people ask about airlines: Answers you can give them,Questions people ask about airlines: Answers you can give them,,Air Transport Association of America,,,,,Brochures; Promotional materials;,,,1971,1970-1979,,eng,University of Miami. Library. Special Collections,"Pan American World Airways, Inc. records",ASM0341,Printed Materials: Brochures and Booklets: Other,Box No. 1 of 2; Box Title: Brochures and Booklets: Other 1 of 2; Folder No. 10; Folder Title: Brochures and Booklets: other (10 of 15),"This material is in the public domain in the United States. The Pan Am brand remains under trademark. For additional information, please visit: https://digitalcollections.library.miami.edu/digital/custom/copyright-guidelines",http://rightsstatements.org/vocab/NoC-US/1.0/
asm0341001334,asm03410013340001001,Page 1,Questions people ask about airlines: Answers you can give them,,,,,,,,,,,,,,,,,,,,
asm0341001334,asm03410013340002001,Page 2,Questions people ask about airlines: Answers you can give them,,,,,,,,,,,,,,,,,,,,
asm0341001334,asm03410013340003001,Page 3,Questions people ask about airlines: Answers you can give them,,,,,,,,,,,,,,,,,,,,
asm0341001334,asm03410013340004001,Page 4,Questions people ask about airlines: Answers you can give them,,,,,,,,,,,,,,,,,,,,
asm0341001334,asm03410013340005001,Page 5,Questions people ask about airlines: Answers you can give them,,,,,,,,,,,,,,,,,,,,
asm0341001334,asm03410013340006001,Page 6,Questions people ask about airlines: Answers you can give them,,,,,,,,,,,,,,,,,,,,
asm0341001334,asm03410013340007001,Page 7,Questions people ask about airlines: Answers you can give them,,,,,,,,,,,,,,,,,,,,
asm0341001334,asm03410013340008001,Page 8,Questions people ask about airlines: Answers you can give them,,,,,,,,,,,,,,,,,,,,
asm0341001334,asm03410013340009001,Page 9,Questions people ask about airlines: Answers you can give them,,,,,,,,,,,,,,,,,,,,
asm0341001334,asm03410013340010001,Page 10,Questions people ask about airlines: Answers you can give them,,,,,,,,,,,,,,,,,,,,
asm0341001334,asm03410013340011001,Page 11,Questions people ask about airlines: Answers you can give them,,,,,,,,,,,,,,,,,,,,
asm0341001334,asm03410013340012001,Page 12,Questions people ask about airlines: Answers you can give them,,,,,,,,,,,,,,,,,,,,
asm0341001335,,Maintenance Outlook,Maintenance Outlook,,"Pan American World Airways, Inc.",,,,,Brochures; Promotional materials;,,1970-01,,1970-1979,,eng,University of Miami. Library. Special Collections,"Pan American World Airways, Inc. records",ASM0341,Printed Materials: Brochures and Booklets: Other,Box No. 1 of 2; Box Title: Brochures and Booklets: Other 1 of 2; Folder No. 10; Folder Title: Brochures and Booklets: other (10 of 15),"This material is in the public domain in the United States. The Pan Am brand remains under trademark. For additional information, please visit: https://digitalcollections.library.miami.edu/digital/custom/copyright-guidelines",http://rightsstatements.org/vocab/NoC-US/1.0/
asm0341001335,asm03410013350001001,Page 1,Maintenance Outlook,,,,,,,,,,,,,,,,,,,,
asm0341001335,asm03410013350002001,Page 2,Maintenance Outlook,,,,,,,,,,,,,,,,,,,,
asm0341001335,asm03410013350003001,Page 3,Maintenance Outlook,,,,,,,,,,,,,,,,,,,,
asm0341001335,asm03410013350004001,Page 4,Maintenance Outlook,,,,,,,,,,,,,,,,,,,,
asm0341001335,asm03410013350005001,Page 5,Maintenance Outlook,,,,,,,,,,,,,,,,,,,,
asm0341001335,asm03410013350006001,Page 6,Maintenance Outlook,,,,,,,,,,,,,,,,,,,,
asm0341001335,asm03410013350007001,Page 7,Maintenance Outlook,,,,,,,,,,,,,,,,,,,,
asm0341001335,asm03410013350008001,Page 8,Maintenance Outlook,,,,,,,,,,,,,,,,,,,,
asm0341001335,asm03410013350009001,Page 9,Maintenance Outlook,,,,,,,,,,,,,,,,,,,,
asm0341001335,asm03410013350010001,Page 10,Maintenance Outlook,,,,,,,,,,,,,,,,,,,,
asm0341001335,asm03410013350011001,Page 11,Maintenance Outlook,,,,,,,,,,,,,,,,,,,,
asm0341001335,asm03410013350012001,Page 12,Maintenance Outlook,,,,,,,,,,,,,,,,,,,,
asm0341001335,asm03410013350013001,Page 13,Maintenance Outlook,,,,,,,,,,,,,,,,,,,,
asm0341001335,asm03410013350014001,Page 14,Maintenance Outlook,,,,,,,,,,,,,,,,,,,,
asm0341001335,asm03410013350015001,Page 15,Maintenance Outlook,,,,,,,,,,,,,,,,,,,,
asm0341001335,asm03410013350016001,Page 16,Maintenance Outlook,,,,,,,,,,,,,,,,,,,,
asm0341001335,asm03410013350017001,Page 17,Maintenance Outlook,,,,,,,,,,,,,,,,,,,,
asm0341001335,asm03410013350018001,Page 18,Maintenance Outlook,,,,,,,,,,,,,,,,,,,,
asm0341001335,asm03410013350019001,Page 19,Maintenance Outlook,,,,,,,,,,,,,,,,,,,,
asm0341001335,asm03410013350020001,Page 20,Maintenance Outlook,,,,,,,,,,,,,,,,,,,,
asm0341001335,asm03410013350021001,Page 21,Maintenance Outlook,,,,,,,,,,,,,,,,,,,,
asm0341001335,asm03410013350022001,Page 22,Maintenance Outlook,,,,,,,,,,,,,,,,,,,,
asm0341001335,asm03410013350023001,Page 23,Maintenance Outlook,,,,,,,,,,,,,,,,,,,,
asm0341001335,asm03410013350024001,Page 24,Maintenance Outlook,,,,,,,,,,,,,,,,,,,,
asm0341001335,asm03410013350025001,Page 25,Maintenance Outlook,,,,,,,,,,,,,,,,,,,,
asm0341001335,asm03410013350026001,Page 26,Maintenance Outlook,,,,,,,,,,,,,,,,,,,,
asm0341001335,asm03410013350027001,Page 27,Maintenance Outlook,,,,,,,,,,,,,,,,,,,,
asm0341001335,asm03410013350028001,Page 28,Maintenance Outlook,,,,,,,,,,,,,,,,,,,,
asm0341001336,,Pan Am's new world: the why and how of Pan Am's route restructuring,Pan Am's new world: the why and how of Pan Am's route restructuring,,"Pan American World Airways, Inc.",,,,,Brochures; Promotional materials;,,,1975,1970-1979,,eng,University of Miami. Library. Special Collections,"Pan American World Airways, Inc. records",ASM0341,Printed Materials: Brochures and Booklets: Other,Box No. 1 of 2; Box Title: Brochures and Booklets: Other 1 of 2; Folder No. 10; Folder Title: Brochures and Booklets: other (10 of 15),"This material is in the public domain in the United States. The Pan Am brand remains under trademark. For additional information, please visit: https://digitalcollections.library.miami.edu/digital/custom/copyright-guidelines",http://rightsstatements.org/vocab/NoC-US/1.0/
asm0341001336,asm03410013360001001,Page 1,Pan Am's new world: the why and how of Pan Am's route restructuring,,,,,,,,,,,,,,,,,,,,
asm0341001336,asm03410013360002001,Page 2,Pan Am's new world: the why and how of Pan Am's route restructuring,,,,,,,,,,,,,,,,,,,,
asm0341001336,asm03410013360003001,Page 3,Pan Am's new world: the why and how of Pan Am's route restructuring,,,,,,,,,,,,,,,,,,,,
asm0341001336,asm03410013360004001,Page 4,Pan Am's new world: the why and how of Pan Am's route restructuring,,,,,,,,,,,,,,,,,,,,
asm0341001336,asm03410013360005001,Page 5,Pan Am's new world: the why and how of Pan Am's route restructuring,,,,,,,,,,,,,,,,,,,,
asm0341001336,asm03410013360006001,Page 6,Pan Am's new world: the why and how of Pan Am's route restructuring,,,,,,,,,,,,,,,,,,,,
asm0341001336,asm03410013360007001,Page 7,Pan Am's new world: the why and how of Pan Am's route restructuring,,,,,,,,,,,,,,,,,,,,
asm0341001336,asm03410013360008001,Page 8,Pan Am's new world: the why and how of Pan Am's route restructuring,,,,,,,,,,,,,,,,,,,,
asm0341001336,asm03410013360009001,Page 9,Pan Am's new world: the why and how of Pan Am's route restructuring,,,,,,,,,,,,,,,,,,,,
asm0341001336,asm03410013360010001,Page 10,Pan Am's new world: the why and how of Pan Am's route restructuring,,,,,,,,,,,,,,,,,,,,
asm0341001336,asm03410013360011001,Page 11,Pan Am's new world: the why and how of Pan Am's route restructuring,,,,,,,,,,,,,,,,,,,,
asm0341001336,asm03410013360012001,Page 12,Pan Am's new world: the why and how of Pan Am's route restructuring,,,,,,,,,,,,,,,,,,,,
asm0341001336,asm03410013360013001,Page 13,Pan Am's new world: the why and how of Pan Am's route restructuring,,,,,,,,,,,,,,,,,,,,
asm0341001336,asm03410013360014001,Page 14,Pan Am's new world: the why and how of Pan Am's route restructuring,,,,,,,,,,,,,,,,,,,,
asm0341001336,asm03410013360015001,Page 15,Pan Am's new world: the why and how of Pan Am's route restructuring,,,,,,,,,,,,,,,,,,,,
asm0341001336,asm03410013360016001,Page 16,Pan Am's new world: the why and how of Pan Am's route restructuring,,,,,,,,,,,,,,,,,,,,
asm0341001337,,This is the story of News and how you can make it work for you!,This is the story of News and how you can make it work for you!,,"Pan American World Airways, Inc.",,,,,Brochures; Promotional materials;,,,,,,eng,University of Miami. Library. Special Collections,"Pan American World Airways, Inc. records",ASM0341,Printed Materials: Brochures and Booklets: Other,Box No. 1 of 2; Box Title: Brochures and Booklets: Other 1 of 2; Folder No. 10; Folder Title: Brochures and Booklets: other (10 of 15),"The copyright and related rights status of this material is unknown. The Pan Am brand remains under trademark. For additional information, please visit: https://digitalcollections.library.miami.edu/digital/custom/copyright-guidelines",http://rightsstatements.org/vocab/UND/1.0/
asm0341001337,asm03410013370001001,Page 1,This is the story of News and how you can make it work for you!,,,,,,,,,,,,,,,,,,,,
asm0341001337,asm03410013370002001,Page 2,This is the story of News and how you can make it work for you!,,,,,,,,,,,,,,,,,,,,
asm0341001337,asm03410013370003001,Page 3,This is the story of News and how you can make it work for you!,,,,,,,,,,,,,,,,,,,,
asm0341001337,asm03410013370004001,Page 4,This is the story of News and how you can make it work for you!,,,,,,,,,,,,,,,,,,,,
asm0341001337,asm03410013370005001,Page 5,This is the story of News and how you can make it work for you!,,,,,,,,,,,,,,,,,,,,
asm0341001337,asm03410013370006001,Page 6,This is the story of News and how you can make it work for you!,,,,,,,,,,,,,,,,,,,,
asm0341001337,asm03410013370007001,Page 7,This is the story of News and how you can make it work for you!,,,,,,,,,,,,,,,,,,,,
asm0341001337,asm03410013370008001,Page 8,This is the story of News and how you can make it work for you!,,,,,,,,,,,,,,,,,,,,
asm0341001338,,Get into this world as a Pan Am Stewardess,Get into this world as a Pan Am Stewardess,,"Pan American World Airways, Inc.",,,,,Brochures; Promotional materials;,,1970-06,,1970-1979,,eng,University of Miami. Library. Special Collections,"Pan American World Airways, Inc. records",ASM0341,Printed Materials: Brochures and Booklets: Other,Box No. 1 of 2; Box Title: Brochures and Booklets: Other 1 of 2; Folder No. 10; Folder Title: Brochures and Booklets: other (10 of 15),"This material is in the public domain in the United States. The Pan Am brand remains under trademark. For additional information, please visit: https://digitalcollections.library.miami.edu/digital/custom/copyright-guidelines",http://rightsstatements.org/vocab/NoC-US/1.0/
asm0341001338,asm03410013380001001,Page 1,Get into this world as a Pan Am Stewardess,,,,,,,,,,,,,,,,,,,,
asm0341001338,asm03410013380002001,Page 2,Get into this world as a Pan Am Stewardess,,,,,,,,,,,,,,,,,,,,
asm0341001338,asm03410013380003001,Page 3,Get into this world as a Pan Am Stewardess,,,,,,,,,,,,,,,,,,,,
asm0341001338,asm03410013380004001,Page 4,Get into this world as a Pan Am Stewardess,,,,,,,,,,,,,,,,,,,,
asm0341001339,,Job Opportunities with Pan Am,Job Opportunities with Pan Am,,"Pan American World Airways, Inc.",,,,,Brochures; Promotional materials;,,1965-07,,1960-1969,,eng,University of Miami. Library. Special Collections,"Pan American World Airways, Inc. records",ASM0341,Printed Materials: Brochures and Booklets: Other,Box No. 1 of 2; Box Title: Brochures and Booklets: Other 1 of 2; Folder No. 10; Folder Title: Brochures and Booklets: other (10 of 15),"This material is in the public domain in the United States. The Pan Am brand remains under trademark. For additional information, please visit: https://digitalcollections.library.miami.edu/digital/custom/copyright-guidelines",http://rightsstatements.org/vocab/NoC-US/1.0/
asm0341001339,asm03410013390001001,Page 1,Job Opportunities with Pan Am,,,,,,,,,,,,,,,,,,,,
asm0341001339,asm03410013390002001,Page 2,Job Opportunities with Pan Am,,,,,,,,,,,,,,,,,,,,
asm0341001339,asm03410013390003001,Page 3,Job Opportunities with Pan Am,,,,,,,,,,,,,,,,,,,,
asm0341001339,asm03410013390004001,Page 4,Job Opportunities with Pan Am,,,,,,,,,,,,,,,,,,,,
asm0341001339,asm03410013390005001,Page 5,Job Opportunities with Pan Am,,,,,,,,,,,,,,,,,,,,
asm0341001339,asm03410013390006001,Page 6,Job Opportunities with Pan Am,,,,,,,,,,,,,,,,,,,,
asm0341001339,asm03410013390007001,Page 7,Job Opportunities with Pan Am,,,,,,,,,,,,,,,,,,,,
asm0341001339,asm03410013390008001,Page 8,Job Opportunities with Pan Am,,,,,,,,,,,,,,,,,,,,
asm0341001339,asm03410013390009001,Page 9,Job Opportunities with Pan Am,,,,,,,,,,,,,,,,,,,,
asm0341001339,asm03410013390010001,Page 10,Job Opportunities with Pan Am,,,,,,,,,,,,,,,,,,,,
asm0341001340,,Your career as a pilot with the world's most experienced airline,Your career as a pilot with the world's most experienced airline,,"Pan American World Airways, Inc.",,,,,Brochures; Promotional materials;,,1968-04,,1960-1969,,eng,University of Miami. Library. Special Collections,"Pan American World Airways, Inc. records",ASM0341,Printed Materials: Brochures and Booklets: Other,Box No. 1 of 2; Box Title: Brochures and Booklets: Other 1 of 2; Folder No. 10; Folder Title: Brochures and Booklets: other (10 of 15),"This material is in the public domain in the United States. The Pan Am brand remains under trademark. For additional information, please visit: https://digitalcollections.library.miami.edu/digital/custom/copyright-guidelines",http://rightsstatements.org/vocab/NoC-US/1.0/
asm0341001340,asm03410013400001001,Page 1,Your career as a pilot with the world's most experienced airline,,,,,,,,,,,,,,,,,,,,
asm0341001340,asm03410013400002001,Page 2,Your career as a pilot with the world's most experienced airline,,,,,,,,,,,,,,,,,,,,
asm0341001340,asm03410013400003001,Page 3,Your career as a pilot with the world's most experienced airline,,,,,,,,,,,,,,,,,,,,
asm0341001340,asm03410013400004001,Page 4,Your career as a pilot with the world's most experienced airline,,,,,,,,,,,,,,,,,,,,
asm0341001340,asm03410013400005001,Page 5,Your career as a pilot with the world's most experienced airline,,,,,,,,,,,,,,,,,,,,
asm0341001340,asm03410013400006001,Page 6,Your career as a pilot with the world's most experienced airline,,,,,,,,,,,,,,,,,,,,
asm0341001340,asm03410013400007001,Page 7,Your career as a pilot with the world's most experienced airline,,,,,,,,,,,,,,,,,,,,
asm0341001340,asm03410013400008001,Page 8,Your career as a pilot with the world's most experienced airline,,,,,,,,,,,,,,,,,,,,
asm0341001340,asm03410013400009001,Page 9,Your career as a pilot with the world's most experienced airline,,,,,,,,,,,,,,,,,,,,
asm0341001341,,Pan Am has a future for you,Pan Am has a future for you,,"Pan American World Airways, Inc.",,,,,Brochures; Promotional materials;,,,1970,1970-1979,,eng,University of Miami. Library. Special Collections,"Pan American World Airways, Inc. records",ASM0341,Printed Materials: Brochures and Booklets: Other,Box No. 1 of 2; Box Title: Brochures and Booklets: Other 1 of 2; Folder No. 10; Folder Title: Brochures and Booklets: other (10 of 15),"This material is in the public domain in the United States. The Pan Am brand remains under trademark. For additional information, please visit: https://digitalcollections.library.miami.edu/digital/custom/copyright-guidelines",http://rightsstatements.org/vocab/NoC-US/1.0/
asm0341001341,asm03410013410001001,Page 1,Pan Am has a future for you,,,,,,,,,,,,,,,,,,,,
asm0341001341,asm03410013410002001,Page 2,Pan Am has a future for you,,,,,,,,,,,,,,,,,,,,
asm0341001341,asm03410013410003001,Page 3,Pan Am has a future for you,,,,,,,,,,,,,,,,,,,,
asm0341001341,asm03410013410004001,Page 4,Pan Am has a future for you,,,,,,,,,,,,,,,,,,,,
asm0341001341,asm03410013410005001,Page 5,Pan Am has a future for you,,,,,,,,,,,,,,,,,,,,
asm0341001341,asm03410013410006001,Page 6,Pan Am has a future for you,,,,,,,,,,,,,,,,,,,,
asm0341001341,asm03410013410007001,Page 7,Pan Am has a future for you,,,,,,,,,,,,,,,,,,,,
asm0341001341,asm03410013410008001,Page 8,Pan Am has a future for you,,,,,,,,,,,,,,,,,,,,
asm0341001341,asm03410013410009001,Page 9,Pan Am has a future for you,,,,,,,,,,,,,,,,,,,,
asm0341001341,asm03410013410010001,Page 10,Pan Am has a future for you,,,,,,,,,,,,,,,,,,,,
asm0341001341,asm03410013410011001,Page 11,Pan Am has a future for you,,,,,,,,,,,,,,,,,,,,
asm0341001341,asm03410013410012001,Page 12,Pan Am has a future for you,,,,,,,,,,,,,,,,,,,,
asm0341001341,asm03410013410013001,Page 13,Pan Am has a future for you,,,,,,,,,,,,,,,,,,,,
asm0341001341,asm03410013410014001,Page 14,Pan Am has a future for you,,,,,,,,,,,,,,,,,,,,
asm0341001341,asm03410013410015001,Page 15,Pan Am has a future for you,,,,,,,,,,,,,,,,,,,,
asm0341001341,asm03410013410016001,Page 16,Pan Am has a future for you,,,,,,,,,,,,,,,,,,,,
asm0341001341,asm03410013410017001,Page 17,Pan Am has a future for you,,,,,,,,,,,,,,,,,,,,
asm0341001341,asm03410013410018001,Page 18,Pan Am has a future for you,,,,,,,,,,,,,,,,,,,,
asm0341001341,asm03410013410019001,Page 19,Pan Am has a future for you,,,,,,,,,,,,,,,,,,,,
asm0341001341,asm03410013410020001,Page 20,Pan Am has a future for you,,,,,,,,,,,,,,,,,,,,
asm0341001341,asm03410013410021001,Page 21,Pan Am has a future for you,,,,,,,,,,,,,,,,,,,,
asm0341001341,asm03410013410022001,Page 22,Pan Am has a future for you,,,,,,,,,,,,,,,,,,,,
asm0341001341,asm03410013410023001,Page 23,Pan Am has a future for you,,,,,,,,,,,,,,,,,,,,
asm0341001341,asm03410013410024001,Page 24,Pan Am has a future for you,,,,,,,,,,,,,,,,,,,,
asm0341001341,asm03410013410025001,Page 25,Pan Am has a future for you,,,,,,,,,,,,,,,,,,,,
asm0341001341,asm03410013410026001,Page 26,Pan Am has a future for you,,,,,,,,,,,,,,,,,,,,
asm0341001341,asm03410013410027001,Page 27,Pan Am has a future for you,,,,,,,,,,,,,,,,,,,,
asm0341001341,asm03410013410028001,Page 28,Pan Am has a future for you,,,,,,,,,,,,,,,,,,,,
asm0341001342,,"The right combination: Pan Am/National, Florida/Europe, Miami/London","The right combination: Pan Am/National, Florida/Europe, Miami/London",,"Pan American World Airways, Inc.",,,,,Brochures; Promotional materials;,,1979-11,,1970-1979,Miami (Fla.); London (England),eng,University of Miami. Library. Special Collections,"Pan American World Airways, Inc. records",ASM0341,Printed Materials: Brochures and Booklets: Other,Box No. 1 of 2; Box Title: Brochures and Booklets: Other 1 of 2; Folder No. 10; Folder Title: Brochures and Booklets: other (10 of 15),"This material is in the public domain in the United States. The Pan Am brand remains under trademark. For additional information, please visit: https://digitalcollections.library.miami.edu/digital/custom/copyright-guidelines",http://rightsstatements.org/vocab/NoC-US/1.0/
asm0341001342,asm03410013420001001,Page 1,"The right combination: Pan Am/National, Florida/Europe, Miami/London",,,,,,,,,,,,,,,,,,,,
asm0341001342,asm03410013420002001,Page 2,"The right combination: Pan Am/National, Florida/Europe, Miami/London",,,,,,,,,,,,,,,,,,,,
asm0341001342,asm03410013420003001,Page 3,"The right combination: Pan Am/National, Florida/Europe, Miami/London",,,,,,,,,,,,,,,,,,,,
asm0341001342,asm03410013420004001,Page 4,"The right combination: Pan Am/National, Florida/Europe, Miami/London",,,,,,,,,,,,,,,,,,,,
asm0341001342,asm03410013420005001,Page 5,"The right combination: Pan Am/National, Florida/Europe, Miami/London",,,,,,,,,,,,,,,,,,,,
asm0341001342,asm03410013420006001,Page 6,"The right combination: Pan Am/National, Florida/Europe, Miami/London",,,,,,,,,,,,,,,,,,,,
asm0341001342,asm03410013420007001,Page 7,"The right combination: Pan Am/National, Florida/Europe, Miami/London",,,,,,,,,,,,,,,,,,,,
asm0341001342,asm03410013420008001,Page 8,"The right combination: Pan Am/National, Florida/Europe, Miami/London",,,,,,,,,,,,,,,,,,,,
asm0341001342,asm03410013420009001,Page 9,"The right combination: Pan Am/National, Florida/Europe, Miami/London",,,,,,,,,,,,,,,,,,,,
asm0341001342,asm03410013420010001,Page 10,"The right combination: Pan Am/National, Florida/Europe, Miami/London",,,,,,,,,,,,,,,,,,,,
asm0341001342,asm03410013420011001,Page 11,"The right combination: Pan Am/National, Florida/Europe, Miami/London",,,,,,,,,,,,,,,,,,,,
asm0341001342,asm03410013420012001,Page 12,"The right combination: Pan Am/National, Florida/Europe, Miami/London",,,,,,,,,,,,,,,,,,,,
asm0341001343,,Pan Am's new luxury liner,Pan Am's new luxury liner,,"Pan American World Airways, Inc.; Signature magazine",,,,,Brochures; Promotional materials;,,,,,,eng,University of Miami. Library. Special Collections,"Pan American World Airways, Inc. records",ASM0341,Printed Materials: Brochures and Booklets: Other,Box No. 1 of 2; Box Title: Brochures and Booklets: Other 1 of 2; Folder No. 10; Folder Title: Brochures and Booklets: other (10 of 15),"The copyright and related rights status of this material is unknown. The Pan Am brand remains under trademark. For additional information, please visit: https://digitalcollections.library.miami.edu/digital/custom/copyright-guidelines",http://rightsstatements.org/vocab/UND/1.0/
asm0341001343,asm03410013430001001,Page 1,Pan Am's new luxury liner,,,,,,,,,,,,,,,,,,,,
asm0341001343,asm03410013430002001,Page 2,Pan Am's new luxury liner,,,,,,,,,,,,,,,,,,,,
asm0341001343,asm03410013430003001,Page 3,Pan Am's new luxury liner,,,,,,,,,,,,,,,,,,,,
asm0341001343,asm03410013430004001,Page 4,Pan Am's new luxury liner,,,,,,,,,,,,,,,,,,,,
asm0341001343,asm03410013430005001,Page 5,Pan Am's new luxury liner,,,,,,,,,,,,,,,,,,,,
asm0341001343,asm03410013430006001,Page 6,Pan Am's new luxury liner,,,,,,,,,,,,,,,,,,,,
asm0341001343,asm03410013430007001,Page 7,Pan Am's new luxury liner,,,,,,,,,,,,,,,,,,,,
asm0341001343,asm03410013430008001,Page 8,Pan Am's new luxury liner,,,,,,,,,,,,,,,,,,,,
asm0341001344,,A report to the mayor: Pan Am's current role in building New York's tourism and trade,A report to the mayor: Pan Am's current role in building New York's tourism and trade,,"Pan American World Airways, Inc.",,,,,Brochures; Promotional materials;,,,1967,1960-1969,New York (N.Y.),eng,University of Miami. Library. Special Collections,"Pan American World Airways, Inc. records",ASM0341,Printed Materials: Brochures and Booklets: Other,Box No. 1 of 2; Box Title: Brochures and Booklets: Other 1 of 2; Folder No. 10; Folder Title: Brochures and Booklets: other (10 of 15),"This material is in the public domain in the United States. The Pan Am brand remains under trademark. For additional information, please visit: https://digitalcollections.library.miami.edu/digital/custom/copyright-guidelines",http://rightsstatements.org/vocab/NoC-US/1.0/
asm0341001344,asm03410013440001001,Page 1,A report to the mayor: Pan Am's current role in building New York's tourism and trade,,,,,,,,,,,,,,,,,,,,
asm0341001344,asm03410013440002001,Page 2,A report to the mayor: Pan Am's current role in building New York's tourism and trade,,,,,,,,,,,,,,,,,,,,
asm0341001344,asm03410013440003001,Page 3,A report to the mayor: Pan Am's current role in building New York's tourism and trade,,,,,,,,,,,,,,,,,,,,
asm0341001344,asm03410013440004001,Page 4,A report to the mayor: Pan Am's current role in building New York's tourism and trade,,,,,,,,,,,,,,,,,,,,
asm0341001344,asm03410013440005001,Page 5,A report to the mayor: Pan Am's current role in building New York's tourism and trade,,,,,,,,,,,,,,,,,,,,
asm0341001344,asm03410013440006001,Page 6,A report to the mayor: Pan Am's current role in building New York's tourism and trade,,,,,,,,,,,,,,,,,,,,
asm0341001344,asm03410013440007001,Page 7,A report to the mayor: Pan Am's current role in building New York's tourism and trade,,,,,,,,,,,,,,,,,,,,
asm0341001344,asm03410013440008001,Page 8,A report to the mayor: Pan Am's current role in building New York's tourism and trade,,,,,,,,,,,,,,,,,,,,
asm0341001345,,It is now possible to get from your car to your plane in five minutes flat. Introducting Pan Am's new terminal at JFK.,It is now possible to get from your car to your plane in five minutes flat. Introducting Pan Am's new terminal at JFK.,,"Pan American World Airways, Inc.",,,,,Brochures; Promotional materials;,,1973-04,,1970-1979,New York (N.Y.),eng,University of Miami. Library. Special Collections,"Pan American World Airways, Inc. records",ASM0341,Printed Materials: Brochures and Booklets: Other,Box No. 1 of 2; Box Title: Brochures and Booklets: Other 1 of 2; Folder No. 10; Folder Title: Brochures and Booklets: other (10 of 15),"This material is protected by copyright. Use for education purposes is permitted. Copyright was originally held by Pan American World Airways, Inc., but was transferred to the University of Miami. The Pan Am brand remains under trademark. For additional information, please visit: https://digitalcollections.library.miami.edu/digital/custom/copyright-guidelines",http://rightsstatements.org/vocab/InC-EDU/1.0/
asm0341001345,asm03410013450001001,Page 1,It is now possible to get from your car to your plane in five minutes flat. Introducting Pan Am's new terminal at JFK.,,,,,,,,,,,,,,,,,,,,
asm0341001345,asm03410013450002001,Page 2,It is now possible to get from your car to your plane in five minutes flat. Introducting Pan Am's new terminal at JFK.,,,,,,,,,,,,,,,,,,,,
asm0341001345,asm03410013450003001,Page 3,It is now possible to get from your car to your plane in five minutes flat. Introducting Pan Am's new terminal at JFK.,,,,,,,,,,,,,,,,,,,,
asm0341001345,asm03410013450004001,Page 4,It is now possible to get from your car to your plane in five minutes flat. Introducting Pan Am's new terminal at JFK.,,,,,,,,,,,,,,,,,,,,
asm0341001345,asm03410013450005001,Page 5,It is now possible to get from your car to your plane in five minutes flat. Introducting Pan Am's new terminal at JFK.,,,,,,,,,,,,,,,,,,,,
asm0341001345,asm03410013450006001,Page 6,It is now possible to get from your car to your plane in five minutes flat. Introducting Pan Am's new terminal at JFK.,,,,,,,,,,,,,,,,,,,,
asm0341001345,asm03410013450007001,Page 7,It is now possible to get from your car to your plane in five minutes flat. Introducting Pan Am's new terminal at JFK.,,,,,,,,,,,,,,,,,,,,
asm0341001345,asm03410013450008001,Page 8,It is now possible to get from your car to your plane in five minutes flat. Introducting Pan Am's new terminal at JFK.,,,,,,,,,,,,,,,,,,,,
asm0341001345,asm03410013450009001,Page 9,It is now possible to get from your car to your plane in five minutes flat. Introducting Pan Am's new terminal at JFK.,,,,,,,,,,,,,,,,,,,,
asm0341001345,asm03410013450010001,Page 10,It is now possible to get from your car to your plane in five minutes flat. Introducting Pan Am's new terminal at JFK.,,,,,,,,,,,,,,,,,,,,
asm0341001345,asm03410013450011001,Page 11,It is now possible to get from your car to your plane in five minutes flat. Introducting Pan Am's new terminal at JFK.,,,,,,,,,,,,,,,,,,,,
asm0341001345,asm03410013450012001,Page 12,It is now possible to get from your car to your plane in five minutes flat. Introducting Pan Am's new terminal at JFK.,,,,,,,,,,,,,,,,,,,,
asm0341001345,asm03410013450013001,Page 13,It is now possible to get from your car to your plane in five minutes flat. Introducting Pan Am's new terminal at JFK.,,,,,,,,,,,,,,,,,,,,
asm0341001345,asm03410013450014001,Page 14,It is now possible to get from your car to your plane in five minutes flat. Introducting Pan Am's new terminal at JFK.,,,,,,,,,,,,,,,,,,,,
asm0341001345,asm03410013450015001,Page 15,It is now possible to get from your car to your plane in five minutes flat. Introducting Pan Am's new terminal at JFK.,,,,,,,,,,,,,,,,,,,,
asm0341001345,asm03410013450016001,Page 16,It is now possible to get from your car to your plane in five minutes flat. Introducting Pan Am's new terminal at JFK.,,,,,,,,,,,,,,,,,,,,
asm0341001345,asm03410013450017001,Page 17,It is now possible to get from your car to your plane in five minutes flat. Introducting Pan Am's new terminal at JFK.,,,,,,,,,,,,,,,,,,,,
asm0341001345,asm03410013450018001,Page 18,It is now possible to get from your car to your plane in five minutes flat. Introducting Pan Am's new terminal at JFK.,,,,,,,,,,,,,,,,,,,,
asm0341001345,asm03410013450019001,Page 19,It is now possible to get from your car to your plane in five minutes flat. Introducting Pan Am's new terminal at JFK.,,,,,,,,,,,,,,,,,,,,
asm0341001345,asm03410013450020001,Page 20,It is now possible to get from your car to your plane in five minutes flat. Introducting Pan Am's new terminal at JFK.,,,,,,,,,,,,,,,,,,,,
asm0341001345,asm03410013450021001,Page 21,It is now possible to get from your car to your plane in five minutes flat. Introducting Pan Am's new terminal at JFK.,,,,,,,,,,,,,,,,,,,,
asm0341001345,asm03410013450022001,Page 22,It is now possible to get from your car to your plane in five minutes flat. Introducting Pan Am's new terminal at JFK.,,,,,,,,,,,,,,,,,,,,
asm0341001345,asm03410013450023001,Page 23,It is now possible to get from your car to your plane in five minutes flat. Introducting Pan Am's new terminal at JFK.,,,,,,,,,,,,,,,,,,,,
asm0341001345,asm03410013450024001,Page 24,It is now possible to get from your car to your plane in five minutes flat. Introducting Pan Am's new terminal at JFK.,,,,,,,,,,,,,,,,,,,,
asm0341001346,,Pan Am's world routes,Pan Am's world routes,,"Pan American World Airways, Inc.",,,,,Brochures; Promotional materials;,,1972,,1970-1979,,eng,University of Miami. Library. Special Collections,"Pan American World Airways, Inc. records",ASM0341,Printed Materials: Brochures and Booklets: Other,Box No. 1 of 2; Box Title: Brochures and Booklets: Other 1 of 2; Folder No. 10; Folder Title: Brochures and Booklets: other (10 of 15),"This material is protected by copyright. Use for education purposes is permitted. Copyright was originally held by Pan American World Airways, Inc., but was transferred to the University of Miami. The Pan Am brand remains under trademark. For additional information, please visit: https://digitalcollections.library.miami.edu/digital/custom/copyright-guidelines",http://rightsstatements.org/vocab/InC-EDU/1.0/
asm0341001346,asm03410013460001001,Page 1,Pan Am's world routes,,,,,,,,,,,,,,,,,,,,
asm0341001346,asm03410013460002001,Page 2,Pan Am's world routes,,,,,,,,,,,,,,,,,,,,
asm0341001346,asm03410013460003001,Page 3,Pan Am's world routes,,,,,,,,,,,,,,,,,,,,
asm0341001346,asm03410013460004001,Page 4,Pan Am's world routes,,,,,,,,,,,,,,,,,,,,
asm0341001346,asm03410013460005001,Page 5,Pan Am's world routes,,,,,,,,,,,,,,,,,,,,
asm0341001346,asm03410013460006001,Page 6,Pan Am's world routes,,,,,,,,,,,,,,,,,,,,
asm0341001346,asm03410013460007001,Page 7,Pan Am's world routes,,,,,,,,,,,,,,,,,,,,
asm0341001346,asm03410013460008001,Page 8,Pan Am's world routes,,,,,,,,,,,,,,,,,,,,
asm0341001346,asm03410013460009001,Page 9,Pan Am's world routes,,,,,,,,,,,,,,,,,,,,
asm0341001346,asm03410013460010001,Page 10,Pan Am's world routes,,,,,,,,,,,,,,,,,,,,
asm0341001346,asm03410013460011001,Page 11,Pan Am's world routes,,,,,,,,,,,,,,,,,,,,
asm0341001346,asm03410013460012001,Page 12,Pan Am's world routes,,,,,,,,,,,,,,,,,,,,
asm0341001346,asm03410013460013001,Page 13,Pan Am's world routes,,,,,,,,,,,,,,,,,,,,
asm0341001346,asm03410013460014001,Page 14,Pan Am's world routes,,,,,,,,,,,,,,,,,,,,
asm0341001346,asm03410013460015001,Page 15,Pan Am's world routes,,,,,,,,,,,,,,,,,,,,
asm0341001346,asm03410013460016001,Page 16,Pan Am's world routes,,,,,,,,,,,,,,,,,,,,
asm0341001346,asm03410013460017001,Page 17,Pan Am's world routes,,,,,,,,,,,,,,,,,,,,
asm0341001346,asm03410013460018001,Page 18,Pan Am's world routes,,,,,,,,,,,,,,,,,,,,
asm0341001346,asm03410013460019001,Page 19,Pan Am's world routes,,,,,,,,,,,,,,,,,,,,
asm0341001346,asm03410013460020001,Page 20,Pan Am's world routes,,,,,,,,,,,,,,,,,,,,
asm0341001346,asm03410013460021001,Page 21,Pan Am's world routes,,,,,,,,,,,,,,,,,,,,
asm0341001346,asm03410013460022001,Page 22,Pan Am's world routes,,,,,,,,,,,,,,,,,,,,
asm0341001346,asm03410013460023001,Page 23,Pan Am's world routes,,,,,,,,,,,,,,,,,,,,
asm0341001346,asm03410013460024001,Page 24,Pan Am's world routes,,,,,,,,,,,,,,,,,,,,
asm0341001346,asm03410013460025001,Page 25,Pan Am's world routes,,,,,,,,,,,,,,,,,,,,
asm0341001346,asm03410013460026001,Page 26,Pan Am's world routes,,,,,,,,,,,,,,,,,,,,
asm0341001346,asm03410013460027001,Page 27,Pan Am's world routes,,,,,,,,,,,,,,,,,,,,
asm0341001346,asm03410013460028001,Page 28,Pan Am's world routes,,,,,,,,,,,,,,,,,,,,
asm0341001346,asm03410013460029001,Page 29,Pan Am's world routes,,,,,,,,,,,,,,,,,,,,
asm0341001346,asm03410013460030001,Page 30,Pan Am's world routes,,,,,,,,,,,,,,,,,,,,
asm0341001346,asm03410013460031001,Page 31,Pan Am's world routes,,,,,,,,,,,,,,,,,,,,
asm0341001346,asm03410013460032001,Page 32,Pan Am's world routes,,,,,,,,,,,,,,,,,,,,
asm0341001347,,Follow that dream : Pan Am interline weekend invitations to Europe,Follow that dream : Pan Am interline weekend invitations to Europe,,"Pan American World Airways, Inc.",,,,,Brochures; Promotional materials;,,,1971,1970-1979,Europe,eng,University of Miami. Library. Special Collections,"Pan American World Airways, Inc. records",ASM0341,Printed Materials: Brochures and Booklets: Other,Box No. 1 of 2; Box Title: Brochures and Booklets: Other 1 of 2; Folder No. 11; Folder Title: Brochures and Booklets: other (11 of 15),"This material is in the public domain in the United States. The Pan Am brand remains under trademark. For additional information, please visit: https://digitalcollections.library.miami.edu/digital/custom/copyright-guidelines",http://rightsstatements.org/vocab/NoC-US/1.0/
asm0341001347,asm03410013470001001,Page 1,Follow that dream : Pan Am interline weekend invitations to Europe,,,,,,,,,,,,,,,,,,,,
asm0341001347,asm03410013470002001,Page 2,Follow that dream : Pan Am interline weekend invitations to Europe,,,,,,,,,,,,,,,,,,,,
asm0341001347,asm03410013470003001,Page 3,Follow that dream : Pan Am interline weekend invitations to Europe,,,,,,,,,,,,,,,,,,,,
asm0341001347,asm03410013470004001,Page 4,Follow that dream : Pan Am interline weekend invitations to Europe,,,,,,,,,,,,,,,,,,,,
asm0341001347,asm03410013470005001,Page 5,Follow that dream : Pan Am interline weekend invitations to Europe,,,,,,,,,,,,,,,,,,,,
asm0341001347,asm03410013470006001,Page 6,Follow that dream : Pan Am interline weekend invitations to Europe,,,,,,,,,,,,,,,,,,,,
asm0341001347,asm03410013470007001,Page 7,Follow that dream : Pan Am interline weekend invitations to Europe,,,,,,,,,,,,,,,,,,,,
asm0341001347,asm03410013470008001,Page 8,Follow that dream : Pan Am interline weekend invitations to Europe,,,,,,,,,,,,,,,,,,,,
asm0341001347,asm03410013470009001,Page 9,Follow that dream : Pan Am interline weekend invitations to Europe,,,,,,,,,,,,,,,,,,,,
asm0341001347,asm03410013470010001,Page 10,Follow that dream : Pan Am interline weekend invitations to Europe,,,,,,,,,,,,,,,,,,,,
asm0341001347,asm03410013470011001,Page 11,Follow that dream : Pan Am interline weekend invitations to Europe,,,,,,,,,,,,,,,,,,,,
asm0341001347,asm03410013470012001,Page 12,Follow that dream : Pan Am interline weekend invitations to Europe,,,,,,,,,,,,,,,,,,,,
asm0341001347,asm03410013470013001,Page 13,Follow that dream : Pan Am interline weekend invitations to Europe,,,,,,,,,,,,,,,,,,,,
asm0341001347,asm03410013470014001,Page 14,Follow that dream : Pan Am interline weekend invitations to Europe,,,,,,,,,,,,,,,,,,,,
asm0341001347,asm03410013470015001,Page 15,Follow that dream : Pan Am interline weekend invitations to Europe,,,,,,,,,,,,,,,,,,,,
asm0341001347,asm03410013470016001,Page 16,Follow that dream : Pan Am interline weekend invitations to Europe,,,,,,,,,,,,,,,,,,,,
asm0341001348,,Now... you can fly abroad... and pay later !,Now... you can fly abroad... and pay later !,,"Pan American World Airways, Inc.",,,,,Brochures; Promotional materials;,,,,,,eng,University of Miami. Library. Special Collections,"Pan American World Airways, Inc. records",ASM0341,Printed Materials: Brochures and Booklets: Other,Box No. 1 of 2; Box Title: Brochures and Booklets: Other 1 of 2; Folder No. 11; Folder Title: Brochures and Booklets: other (11 of 15),"The copyright and related rights status of this material is unknown. The Pan Am brand remains under trademark. For additional information, please visit: https://digitalcollections.library.miami.edu/digital/custom/copyright-guidelines",http://rightsstatements.org/vocab/UND/1.0/
asm0341001348,asm03410013480001001,Page 1,Now... you can fly abroad... and pay later !,,,,,,,,,,,,,,,,,,,,
asm0341001348,asm03410013480002001,Page 2,Now... you can fly abroad... and pay later !,,,,,,,,,,,,,,,,,,,,
asm0341001349,,Guide to Group Travel,Guide to Group Travel,,"Pan American World Airways, Inc.",,,,,Brochures; Promotional materials;,,1957,,1950-1959,,eng,University of Miami. Library. Special Collections,"Pan American World Airways, Inc. records",ASM0341,Printed Materials: Brochures and Booklets: Other,Box No. 1 of 2; Box Title: Brochures and Booklets: Other 1 of 2; Folder No. 11; Folder Title: Brochures and Booklets: other (11 of 15),"This material is in the public domain in the United States. The Pan Am brand remains under trademark. For additional information, please visit: https://digitalcollections.library.miami.edu/digital/custom/copyright-guidelines",http://rightsstatements.org/vocab/NoC-US/1.0/
asm0341001349,asm03410013490001001,Page 1,Guide to Group Travel,,,,,,,,,,,,,,,,,,,,
asm0341001349,asm03410013490002001,Page 2,Guide to Group Travel,,,,,,,,,,,,,,,,,,,,
asm0341001349,asm03410013490003001,Page 3,Guide to Group Travel,,,,,,,,,,,,,,,,,,,,
asm0341001349,asm03410013490004001,Page 4,Guide to Group Travel,,,,,,,,,,,,,,,,,,,,
asm0341001349,asm03410013490005001,Page 5,Guide to Group Travel,,,,,,,,,,,,,,,,,,,,
asm0341001349,asm03410013490006001,Page 6,Guide to Group Travel,,,,,,,,,,,,,,,,,,,,
asm0341001349,asm03410013490007001,Page 7,Guide to Group Travel,,,,,,,,,,,,,,,,,,,,
asm0341001349,asm03410013490008001,Page 8,Guide to Group Travel,,,,,,,,,,,,,,,,,,,,
asm0341001349,asm03410013490009001,Page 9,Guide to Group Travel,,,,,,,,,,,,,,,,,,,,
asm0341001349,asm03410013490010001,Page 10,Guide to Group Travel,,,,,,,,,,,,,,,,,,,,
asm0341001349,asm03410013490011001,Page 11,Guide to Group Travel,,,,,,,,,,,,,,,,,,,,
asm0341001349,asm03410013490012001,Page 12,Guide to Group Travel,,,,,,,,,,,,,,,,,,,,
asm0341001349,asm03410013490013001,Page 13,Guide to Group Travel,,,,,,,,,,,,,,,,,,,,
asm0341001349,asm03410013490014001,Page 14,Guide to Group Travel,,,,,,,,,,,,,,,,,,,,
asm0341001349,asm03410013490015001,Page 15,Guide to Group Travel,,,,,,,,,,,,,,,,,,,,
asm0341001349,asm03410013490016001,Page 16,Guide to Group Travel,,,,,,,,,,,,,,,,,,,,
asm0341001349,asm03410013490017001,Page 17,Guide to Group Travel,,,,,,,,,,,,,,,,,,,,
asm0341001349,asm03410013490018001,Page 18,Guide to Group Travel,,,,,,,,,,,,,,,,,,,,
asm0341001349,asm03410013490019001,Page 19,Guide to Group Travel,,,,,,,,,,,,,,,,,,,,
asm0341001349,asm03410013490020001,Page 20,Guide to Group Travel,,,,,,,,,,,,,,,,,,,,
asm0341001350,,World Wide Holiday Tour Guide,World Wide Holiday Tour Guide,,"Pan American World Airways, Inc.",,,,,Brochures; Promotional materials;,,1958,,1950-1959,,eng,University of Miami. Library. Special Collections,"Pan American World Airways, Inc. records",ASM0341,Printed Materials: Brochures and Booklets: Other,Box No. 1 of 2; Box Title: Brochures and Booklets: Other 1 of 2; Folder No. 11; Folder Title: Brochures and Booklets: other (11 of 15),"This material is in the public domain in the United States. The Pan Am brand remains under trademark. For additional information, please visit: https://digitalcollections.library.miami.edu/digital/custom/copyright-guidelines",http://rightsstatements.org/vocab/NoC-US/1.0/
asm0341001350,asm03410013500001001,Page 1,World Wide Holiday Tour Guide,,,,,,,,,,,,,,,,,,,,
asm0341001350,asm03410013500002001,Page 2,World Wide Holiday Tour Guide,,,,,,,,,,,,,,,,,,,,
asm0341001350,asm03410013500003001,Page 3,World Wide Holiday Tour Guide,,,,,,,,,,,,,,,,,,,,
asm0341001350,asm03410013500004001,Page 4,World Wide Holiday Tour Guide,,,,,,,,,,,,,,,,,,,,
asm0341001350,asm03410013500005001,Page 5,World Wide Holiday Tour Guide,,,,,,,,,,,,,,,,,,,,
asm0341001350,asm03410013500006001,Page 6,World Wide Holiday Tour Guide,,,,,,,,,,,,,,,,,,,,
asm0341001350,asm03410013500007001,Page 7,World Wide Holiday Tour Guide,,,,,,,,,,,,,,,,,,,,
asm0341001350,asm03410013500008001,Page 8,World Wide Holiday Tour Guide,,,,,,,,,,,,,,,,,,,,
asm0341001350,asm03410013500009001,Page 9,World Wide Holiday Tour Guide,,,,,,,,,,,,,,,,,,,,
asm0341001350,asm03410013500010001,Page 10,World Wide Holiday Tour Guide,,,,,,,,,,,,,,,,,,,,
asm0341001350,asm03410013500011001,Page 11,World Wide Holiday Tour Guide,,,,,,,,,,,,,,,,,,,,
asm0341001350,asm03410013500012001,Page 12,World Wide Holiday Tour Guide,,,,,,,,,,,,,,,,,,,,
asm0341001350,asm03410013500013001,Page 13,World Wide Holiday Tour Guide,,,,,,,,,,,,,,,,,,,,
asm0341001350,asm03410013500014001,Page 14,World Wide Holiday Tour Guide,,,,,,,,,,,,,,,,,,,,
asm0341001350,asm03410013500015001,Page 15,World Wide Holiday Tour Guide,,,,,,,,,,,,,,,,,,,,
asm0341001350,asm03410013500016001,Page 16,World Wide Holiday Tour Guide,,,,,,,,,,,,,,,,,,,,
asm0341001350,asm03410013500017001,Page 17,World Wide Holiday Tour Guide,,,,,,,,,,,,,,,,,,,,
asm0341001350,asm03410013500018001,Page 18,World Wide Holiday Tour Guide,,,,,,,,,,,,,,,,,,,,
asm0341001350,asm03410013500019001,Page 19,World Wide Holiday Tour Guide,,,,,,,,,,,,,,,,,,,,
asm0341001350,asm03410013500020001,Page 20,World Wide Holiday Tour Guide,,,,,,,,,,,,,,,,,,,,
asm0341001350,asm03410013500021001,Page 21,World Wide Holiday Tour Guide,,,,,,,,,,,,,,,,,,,,
asm0341001350,asm03410013500022001,Page 22,World Wide Holiday Tour Guide,,,,,,,,,,,,,,,,,,,,
asm0341001350,asm03410013500023001,Page 23,World Wide Holiday Tour Guide,,,,,,,,,,,,,,,,,,,,
asm0341001350,asm03410013500024001,Page 24,World Wide Holiday Tour Guide,,,,,,,,,,,,,,,,,,,,
asm0341001350,asm03410013500025001,Page 25,World Wide Holiday Tour Guide,,,,,,,,,,,,,,,,,,,,
asm0341001350,asm03410013500026001,Page 26,World Wide Holiday Tour Guide,,,,,,,,,,,,,,,,,,,,
asm0341001350,asm03410013500027001,Page 27,World Wide Holiday Tour Guide,,,,,,,,,,,,,,,,,,,,
asm0341001350,asm03410013500028001,Page 28,World Wide Holiday Tour Guide,,,,,,,,,,,,,,,,,,,,
asm0341001350,asm03410013500029001,Page 29,World Wide Holiday Tour Guide,,,,,,,,,,,,,,,,,,,,
asm0341001350,asm03410013500030001,Page 30,World Wide Holiday Tour Guide,,,,,,,,,,,,,,,,,,,,
asm0341001350,asm03410013500031001,Page 31,World Wide Holiday Tour Guide,,,,,,,,,,,,,,,,,,,,
asm0341001350,asm03410013500032001,Page 32,World Wide Holiday Tour Guide,,,,,,,,,,,,,,,,,,,,
asm0341001350,asm03410013500033001,Page 33,World Wide Holiday Tour Guide,,,,,,,,,,,,,,,,,,,,
asm0341001350,asm03410013500034001,Page 34,World Wide Holiday Tour Guide,,,,,,,,,,,,,,,,,,,,
asm0341001350,asm03410013500035001,Page 35,World Wide Holiday Tour Guide,,,,,,,,,,,,,,,,,,,,
asm0341001350,asm03410013500036001,Page 36,World Wide Holiday Tour Guide,,,,,,,,,,,,,,,,,,,,
asm0341001351,,"May we ""sieze"" upon this occasion to ask...","May we ""sieze"" upon this occasion to ask...",,"Pan American World Airways, Inc.",,,,,Brochures; Promotional materials;,,,1956,1950-1959,,eng,University of Miami. Library. Special Collections,"Pan American World Airways, Inc. records",ASM0341,Printed Materials: Brochures and Booklets: Other,Box No. 1 of 2; Box Title: Brochures and Booklets: Other 1 of 2; Folder No. 11; Folder Title: Brochures and Booklets: other (11 of 15),"This material is in the public domain in the United States. The Pan Am brand remains under trademark. For additional information, please visit: https://digitalcollections.library.miami.edu/digital/custom/copyright-guidelines",http://rightsstatements.org/vocab/NoC-US/1.0/
asm0341001351,asm03410013510001001,Page 1,"May we ""sieze"" upon this occasion to ask...",,,,,,,,,,,,,,,,,,,,
asm0341001351,asm03410013510002001,Page 2,"May we ""sieze"" upon this occasion to ask...",,,,,,,,,,,,,,,,,,,,
asm0341001351,asm03410013510003001,Page 3,"May we ""sieze"" upon this occasion to ask...",,,,,,,,,,,,,,,,,,,,
asm0341001352,,Of course they are flying Pan American overseas... doesn't everyone?,Of course they are flying Pan American overseas... doesn't everyone?,,"Pan American World Airways, Inc.",,,,,Brochures; Promotional materials;,,1958,,1950-1959,,eng,University of Miami. Library. Special Collections,"Pan American World Airways, Inc. records",ASM0341,Printed Materials: Brochures and Booklets: Other,Box No. 1 of 2; Box Title: Brochures and Booklets: Other 1 of 2; Folder No. 11; Folder Title: Brochures and Booklets: other (11 of 15),"This material is in the public domain in the United States. The Pan Am brand remains under trademark. For additional information, please visit: https://digitalcollections.library.miami.edu/digital/custom/copyright-guidelines",http://rightsstatements.org/vocab/NoC-US/1.0/
asm0341001352,asm03410013520001001,Page 1,Of course they are flying Pan American overseas... doesn't everyone?,,,,,,,,,,,,,,,,,,,,
asm0341001352,asm03410013520002001,Page 2,Of course they are flying Pan American overseas... doesn't everyone?,,,,,,,,,,,,,,,,,,,,
asm0341001352,asm03410013520003001,Page 3,Of course they are flying Pan American overseas... doesn't everyone?,,,,,,,,,,,,,,,,,,,,
asm0341001352,asm03410013520004001,Page 4,Of course they are flying Pan American overseas... doesn't everyone?,,,,,,,,,,,,,,,,,,,,
asm0341001352,asm03410013520005001,Page 5,Of course they are flying Pan American overseas... doesn't everyone?,,,,,,,,,,,,,,,,,,,,
asm0341001352,asm03410013520006001,Page 6,Of course they are flying Pan American overseas... doesn't everyone?,,,,,,,,,,,,,,,,,,,,
asm0341001352,asm03410013520007001,Page 7,Of course they are flying Pan American overseas... doesn't everyone?,,,,,,,,,,,,,,,,,,,,
asm0341001352,asm03410013520008001,Page 8,Of course they are flying Pan American overseas... doesn't everyone?,,,,,,,,,,,,,,,,,,,,
asm0341001352,asm03410013520009001,Page 9,Of course they are flying Pan American overseas... doesn't everyone?,,,,,,,,,,,,,,,,,,,,
asm0341001352,asm03410013520010001,Page 10,Of course they are flying Pan American overseas... doesn't everyone?,,,,,,,,,,,,,,,,,,,,
asm0341001352,asm03410013520011001,Page 11,Of course they are flying Pan American overseas... doesn't everyone?,,,,,,,,,,,,,,,,,,,,
asm0341001352,asm03410013520012001,Page 12,Of course they are flying Pan American overseas... doesn't everyone?,,,,,,,,,,,,,,,,,,,,
asm0341001353,,A world of neighbors,A world of neighbors,,"Pan American World Airways, Inc.",,,,,Brochures; Promotional materials;,,1946,,1940-1949,,eng,University of Miami. Library. Special Collections,"Pan American World Airways, Inc. records",ASM0341,Printed Materials: Brochures and Booklets: Other,Box No. 1 of 2; Box Title: Brochures and Booklets: Other 1 of 2; Folder No. 11; Folder Title: Brochures and Booklets: other (11 of 15),"This material is in the public domain in the United States. The Pan Am brand remains under trademark. For additional information, please visit: https://digitalcollections.library.miami.edu/digital/custom/copyright-guidelines",http://rightsstatements.org/vocab/NoC-US/1.0/
asm0341001353,asm03410013530001001,Page 1,A world of neighbors,,,,,,,,,,,,,,,,,,,,
asm0341001353,asm03410013530002001,Page 2,A world of neighbors,,,,,,,,,,,,,,,,,,,,
asm0341001353,asm03410013530003001,Page 3,A world of neighbors,,,,,,,,,,,,,,,,,,,,
asm0341001353,asm03410013530004001,Page 4,A world of neighbors,,,,,,,,,,,,,,,,,,,,
asm0341001353,asm03410013530005001,Page 5,A world of neighbors,,,,,,,,,,,,,,,,,,,,
asm0341001353,asm03410013530006001,Page 6,A world of neighbors,,,,,,,,,,,,,,,,,,,,
asm0341001353,asm03410013530007001,Page 7,A world of neighbors,,,,,,,,,,,,,,,,,,,,
asm0341001353,asm03410013530008001,Page 8,A world of neighbors,,,,,,,,,,,,,,,,,,,,
asm0341001353,asm03410013530009001,Page 9,A world of neighbors,,,,,,,,,,,,,,,,,,,,
asm0341001353,asm03410013530010001,Page 10,A world of neighbors,,,,,,,,,,,,,,,,,,,,
asm0341001353,asm03410013530011001,Page 11,A world of neighbors,,,,,,,,,,,,,,,,,,,,
asm0341001353,asm03410013530012001,Page 12,A world of neighbors,,,,,,,,,,,,,,,,,,,,
asm0341001353,asm03410013530013001,Page 13,A world of neighbors,,,,,,,,,,,,,,,,,,,,
asm0341001353,asm03410013530014001,Page 14,A world of neighbors,,,,,,,,,,,,,,,,,,,,
asm0341001353,asm03410013530015001,Page 15,A world of neighbors,,,,,,,,,,,,,,,,,,,,
asm0341001353,asm03410013530016001,Page 16,A world of neighbors,,,,,,,,,,,,,,,,,,,,
asm0341001353,asm03410013530017001,Page 17,A world of neighbors,,,,,,,,,,,,,,,,,,,,
asm0341001353,asm03410013530018001,Page 18,A world of neighbors,,,,,,,,,,,,,,,,,,,,
asm0341001353,asm03410013530019001,Page 19,A world of neighbors,,,,,,,,,,,,,,,,,,,,
asm0341001353,asm03410013530020001,Page 20,A world of neighbors,,,,,,,,,,,,,,,,,,,,
asm0341001353,asm03410013530021001,Page 21,A world of neighbors,,,,,,,,,,,,,,,,,,,,
asm0341001353,asm03410013530022001,Page 22,A world of neighbors,,,,,,,,,,,,,,,,,,,,
asm0341001353,asm03410013530023001,Page 23,A world of neighbors,,,,,,,,,,,,,,,,,,,,
asm0341001353,asm03410013530024001,Page 24,A world of neighbors,,,,,,,,,,,,,,,,,,,,
asm0341001353,asm03410013530025001,Page 25,A world of neighbors,,,,,,,,,,,,,,,,,,,,
asm0341001353,asm03410013530026001,Page 26,A world of neighbors,,,,,,,,,,,,,,,,,,,,
asm0341001353,asm03410013530027001,Page 27,A world of neighbors,,,,,,,,,,,,,,,,,,,,
asm0341001353,asm03410013530028001,Page 28,A world of neighbors,,,,,,,,,,,,,,,,,,,,
asm0341001353,asm03410013530029001,Page 29,A world of neighbors,,,,,,,,,,,,,,,,,,,,
asm0341001353,asm03410013530030001,Page 30,A world of neighbors,,,,,,,,,,,,,,,,,,,,
asm0341001353,asm03410013530031001,Page 31,A world of neighbors,,,,,,,,,,,,,,,,,,,,
asm0341001353,asm03410013530032001,Page 32,A world of neighbors,,,,,,,,,,,,,,,,,,,,
asm0341001353,asm03410013530033001,Page 33,A world of neighbors,,,,,,,,,,,,,,,,,,,,
asm0341001353,asm03410013530034001,Page 34,A world of neighbors,,,,,,,,,,,,,,,,,,,,
asm0341001353,asm03410013530035001,Page 35,A world of neighbors,,,,,,,,,,,,,,,,,,,,
asm0341001353,asm03410013530036001,Page 36,A world of neighbors,,,,,,,,,,,,,,,,,,,,
asm0341001353,asm03410013530037001,Page 37,A world of neighbors,,,,,,,,,,,,,,,,,,,,
asm0341001353,asm03410013530038001,Page 38,A world of neighbors,,,,,,,,,,,,,,,,,,,,
asm0341001353,asm03410013530039001,Page 39,A world of neighbors,,,,,,,,,,,,,,,,,,,,
asm0341001353,asm03410013530040001,Page 40,A world of neighbors,,,,,,,,,,,,,,,,,,,,
asm0341001353,asm03410013530041001,Page 41,A world of neighbors,,,,,,,,,,,,,,,,,,,,
asm0341001353,asm03410013530042001,Page 42,A world of neighbors,,,,,,,,,,,,,,,,,,,,
asm0341001353,asm03410013530043001,Page 43,A world of neighbors,,,,,,,,,,,,,,,,,,,,
asm0341001353,asm03410013530044001,Page 44,A world of neighbors,,,,,,,,,,,,,,,,,,,,
asm0341001353,asm03410013530045001,Page 45,A world of neighbors,,,,,,,,,,,,,,,,,,,,
asm0341001353,asm03410013530046001,Page 46,A world of neighbors,,,,,,,,,,,,,,,,,,,,
asm0341001354,,How  to keep your Pan Am holidays vacation carefree as can be,How  to keep your Pan Am holidays vacation carefree as can be,,"Pan American World Airways, Inc.",,,,,Brochures; Promotional materials;,,,,,,eng,University of Miami. Library. Special Collections,"Pan American World Airways, Inc. records",ASM0341,Printed Materials: Brochures and Booklets: Other,Box No. 1 of 2; Box Title: Brochures and Booklets: Other 1 of 2; Folder No. 12; Folder Title: Brochures and Booklets: other (12 of 15),"The copyright and related rights status of this material is unknown. The Pan Am brand remains under trademark. For additional information, please visit: https://digitalcollections.library.miami.edu/digital/custom/copyright-guidelines",http://rightsstatements.org/vocab/UND/1.0/
asm0341001354,asm03410013540001001,Page 1,How  to keep your Pan Am holidays vacation carefree as can be,,,,,,,,,,,,,,,,,,,,
asm0341001354,asm03410013540002001,Page 2,How  to keep your Pan Am holidays vacation carefree as can be,,,,,,,,,,,,,,,,,,,,
asm0341001354,asm03410013540003001,Page 3,How  to keep your Pan Am holidays vacation carefree as can be,,,,,,,,,,,,,,,,,,,,
asm0341001355,,InterContinental Hotels,InterContinental Hotels,,Inter-Continental Hotels and Resorts,,,,,Brochures; Promotional materials;,,,,,,eng,University of Miami. Library. Special Collections,"Pan American World Airways, Inc. records",ASM0341,Printed Materials: Brochures and Booklets: Other,Box No. 1 of 2; Box Title: Brochures and Booklets: Other 1 of 2; Folder No. 12; Folder Title: Brochures and Booklets: other (12 of 15),"The copyright and related rights status of this material is unknown. The Pan Am brand remains under trademark. For additional information, please visit: https://digitalcollections.library.miami.edu/digital/custom/copyright-guidelines",http://rightsstatements.org/vocab/UND/1.0/
asm0341001355,asm03410013550001001,Page 1,InterContinental Hotels,,,,,,,,,,,,,,,,,,,,
asm0341001355,asm03410013550002001,Page 2,InterContinental Hotels,,,,,,,,,,,,,,,,,,,,
asm0341001355,asm03410013550003001,Page 3,InterContinental Hotels,,,,,,,,,,,,,,,,,,,,
asm0341001355,asm03410013550004001,Page 4,InterContinental Hotels,,,,,,,,,,,,,,,,,,,,
asm0341001355,asm03410013550005001,Page 5,InterContinental Hotels,,,,,,,,,,,,,,,,,,,,
asm0341001355,asm03410013550006001,Page 6,InterContinental Hotels,,,,,,,,,,,,,,,,,,,,
asm0341001355,asm03410013550007001,Page 7,InterContinental Hotels,,,,,,,,,,,,,,,,,,,,
asm0341001355,asm03410013550008001,Page 8,InterContinental Hotels,,,,,,,,,,,,,,,,,,,,
asm0341001355,asm03410013550009001,Page 9,InterContinental Hotels,,,,,,,,,,,,,,,,,,,,
asm0341001355,asm03410013550010001,Page 10,InterContinental Hotels,,,,,,,,,,,,,,,,,,,,
asm0341001355,asm03410013550011001,Page 11,InterContinental Hotels,,,,,,,,,,,,,,,,,,,,
asm0341001355,asm03410013550012001,Page 12,InterContinental Hotels,,,,,,,,,,,,,,,,,,,,
asm0341001355,asm03410013550013001,Page 13,InterContinental Hotels,,,,,,,,,,,,,,,,,,,,
asm0341001355,asm03410013550014001,Page 14,InterContinental Hotels,,,,,,,,,,,,,,,,,,,,
asm0341001355,asm03410013550015001,Page 15,InterContinental Hotels,,,,,,,,,,,,,,,,,,,,
asm0341001356,,Pan Am's  2 For 1 Coupon,Pan Am's  2 For 1 Coupon,,"Pan American World Airways, Inc.",,,,,Promotional materials,,,1982,1980-1989,,eng,University of Miami. Library. Special Collections,"Pan American World Airways, Inc. records",ASM0341,Printed Materials: Brochures and Booklets: Other,Box No. 1 of 2; Box Title: Brochures and Booklets: Other 1 of 2; Folder No. 12; Folder Title: Brochures and Booklets: other (12 of 15),"This material is in the public domain in the United States. The Pan Am brand remains under trademark. For additional information, please visit: https://digitalcollections.library.miami.edu/digital/custom/copyright-guidelines",http://rightsstatements.org/vocab/NoC-US/1.0/
asm0341001356,asm03410013560001001,Page 1,Pan Am's  2 For 1 Coupon,,,,,,,,,,,,,,,,,,,,
asm0341001356,asm03410013560002001,Page 2,Pan Am's  2 For 1 Coupon,,,,,,,,,,,,,,,,,,,,
asm0341001357,,Stretch out. Relax. Pan Am Style.,Stretch out. Relax. Pan Am Style.,,"Pan American World Airways, Inc.",,,,,Brochures; Promotional materials;,,,,,,eng,University of Miami. Library. Special Collections,"Pan American World Airways, Inc. records",ASM0341,Printed Materials: Brochures and Booklets: Other,Box No. 1 of 2; Box Title: Brochures and Booklets: Other 1 of 2; Folder No. 12; Folder Title: Brochures and Booklets: other (12 of 15),"The copyright and related rights status of this material is unknown. The Pan Am brand remains under trademark. For additional information, please visit: https://digitalcollections.library.miami.edu/digital/custom/copyright-guidelines",http://rightsstatements.org/vocab/UND/1.0/
asm0341001357,asm03410013570001001,Page 1,Stretch out. Relax. Pan Am Style.,,,,,,,,,,,,,,,,,,,,
asm0341001357,asm03410013570002001,Page 2,Stretch out. Relax. Pan Am Style.,,,,,,,,,,,,,,,,,,,,
asm0341001358,,Say hello to a brand new world. Say hello to Pan Am's Worldport.,Say hello to a brand new world. Say hello to Pan Am's Worldport.,,"Pan American World Airways, Inc.",,,,,Brochures; Promotional materials;,,,1980,1980-1989,New York (N.Y.),eng,University of Miami. Library. Special Collections,"Pan American World Airways, Inc. records",ASM0341,Printed Materials: Brochures and Booklets: Other,Box No. 1 of 2; Box Title: Brochures and Booklets: Other 1 of 2; Folder No. 12; Folder Title: Brochures and Booklets: other (12 of 15),"This material is in the public domain in the United States. The Pan Am brand remains under trademark. For additional information, please visit: https://digitalcollections.library.miami.edu/digital/custom/copyright-guidelines",http://rightsstatements.org/vocab/NoC-US/1.0/
asm0341001358,asm03410013580001001,Page 1,Say hello to a brand new world. Say hello to Pan Am's Worldport.,,,,,,,,,,,,,,,,,,,,
asm0341001358,asm03410013580002001,Page 2,Say hello to a brand new world. Say hello to Pan Am's Worldport.,,,,,,,,,,,,,,,,,,,,
asm0341001359,,Distinctive dining in the Pan Am style... it makes all the difference in the world,Distinctive dining in the Pan Am style... it makes all the difference in the world,,"Pan American World Airways, Inc.",,,,,Brochures; Promotional materials;,,1982-02,,1980-1989,,eng,University of Miami. Library. Special Collections,"Pan American World Airways, Inc. records",ASM0341,Printed Materials: Brochures and Booklets: Other,Box No. 1 of 2; Box Title: Brochures and Booklets: Other 1 of 2; Folder No. 12; Folder Title: Brochures and Booklets: other (12 of 15),"This material is in the public domain in the United States. The Pan Am brand remains under trademark. For additional information, please visit: https://digitalcollections.library.miami.edu/digital/custom/copyright-guidelines",http://rightsstatements.org/vocab/NoC-US/1.0/
asm0341001359,asm03410013590001001,Page 1,Distinctive dining in the Pan Am style... it makes all the difference in the world,,,,,,,,,,,,,,,,,,,,
asm0341001359,asm03410013590002001,Page 2,Distinctive dining in the Pan Am style... it makes all the difference in the world,,,,,,,,,,,,,,,,,,,,
asm0341001360,,Pan Am Home Exchange Service,Pan Am Home Exchange Service,,"Pan American World Airways, Inc.",,,,,Brochures; Promotional materials;,,,1972,1970-1979,,eng,University of Miami. Library. Special Collections,"Pan American World Airways, Inc. records",ASM0341,Printed Materials: Brochures and Booklets: Other,Box No. 1 of 2; Box Title: Brochures and Booklets: Other 1 of 2; Folder No. 12; Folder Title: Brochures and Booklets: other (12 of 15),"This material is in the public domain in the United States. The Pan Am brand remains under trademark. For additional information, please visit: https://digitalcollections.library.miami.edu/digital/custom/copyright-guidelines",http://rightsstatements.org/vocab/NoC-US/1.0/
asm0341001360,asm03410013600001001,Page 1,Pan Am Home Exchange Service,,,,,,,,,,,,,,,,,,,,
asm0341001360,asm03410013600002001,Page 2,Pan Am Home Exchange Service,,,,,,,,,,,,,,,,,,,,
asm0341001361,,If you are traveling with children...,If you are traveling with children...,,"Pan American World Airways, Inc.",,,,,Brochures; Promotional materials;,,,,,,eng,University of Miami. Library. Special Collections,"Pan American World Airways, Inc. records",ASM0341,Printed Materials: Brochures and Booklets: Other,Box No. 1 of 2; Box Title: Brochures and Booklets: Other 1 of 2; Folder No. 12; Folder Title: Brochures and Booklets: other (12 of 15),"The copyright and related rights status of this material is unknown. The Pan Am brand remains under trademark. For additional information, please visit: https://digitalcollections.library.miami.edu/digital/custom/copyright-guidelines",http://rightsstatements.org/vocab/UND/1.0/
asm0341001361,asm03410013610001001,Page 1,If you are traveling with children...,,,,,,,,,,,,,,,,,,,,
asm0341001361,asm03410013610002001,Page 2,If you are traveling with children...,,,,,,,,,,,,,,,,,,,,
asm0341001362,,"Pan Am International Trade Fairs 1972 : including exhibitions, meetings and conferences","Pan Am International Trade Fairs 1972 : including exhibitions, meetings and conferences",,"Pan American World Airways, Inc.",,,,,Brochures; Promotional materials;,,1971,,1970-1979,,eng,University of Miami. Library. Special Collections,"Pan American World Airways, Inc. records",ASM0341,Printed Materials: Brochures and Booklets: Other,Box No. 1 of 2; Box Title: Brochures and Booklets: Other 1 of 2; Folder No. 12; Folder Title: Brochures and Booklets: other (12 of 15),"This material is protected by copyright. Use for education purposes is permitted. Copyright was originally held by Pan American World Airways, Inc., but was transferred to the University of Miami. The Pan Am brand remains under trademark. For additional information, please visit: https://digitalcollections.library.miami.edu/digital/custom/copyright-guidelines",http://rightsstatements.org/vocab/InC-EDU/1.0/
asm0341001362,asm03410013620001001,Page 1,"Pan Am International Trade Fairs 1972 : including exhibitions, meetings and conferences",,,,,,,,,,,,,,,,,,,,
asm0341001362,asm03410013620002001,Page 2,"Pan Am International Trade Fairs 1972 : including exhibitions, meetings and conferences",,,,,,,,,,,,,,,,,,,,
asm0341001362,asm03410013620003001,Page 3,"Pan Am International Trade Fairs 1972 : including exhibitions, meetings and conferences",,,,,,,,,,,,,,,,,,,,
asm0341001362,asm03410013620004001,Page 4,"Pan Am International Trade Fairs 1972 : including exhibitions, meetings and conferences",,,,,,,,,,,,,,,,,,,,
asm0341001362,asm03410013620005001,Page 5,"Pan Am International Trade Fairs 1972 : including exhibitions, meetings and conferences",,,,,,,,,,,,,,,,,,,,
asm0341001362,asm03410013620006001,Page 6,"Pan Am International Trade Fairs 1972 : including exhibitions, meetings and conferences",,,,,,,,,,,,,,,,,,,,
asm0341001362,asm03410013620007001,Page 7,"Pan Am International Trade Fairs 1972 : including exhibitions, meetings and conferences",,,,,,,,,,,,,,,,,,,,
asm0341001362,asm03410013620008001,Page 8,"Pan Am International Trade Fairs 1972 : including exhibitions, meetings and conferences",,,,,,,,,,,,,,,,,,,,
asm0341001362,asm03410013620009001,Page 9,"Pan Am International Trade Fairs 1972 : including exhibitions, meetings and conferences",,,,,,,,,,,,,,,,,,,,
asm0341001362,asm03410013620010001,Page 10,"Pan Am International Trade Fairs 1972 : including exhibitions, meetings and conferences",,,,,,,,,,,,,,,,,,,,
asm0341001362,asm03410013620011001,Page 11,"Pan Am International Trade Fairs 1972 : including exhibitions, meetings and conferences",,,,,,,,,,,,,,,,,,,,
asm0341001362,asm03410013620012001,Page 12,"Pan Am International Trade Fairs 1972 : including exhibitions, meetings and conferences",,,,,,,,,,,,,,,,,,,,
asm0341001362,asm03410013620013001,Page 13,"Pan Am International Trade Fairs 1972 : including exhibitions, meetings and conferences",,,,,,,,,,,,,,,,,,,,
asm0341001362,asm03410013620014001,Page 14,"Pan Am International Trade Fairs 1972 : including exhibitions, meetings and conferences",,,,,,,,,,,,,,,,,,,,
asm0341001362,asm03410013620015001,Page 15,"Pan Am International Trade Fairs 1972 : including exhibitions, meetings and conferences",,,,,,,,,,,,,,,,,,,,
asm0341001362,asm03410013620016001,Page 16,"Pan Am International Trade Fairs 1972 : including exhibitions, meetings and conferences",,,,,,,,,,,,,,,,,,,,
asm0341001362,asm03410013620017001,Page 17,"Pan Am International Trade Fairs 1972 : including exhibitions, meetings and conferences",,,,,,,,,,,,,,,,,,,,
asm0341001362,asm03410013620018001,Page 18,"Pan Am International Trade Fairs 1972 : including exhibitions, meetings and conferences",,,,,,,,,,,,,,,,,,,,
asm0341001362,asm03410013620019001,Page 19,"Pan Am International Trade Fairs 1972 : including exhibitions, meetings and conferences",,,,,,,,,,,,,,,,,,,,
asm0341001362,asm03410013620020001,Page 20,"Pan Am International Trade Fairs 1972 : including exhibitions, meetings and conferences",,,,,,,,,,,,,,,,,,,,
asm0341001362,asm03410013620021001,Page 21,"Pan Am International Trade Fairs 1972 : including exhibitions, meetings and conferences",,,,,,,,,,,,,,,,,,,,
asm0341001362,asm03410013620022001,Page 22,"Pan Am International Trade Fairs 1972 : including exhibitions, meetings and conferences",,,,,,,,,,,,,,,,,,,,
asm0341001362,asm03410013620023001,Page 23,"Pan Am International Trade Fairs 1972 : including exhibitions, meetings and conferences",,,,,,,,,,,,,,,,,,,,
asm0341001362,asm03410013620024001,Page 24,"Pan Am International Trade Fairs 1972 : including exhibitions, meetings and conferences",,,,,,,,,,,,,,,,,,,,
asm0341001362,asm03410013620025001,Page 25,"Pan Am International Trade Fairs 1972 : including exhibitions, meetings and conferences",,,,,,,,,,,,,,,,,,,,
asm0341001362,asm03410013620026001,Page 26,"Pan Am International Trade Fairs 1972 : including exhibitions, meetings and conferences",,,,,,,,,,,,,,,,,,,,
asm0341001362,asm03410013620027001,Page 27,"Pan Am International Trade Fairs 1972 : including exhibitions, meetings and conferences",,,,,,,,,,,,,,,,,,,,
asm0341001362,asm03410013620028001,Page 28,"Pan Am International Trade Fairs 1972 : including exhibitions, meetings and conferences",,,,,,,,,,,,,,,,,,,,
asm0341001362,asm03410013620029001,Page 29,"Pan Am International Trade Fairs 1972 : including exhibitions, meetings and conferences",,,,,,,,,,,,,,,,,,,,
asm0341001362,asm03410013620030001,Page 30,"Pan Am International Trade Fairs 1972 : including exhibitions, meetings and conferences",,,,,,,,,,,,,,,,,,,,
asm0341001362,asm03410013620031001,Page 31,"Pan Am International Trade Fairs 1972 : including exhibitions, meetings and conferences",,,,,,,,,,,,,,,,,,,,
asm0341001362,asm03410013620032001,Page 32,"Pan Am International Trade Fairs 1972 : including exhibitions, meetings and conferences",,,,,,,,,,,,,,,,,,,,
asm0341001362,asm03410013620033001,Page 33,"Pan Am International Trade Fairs 1972 : including exhibitions, meetings and conferences",,,,,,,,,,,,,,,,,,,,
asm0341001362,asm03410013620034001,Page 34,"Pan Am International Trade Fairs 1972 : including exhibitions, meetings and conferences",,,,,,,,,,,,,,,,,,,,
asm0341001362,asm03410013620035001,Page 35,"Pan Am International Trade Fairs 1972 : including exhibitions, meetings and conferences",,,,,,,,,,,,,,,,,,,,
asm0341001362,asm03410013620036001,Page 36,"Pan Am International Trade Fairs 1972 : including exhibitions, meetings and conferences",,,,,,,,,,,,,,,,,,,,
asm0341001362,asm03410013620037001,Page 37,"Pan Am International Trade Fairs 1972 : including exhibitions, meetings and conferences",,,,,,,,,,,,,,,,,,,,
asm0341001362,asm03410013620038001,Page 38,"Pan Am International Trade Fairs 1972 : including exhibitions, meetings and conferences",,,,,,,,,,,,,,,,,,,,
asm0341001362,asm03410013620039001,Page 39,"Pan Am International Trade Fairs 1972 : including exhibitions, meetings and conferences",,,,,,,,,,,,,,,,,,,,
asm0341001362,asm03410013620040001,Page 40,"Pan Am International Trade Fairs 1972 : including exhibitions, meetings and conferences",,,,,,,,,,,,,,,,,,,,
asm0341001362,asm03410013620041001,Page 41,"Pan Am International Trade Fairs 1972 : including exhibitions, meetings and conferences",,,,,,,,,,,,,,,,,,,,
asm0341001362,asm03410013620042001,Page 42,"Pan Am International Trade Fairs 1972 : including exhibitions, meetings and conferences",,,,,,,,,,,,,,,,,,,,
asm0341001362,asm03410013620043001,Page 43,"Pan Am International Trade Fairs 1972 : including exhibitions, meetings and conferences",,,,,,,,,,,,,,,,,,,,
asm0341001362,asm03410013620044001,Page 44,"Pan Am International Trade Fairs 1972 : including exhibitions, meetings and conferences",,,,,,,,,,,,,,,,,,,,
asm0341001362,asm03410013620045001,Page 45,"Pan Am International Trade Fairs 1972 : including exhibitions, meetings and conferences",,,,,,,,,,,,,,,,,,,,
asm0341001362,asm03410013620046001,Page 46,"Pan Am International Trade Fairs 1972 : including exhibitions, meetings and conferences",,,,,,,,,,,,,,,,,,,,
asm0341001362,asm03410013620047001,Page 47,"Pan Am International Trade Fairs 1972 : including exhibitions, meetings and conferences",,,,,,,,,,,,,,,,,,,,
asm0341001362,asm03410013620048001,Page 48,"Pan Am International Trade Fairs 1972 : including exhibitions, meetings and conferences",,,,,,,,,,,,,,,,,,,,
asm0341001362,asm03410013620049001,Page 49,"Pan Am International Trade Fairs 1972 : including exhibitions, meetings and conferences",,,,,,,,,,,,,,,,,,,,
asm0341001362,asm03410013620050001,Page 50,"Pan Am International Trade Fairs 1972 : including exhibitions, meetings and conferences",,,,,,,,,,,,,,,,,,,,
asm0341001362,asm03410013620051001,Page 51,"Pan Am International Trade Fairs 1972 : including exhibitions, meetings and conferences",,,,,,,,,,,,,,,,,,,,
asm0341001362,asm03410013620052001,Page 52,"Pan Am International Trade Fairs 1972 : including exhibitions, meetings and conferences",,,,,,,,,,,,,,,,,,,,
asm0341001362,asm03410013620053001,Page 53,"Pan Am International Trade Fairs 1972 : including exhibitions, meetings and conferences",,,,,,,,,,,,,,,,,,,,
asm0341001362,asm03410013620054001,Page 54,"Pan Am International Trade Fairs 1972 : including exhibitions, meetings and conferences",,,,,,,,,,,,,,,,,,,,
asm0341001362,asm03410013620055001,Page 55,"Pan Am International Trade Fairs 1972 : including exhibitions, meetings and conferences",,,,,,,,,,,,,,,,,,,,
asm0341001362,asm03410013620056001,Page 56,"Pan Am International Trade Fairs 1972 : including exhibitions, meetings and conferences",,,,,,,,,,,,,,,,,,,,
asm0341001362,asm03410013620057001,Page 57,"Pan Am International Trade Fairs 1972 : including exhibitions, meetings and conferences",,,,,,,,,,,,,,,,,,,,
asm0341001362,asm03410013620058001,Page 58,"Pan Am International Trade Fairs 1972 : including exhibitions, meetings and conferences",,,,,,,,,,,,,,,,,,,,
asm0341001362,asm03410013620059001,Page 59,"Pan Am International Trade Fairs 1972 : including exhibitions, meetings and conferences",,,,,,,,,,,,,,,,,,,,
asm0341001362,asm03410013620060001,Page 60,"Pan Am International Trade Fairs 1972 : including exhibitions, meetings and conferences",,,,,,,,,,,,,,,,,,,,
asm0341001362,asm03410013620061001,Page 61,"Pan Am International Trade Fairs 1972 : including exhibitions, meetings and conferences",,,,,,,,,,,,,,,,,,,,
asm0341001362,asm03410013620062001,Page 62,"Pan Am International Trade Fairs 1972 : including exhibitions, meetings and conferences",,,,,,,,,,,,,,,,,,,,
asm0341001362,asm03410013620063001,Page 63,"Pan Am International Trade Fairs 1972 : including exhibitions, meetings and conferences",,,,,,,,,,,,,,,,,,,,
asm0341001362,asm03410013620064001,Page 64,"Pan Am International Trade Fairs 1972 : including exhibitions, meetings and conferences",,,,,,,,,,,,,,,,,,,,
asm0341001362,asm03410013620065001,Page 65,"Pan Am International Trade Fairs 1972 : including exhibitions, meetings and conferences",,,,,,,,,,,,,,,,,,,,
asm0341001362,asm03410013620066001,Page 66,"Pan Am International Trade Fairs 1972 : including exhibitions, meetings and conferences",,,,,,,,,,,,,,,,,,,,
asm0341001362,asm03410013620067001,Page 67,"Pan Am International Trade Fairs 1972 : including exhibitions, meetings and conferences",,,,,,,,,,,,,,,,,,,,
asm0341001362,asm03410013620068001,Page 68,"Pan Am International Trade Fairs 1972 : including exhibitions, meetings and conferences",,,,,,,,,,,,,,,,,,,,
asm0341001362,asm03410013620069001,Page 69,"Pan Am International Trade Fairs 1972 : including exhibitions, meetings and conferences",,,,,,,,,,,,,,,,,,,,
asm0341001362,asm03410013620070001,Page 70,"Pan Am International Trade Fairs 1972 : including exhibitions, meetings and conferences",,,,,,,,,,,,,,,,,,,,
asm0341001362,asm03410013620071001,Page 71,"Pan Am International Trade Fairs 1972 : including exhibitions, meetings and conferences",,,,,,,,,,,,,,,,,,,,
asm0341001362,asm03410013620072001,Page 72,"Pan Am International Trade Fairs 1972 : including exhibitions, meetings and conferences",,,,,,,,,,,,,,,,,,,,
asm0341001362,asm03410013620073001,Page 73,"Pan Am International Trade Fairs 1972 : including exhibitions, meetings and conferences",,,,,,,,,,,,,,,,,,,,
asm0341001362,asm03410013620074001,Page 74,"Pan Am International Trade Fairs 1972 : including exhibitions, meetings and conferences",,,,,,,,,,,,,,,,,,,,
asm0341001362,asm03410013620075001,Page 75,"Pan Am International Trade Fairs 1972 : including exhibitions, meetings and conferences",,,,,,,,,,,,,,,,,,,,
asm0341001362,asm03410013620076001,Page 76,"Pan Am International Trade Fairs 1972 : including exhibitions, meetings and conferences",,,,,,,,,,,,,,,,,,,,
asm0341001362,asm03410013620077001,Page 77,"Pan Am International Trade Fairs 1972 : including exhibitions, meetings and conferences",,,,,,,,,,,,,,,,,,,,
asm0341001362,asm03410013620078001,Page 78,"Pan Am International Trade Fairs 1972 : including exhibitions, meetings and conferences",,,,,,,,,,,,,,,,,,,,
asm0341001362,asm03410013620079001,Page 79,"Pan Am International Trade Fairs 1972 : including exhibitions, meetings and conferences",,,,,,,,,,,,,,,,,,,,
asm0341001362,asm03410013620080001,Page 80,"Pan Am International Trade Fairs 1972 : including exhibitions, meetings and conferences",,,,,,,,,,,,,,,,,,,,
asm0341001362,asm03410013620081001,Page 81,"Pan Am International Trade Fairs 1972 : including exhibitions, meetings and conferences",,,,,,,,,,,,,,,,,,,,
asm0341001362,asm03410013620082001,Page 82,"Pan Am International Trade Fairs 1972 : including exhibitions, meetings and conferences",,,,,,,,,,,,,,,,,,,,
asm0341001362,asm03410013620083001,Page 83,"Pan Am International Trade Fairs 1972 : including exhibitions, meetings and conferences",,,,,,,,,,,,,,,,,,,,
asm0341001362,asm03410013620084001,Page 84,"Pan Am International Trade Fairs 1972 : including exhibitions, meetings and conferences",,,,,,,,,,,,,,,,,,,,
asm0341001362,asm03410013620085001,Page 85,"Pan Am International Trade Fairs 1972 : including exhibitions, meetings and conferences",,,,,,,,,,,,,,,,,,,,
asm0341001362,asm03410013620086001,Page 86,"Pan Am International Trade Fairs 1972 : including exhibitions, meetings and conferences",,,,,,,,,,,,,,,,,,,,
asm0341001362,asm03410013620087001,Page 87,"Pan Am International Trade Fairs 1972 : including exhibitions, meetings and conferences",,,,,,,,,,,,,,,,,,,,
asm0341001362,asm03410013620088001,Page 88,"Pan Am International Trade Fairs 1972 : including exhibitions, meetings and conferences",,,,,,,,,,,,,,,,,,,,
asm0341001362,asm03410013620089001,Page 89,"Pan Am International Trade Fairs 1972 : including exhibitions, meetings and conferences",,,,,,,,,,,,,,,,,,,,
asm0341001362,asm03410013620090001,Page 90,"Pan Am International Trade Fairs 1972 : including exhibitions, meetings and conferences",,,,,,,,,,,,,,,,,,,,
asm0341001362,asm03410013620091001,Page 91,"Pan Am International Trade Fairs 1972 : including exhibitions, meetings and conferences",,,,,,,,,,,,,,,,,,,,
asm0341001362,asm03410013620092001,Page 92,"Pan Am International Trade Fairs 1972 : including exhibitions, meetings and conferences",,,,,,,,,,,,,,,,,,,,
asm0341001362,asm03410013620093001,Page 93,"Pan Am International Trade Fairs 1972 : including exhibitions, meetings and conferences",,,,,,,,,,,,,,,,,,,,
asm0341001362,asm03410013620094001,Page 94,"Pan Am International Trade Fairs 1972 : including exhibitions, meetings and conferences",,,,,,,,,,,,,,,,,,,,
asm0341001362,asm03410013620095001,Page 95,"Pan Am International Trade Fairs 1972 : including exhibitions, meetings and conferences",,,,,,,,,,,,,,,,,,,,
asm0341001362,asm03410013620096001,Page 96,"Pan Am International Trade Fairs 1972 : including exhibitions, meetings and conferences",,,,,,,,,,,,,,,,,,,,
asm0341001362,asm03410013620097001,Page 97,"Pan Am International Trade Fairs 1972 : including exhibitions, meetings and conferences",,,,,,,,,,,,,,,,,,,,
asm0341001362,asm03410013620098001,Page 98,"Pan Am International Trade Fairs 1972 : including exhibitions, meetings and conferences",,,,,,,,,,,,,,,,,,,,
asm0341001362,asm03410013620099001,Page 99,"Pan Am International Trade Fairs 1972 : including exhibitions, meetings and conferences",,,,,,,,,,,,,,,,,,,,
asm0341001362,asm03410013620100001,Page 100,"Pan Am International Trade Fairs 1972 : including exhibitions, meetings and conferences",,,,,,,,,,,,,,,,,,,,
asm0341001363,,Pan Am's Book of 1971 World Events,Pan Am's Book of 1971 World Events,,"Pan American World Airways, Inc.",,,,,Brochures; Promotional materials;,,1970,,1970-1979,,eng,University of Miami. Library. Special Collections,"Pan American World Airways, Inc. records",ASM0341,Printed Materials: Brochures and Booklets: Other,Box No. 1 of 2; Box Title: Brochures and Booklets: Other 1 of 2; Folder No. 12; Folder Title: Brochures and Booklets: other (12 of 15),"This material is protected by copyright. Use for education purposes is permitted. Copyright was originally held by Pan American World Airways, Inc., but was transferred to the University of Miami. The Pan Am brand remains under trademark. For additional information, please visit: https://digitalcollections.library.miami.edu/digital/custom/copyright-guidelines",http://rightsstatements.org/vocab/InC-EDU/1.0/
asm0341001363,asm03410013630001001,Page 1,Pan Am's Book of 1971 World Events,,,,,,,,,,,,,,,,,,,,
asm0341001363,asm03410013630002001,Page 2,Pan Am's Book of 1971 World Events,,,,,,,,,,,,,,,,,,,,
asm0341001363,asm03410013630003001,Page 3,Pan Am's Book of 1971 World Events,,,,,,,,,,,,,,,,,,,,
asm0341001363,asm03410013630004001,Page 4,Pan Am's Book of 1971 World Events,,,,,,,,,,,,,,,,,,,,
asm0341001363,asm03410013630005001,Page 5,Pan Am's Book of 1971 World Events,,,,,,,,,,,,,,,,,,,,
asm0341001363,asm03410013630006001,Page 6,Pan Am's Book of 1971 World Events,,,,,,,,,,,,,,,,,,,,
asm0341001363,asm03410013630007001,Page 7,Pan Am's Book of 1971 World Events,,,,,,,,,,,,,,,,,,,,
asm0341001363,asm03410013630008001,Page 8,Pan Am's Book of 1971 World Events,,,,,,,,,,,,,,,,,,,,
asm0341001363,asm03410013630009001,Page 9,Pan Am's Book of 1971 World Events,,,,,,,,,,,,,,,,,,,,
asm0341001363,asm03410013630010001,Page 10,Pan Am's Book of 1971 World Events,,,,,,,,,,,,,,,,,,,,
asm0341001363,asm03410013630011001,Page 11,Pan Am's Book of 1971 World Events,,,,,,,,,,,,,,,,,,,,
asm0341001363,asm03410013630012001,Page 12,Pan Am's Book of 1971 World Events,,,,,,,,,,,,,,,,,,,,
asm0341001363,asm03410013630013001,Page 13,Pan Am's Book of 1971 World Events,,,,,,,,,,,,,,,,,,,,
asm0341001363,asm03410013630014001,Page 14,Pan Am's Book of 1971 World Events,,,,,,,,,,,,,,,,,,,,
asm0341001363,asm03410013630015001,Page 15,Pan Am's Book of 1971 World Events,,,,,,,,,,,,,,,,,,,,
asm0341001363,asm03410013630016001,Page 16,Pan Am's Book of 1971 World Events,,,,,,,,,,,,,,,,,,,,
asm0341001363,asm03410013630017001,Page 17,Pan Am's Book of 1971 World Events,,,,,,,,,,,,,,,,,,,,
asm0341001363,asm03410013630018001,Page 18,Pan Am's Book of 1971 World Events,,,,,,,,,,,,,,,,,,,,
asm0341001363,asm03410013630019001,Page 19,Pan Am's Book of 1971 World Events,,,,,,,,,,,,,,,,,,,,
asm0341001363,asm03410013630020001,Page 20,Pan Am's Book of 1971 World Events,,,,,,,,,,,,,,,,,,,,
asm0341001363,asm03410013630021001,Page 21,Pan Am's Book of 1971 World Events,,,,,,,,,,,,,,,,,,,,
asm0341001363,asm03410013630022001,Page 22,Pan Am's Book of 1971 World Events,,,,,,,,,,,,,,,,,,,,
asm0341001363,asm03410013630023001,Page 23,Pan Am's Book of 1971 World Events,,,,,,,,,,,,,,,,,,,,
asm0341001363,asm03410013630024001,Page 24,Pan Am's Book of 1971 World Events,,,,,,,,,,,,,,,,,,,,
asm0341001363,asm03410013630025001,Page 25,Pan Am's Book of 1971 World Events,,,,,,,,,,,,,,,,,,,,
asm0341001363,asm03410013630026001,Page 26,Pan Am's Book of 1971 World Events,,,,,,,,,,,,,,,,,,,,
asm0341001363,asm03410013630027001,Page 27,Pan Am's Book of 1971 World Events,,,,,,,,,,,,,,,,,,,,
asm0341001363,asm03410013630028001,Page 28,Pan Am's Book of 1971 World Events,,,,,,,,,,,,,,,,,,,,
asm0341001363,asm03410013630029001,Page 29,Pan Am's Book of 1971 World Events,,,,,,,,,,,,,,,,,,,,
asm0341001363,asm03410013630030001,Page 30,Pan Am's Book of 1971 World Events,,,,,,,,,,,,,,,,,,,,
asm0341001363,asm03410013630031001,Page 31,Pan Am's Book of 1971 World Events,,,,,,,,,,,,,,,,,,,,
asm0341001363,asm03410013630032001,Page 32,Pan Am's Book of 1971 World Events,,,,,,,,,,,,,,,,,,,,
asm0341001363,asm03410013630033001,Page 33,Pan Am's Book of 1971 World Events,,,,,,,,,,,,,,,,,,,,
asm0341001363,asm03410013630034001,Page 34,Pan Am's Book of 1971 World Events,,,,,,,,,,,,,,,,,,,,
asm0341001363,asm03410013630035001,Page 35,Pan Am's Book of 1971 World Events,,,,,,,,,,,,,,,,,,,,
asm0341001363,asm03410013630036001,Page 36,Pan Am's Book of 1971 World Events,,,,,,,,,,,,,,,,,,,,
asm0341001363,asm03410013630037001,Page 37,Pan Am's Book of 1971 World Events,,,,,,,,,,,,,,,,,,,,
asm0341001363,asm03410013630038001,Page 38,Pan Am's Book of 1971 World Events,,,,,,,,,,,,,,,,,,,,
asm0341001363,asm03410013630039001,Page 39,Pan Am's Book of 1971 World Events,,,,,,,,,,,,,,,,,,,,
asm0341001363,asm03410013630040001,Page 40,Pan Am's Book of 1971 World Events,,,,,,,,,,,,,,,,,,,,
asm0341001363,asm03410013630041001,Page 41,Pan Am's Book of 1971 World Events,,,,,,,,,,,,,,,,,,,,
asm0341001363,asm03410013630042001,Page 42,Pan Am's Book of 1971 World Events,,,,,,,,,,,,,,,,,,,,
asm0341001363,asm03410013630043001,Page 43,Pan Am's Book of 1971 World Events,,,,,,,,,,,,,,,,,,,,
asm0341001363,asm03410013630044001,Page 44,Pan Am's Book of 1971 World Events,,,,,,,,,,,,,,,,,,,,
asm0341001363,asm03410013630045001,Page 45,Pan Am's Book of 1971 World Events,,,,,,,,,,,,,,,,,,,,
asm0341001363,asm03410013630046001,Page 46,Pan Am's Book of 1971 World Events,,,,,,,,,,,,,,,,,,,,
asm0341001363,asm03410013630047001,Page 47,Pan Am's Book of 1971 World Events,,,,,,,,,,,,,,,,,,,,
asm0341001363,asm03410013630048001,Page 48,Pan Am's Book of 1971 World Events,,,,,,,,,,,,,,,,,,,,
asm0341001363,asm03410013630049001,Page 49,Pan Am's Book of 1971 World Events,,,,,,,,,,,,,,,,,,,,
asm0341001363,asm03410013630050001,Page 50,Pan Am's Book of 1971 World Events,,,,,,,,,,,,,,,,,,,,
asm0341001363,asm03410013630051001,Page 51,Pan Am's Book of 1971 World Events,,,,,,,,,,,,,,,,,,,,
asm0341001363,asm03410013630052001,Page 52,Pan Am's Book of 1971 World Events,,,,,,,,,,,,,,,,,,,,
asm0341001363,asm03410013630053001,Page 53,Pan Am's Book of 1971 World Events,,,,,,,,,,,,,,,,,,,,
asm0341001363,asm03410013630054001,Page 54,Pan Am's Book of 1971 World Events,,,,,,,,,,,,,,,,,,,,
asm0341001363,asm03410013630055001,Page 55,Pan Am's Book of 1971 World Events,,,,,,,,,,,,,,,,,,,,
asm0341001363,asm03410013630056001,Page 56,Pan Am's Book of 1971 World Events,,,,,,,,,,,,,,,,,,,,
asm0341001363,asm03410013630057001,Page 57,Pan Am's Book of 1971 World Events,,,,,,,,,,,,,,,,,,,,
asm0341001363,asm03410013630058001,Page 58,Pan Am's Book of 1971 World Events,,,,,,,,,,,,,,,,,,,,
asm0341001363,asm03410013630059001,Page 59,Pan Am's Book of 1971 World Events,,,,,,,,,,,,,,,,,,,,
asm0341001363,asm03410013630060001,Page 60,Pan Am's Book of 1971 World Events,,,,,,,,,,,,,,,,,,,,
asm0341001363,asm03410013630061001,Page 61,Pan Am's Book of 1971 World Events,,,,,,,,,,,,,,,,,,,,
asm0341001363,asm03410013630062001,Page 62,Pan Am's Book of 1971 World Events,,,,,,,,,,,,,,,,,,,,
asm0341001363,asm03410013630063001,Page 63,Pan Am's Book of 1971 World Events,,,,,,,,,,,,,,,,,,,,
asm0341001363,asm03410013630064001,Page 64,Pan Am's Book of 1971 World Events,,,,,,,,,,,,,,,,,,,,
asm0341001363,asm03410013630065001,Page 65,Pan Am's Book of 1971 World Events,,,,,,,,,,,,,,,,,,,,
asm0341001363,asm03410013630066001,Page 66,Pan Am's Book of 1971 World Events,,,,,,,,,,,,,,,,,,,,
asm0341001363,asm03410013630067001,Page 67,Pan Am's Book of 1971 World Events,,,,,,,,,,,,,,,,,,,,
asm0341001363,asm03410013630068001,Page 68,Pan Am's Book of 1971 World Events,,,,,,,,,,,,,,,,,,,,
asm0341001364,,Merchandise catalog fron Pan Am's world,Merchandise catalog fron Pan Am's world,,"Pan American World Airways, Inc.",,,,,Brochures; Promotional materials;,,,1972,1970-1979,,eng,University of Miami. Library. Special Collections,"Pan American World Airways, Inc. records",ASM0341,Printed Materials: Brochures and Booklets: Other,Box No. 1 of 2; Box Title: Brochures and Booklets: Other 1 of 2; Folder No. 12; Folder Title: Brochures and Booklets: other (12 of 15),"This material is in the public domain in the United States. The Pan Am brand remains under trademark. For additional information, please visit: https://digitalcollections.library.miami.edu/digital/custom/copyright-guidelines",http://rightsstatements.org/vocab/NoC-US/1.0/
asm0341001364,asm03410013640001001,Page 1,Merchandise catalog fron Pan Am's world,,,,,,,,,,,,,,,,,,,,
asm0341001364,asm03410013640002001,Page 2,Merchandise catalog fron Pan Am's world,,,,,,,,,,,,,,,,,,,,
asm0341001364,asm03410013640003001,Page 3,Merchandise catalog fron Pan Am's world,,,,,,,,,,,,,,,,,,,,
asm0341001364,asm03410013640004001,Page 4,Merchandise catalog fron Pan Am's world,,,,,,,,,,,,,,,,,,,,
asm0341001364,asm03410013640005001,Page 5,Merchandise catalog fron Pan Am's world,,,,,,,,,,,,,,,,,,,,
asm0341001364,asm03410013640006001,Page 6,Merchandise catalog fron Pan Am's world,,,,,,,,,,,,,,,,,,,,
asm0341001364,asm03410013640007001,Page 7,Merchandise catalog fron Pan Am's world,,,,,,,,,,,,,,,,,,,,
asm0341001364,asm03410013640008001,Page 8,Merchandise catalog fron Pan Am's world,,,,,,,,,,,,,,,,,,,,
asm0341001364,asm03410013640009001,Page 9,Merchandise catalog fron Pan Am's world,,,,,,,,,,,,,,,,,,,,
asm0341001364,asm03410013640010001,Page 10,Merchandise catalog fron Pan Am's world,,,,,,,,,,,,,,,,,,,,
asm0341001364,asm03410013640011001,Page 11,Merchandise catalog fron Pan Am's world,,,,,,,,,,,,,,,,,,,,
asm0341001364,asm03410013640012001,Page 12,Merchandise catalog fron Pan Am's world,,,,,,,,,,,,,,,,,,,,
asm0341001364,asm03410013640013001,Page 13,Merchandise catalog fron Pan Am's world,,,,,,,,,,,,,,,,,,,,
asm0341001364,asm03410013640014001,Page 14,Merchandise catalog fron Pan Am's world,,,,,,,,,,,,,,,,,,,,
asm0341001364,asm03410013640015001,Page 15,Merchandise catalog fron Pan Am's world,,,,,,,,,,,,,,,,,,,,
asm0341001364,asm03410013640016001,Page 16,Merchandise catalog fron Pan Am's world,,,,,,,,,,,,,,,,,,,,
asm0341001364,asm03410013640017001,Page 17,Merchandise catalog fron Pan Am's world,,,,,,,,,,,,,,,,,,,,
asm0341001364,asm03410013640018001,Page 18,Merchandise catalog fron Pan Am's world,,,,,,,,,,,,,,,,,,,,
asm0341001364,asm03410013640019001,Page 19,Merchandise catalog fron Pan Am's world,,,,,,,,,,,,,,,,,,,,
asm0341001364,asm03410013640020001,Page 20,Merchandise catalog fron Pan Am's world,,,,,,,,,,,,,,,,,,,,
asm0341001364,asm03410013640021001,Page 21,Merchandise catalog fron Pan Am's world,,,,,,,,,,,,,,,,,,,,
asm0341001364,asm03410013640022001,Page 22,Merchandise catalog fron Pan Am's world,,,,,,,,,,,,,,,,,,,,
asm0341001364,asm03410013640023001,Page 23,Merchandise catalog fron Pan Am's world,,,,,,,,,,,,,,,,,,,,
asm0341001364,asm03410013640024001,Page 24,Merchandise catalog fron Pan Am's world,,,,,,,,,,,,,,,,,,,,
asm0341001364,asm03410013640025001,Page 25,Merchandise catalog fron Pan Am's world,,,,,,,,,,,,,,,,,,,,
asm0341001364,asm03410013640026001,Page 26,Merchandise catalog fron Pan Am's world,,,,,,,,,,,,,,,,,,,,
asm0341001364,asm03410013640027001,Page 27,Merchandise catalog fron Pan Am's world,,,,,,,,,,,,,,,,,,,,
asm0341001365,,Pan Am's Worldport made easy,Pan Am's Worldport made easy,,"Pan American World Airways, Inc.",,,,,Brochures; Promotional materials;,,1982-01,,1980-1989,New York (N.Y.),eng,University of Miami. Library. Special Collections,"Pan American World Airways, Inc. records",ASM0341,Printed Materials: Brochures and Booklets: Other,Box No. 1 of 2; Box Title: Brochures and Booklets: Other 1 of 2; Folder No. 12; Folder Title: Brochures and Booklets: other (12 of 15),"This material is in the public domain in the United States. The Pan Am brand remains under trademark. For additional information, please visit: https://digitalcollections.library.miami.edu/digital/custom/copyright-guidelines",http://rightsstatements.org/vocab/NoC-US/1.0/
asm0341001365,asm03410013650001001,Page 1,Pan Am's Worldport made easy,,,,,,,,,,,,,,,,,,,,
asm0341001365,asm03410013650002001,Page 2,Pan Am's Worldport made easy,,,,,,,,,,,,,,,,,,,,
asm0341001366,,What the airlines of  the World are doing about the environment,What the airlines of  the World are doing about the environment,,International Air Transport Association,,,,,Brochures; Promotional materials;,,,,,,eng,University of Miami. Library. Special Collections,"Pan American World Airways, Inc. records",ASM0341,Printed Materials: Brochures and Booklets: Other,Box No. 1 of 2; Box Title: Brochures and Booklets: Other 1 of 2; Folder No. 12; Folder Title: Brochures and Booklets: other (12 of 15),"The copyright and related rights status of this material is unknown. The Pan Am brand remains under trademark. For additional information, please visit: https://digitalcollections.library.miami.edu/digital/custom/copyright-guidelines",http://rightsstatements.org/vocab/UND/1.0/
asm0341001366,asm03410013660001001,Page 1,What the airlines of  the World are doing about the environment,,,,,,,,,,,,,,,,,,,,
asm0341001366,asm03410013660002001,Page 2,What the airlines of  the World are doing about the environment,,,,,,,,,,,,,,,,,,,,
asm0341001367,,Pan Am tours on tape,Pan Am tours on tape,,"Pan American World Airways, Inc.",,,,,Brochures; Promotional materials;,,,,,,eng,University of Miami. Library. Special Collections,"Pan American World Airways, Inc. records",ASM0341,Printed Materials: Brochures and Booklets: Other,Box No. 1 of 2; Box Title: Brochures and Booklets: Other 1 of 2; Folder No. 12; Folder Title: Brochures and Booklets: other (12 of 15),"The copyright and related rights status of this material is unknown. The Pan Am brand remains under trademark. For additional information, please visit: https://digitalcollections.library.miami.edu/digital/custom/copyright-guidelines",http://rightsstatements.org/vocab/UND/1.0/
asm0341001367,asm03410013670001001,Page 1,Pan Am tours on tape,,,,,,,,,,,,,,,,,,,,
asm0341001367,asm03410013670002001,Page 2,Pan Am tours on tape,,,,,,,,,,,,,,,,,,,,
asm0341001368,,Clipper Passenger's Currency Converter : Europe and the Middle East,Clipper Passenger's Currency Converter : Europe and the Middle East,,"Pan American World Airways, Inc.",,,,,Booklets;,,1951,,1950-1959,Europe; Middle East,eng,University of Miami. Library. Special Collections,"Pan American World Airways, Inc. records",ASM0341,Printed Materials: Brochures and Booklets: Other,Box No. 1 of 2; Box Title: Brochures and Booklets: Other 1 of 2; Folder No. 13; Folder Title: Brochures and Booklets: other (13 of 15),"The copyright and related rights status of this material is unknown. The Pan Am brand remains under trademark. For additional information, please visit: https://digitalcollections.library.miami.edu/digital/custom/copyright-guidelines",http://rightsstatements.org/vocab/UND/1.0/
asm0341001368,asm03410013680001001,Page 1,Clipper Passenger's Currency Converter : Europe and the Middle East,,,,,,,,,,,,,,,,,,,,
asm0341001368,asm03410013680002001,Page 2,Clipper Passenger's Currency Converter : Europe and the Middle East,,,,,,,,,,,,,,,,,,,,
asm0341001368,asm03410013680003001,Page 3,Clipper Passenger's Currency Converter : Europe and the Middle East,,,,,,,,,,,,,,,,,,,,
asm0341001368,asm03410013680004001,Page 4,Clipper Passenger's Currency Converter : Europe and the Middle East,,,,,,,,,,,,,,,,,,,,
asm0341001368,asm03410013680005001,Page 5,Clipper Passenger's Currency Converter : Europe and the Middle East,,,,,,,,,,,,,,,,,,,,
asm0341001368,asm03410013680006001,Page 6,Clipper Passenger's Currency Converter : Europe and the Middle East,,,,,,,,,,,,,,,,,,,,
asm0341001368,asm03410013680007001,Page 7,Clipper Passenger's Currency Converter : Europe and the Middle East,,,,,,,,,,,,,,,,,,,,
asm0341001368,asm03410013680008001,Page 8,Clipper Passenger's Currency Converter : Europe and the Middle East,,,,,,,,,,,,,,,,,,,,
asm0341001368,asm03410013680009001,Page 9,Clipper Passenger's Currency Converter : Europe and the Middle East,,,,,,,,,,,,,,,,,,,,
asm0341001368,asm03410013680010001,Page 10,Clipper Passenger's Currency Converter : Europe and the Middle East,,,,,,,,,,,,,,,,,,,,
asm0341001368,asm03410013680011001,Page 11,Clipper Passenger's Currency Converter : Europe and the Middle East,,,,,,,,,,,,,,,,,,,,
asm0341001368,asm03410013680012001,Page 12,Clipper Passenger's Currency Converter : Europe and the Middle East,,,,,,,,,,,,,,,,,,,,
asm0341001368,asm03410013680013001,Page 13,Clipper Passenger's Currency Converter : Europe and the Middle East,,,,,,,,,,,,,,,,,,,,
asm0341001369,,Air traveler's dictionary : English - Spanish / Frases utiles en ingles,Air traveler's dictionary : English - Spanish / Frases utiles en ingles,,"Pan American World Airways, Inc.",,,,,Brochures; Promotional materials;,,,,,,eng; spa,University of Miami. Library. Special Collections,"Pan American World Airways, Inc. records",ASM0341,Printed Materials: Brochures and Booklets: Other,Box No. 1 of 2; Box Title: Brochures and Booklets: Other 1 of 2; Folder No. 13; Folder Title: Brochures and Booklets: other (13 of 15),"The copyright and related rights status of this material is unknown. The Pan Am brand remains under trademark. For additional information, please visit: https://digitalcollections.library.miami.edu/digital/custom/copyright-guidelines",http://rightsstatements.org/vocab/UND/1.0/
asm0341001369,asm03410013690001001,Page 1,Air traveler's dictionary : English - Spanish / Frases utiles en ingles,,,,,,,,,,,,,,,,,,,,
asm0341001369,asm03410013690002001,Page 2,Air traveler's dictionary : English - Spanish / Frases utiles en ingles,,,,,,,,,,,,,,,,,,,,
asm0341001369,asm03410013690003001,Page 3,Air traveler's dictionary : English - Spanish / Frases utiles en ingles,,,,,,,,,,,,,,,,,,,,
asm0341001369,asm03410013690004001,Page 4,Air traveler's dictionary : English - Spanish / Frases utiles en ingles,,,,,,,,,,,,,,,,,,,,
asm0341001369,asm03410013690005001,Page 5,Air traveler's dictionary : English - Spanish / Frases utiles en ingles,,,,,,,,,,,,,,,,,,,,
asm0341001369,asm03410013690006001,Page 6,Air traveler's dictionary : English - Spanish / Frases utiles en ingles,,,,,,,,,,,,,,,,,,,,
asm0341001369,asm03410013690007001,Page 7,Air traveler's dictionary : English - Spanish / Frases utiles en ingles,,,,,,,,,,,,,,,,,,,,
asm0341001369,asm03410013690008001,Page 8,Air traveler's dictionary : English - Spanish / Frases utiles en ingles,,,,,,,,,,,,,,,,,,,,
asm0341001369,asm03410013690009001,Page 9,Air traveler's dictionary : English - Spanish / Frases utiles en ingles,,,,,,,,,,,,,,,,,,,,
asm0341001369,asm03410013690010001,Page 10,Air traveler's dictionary : English - Spanish / Frases utiles en ingles,,,,,,,,,,,,,,,,,,,,
asm0341001369,asm03410013690011001,Page 11,Air traveler's dictionary : English - Spanish / Frases utiles en ingles,,,,,,,,,,,,,,,,,,,,
asm0341001369,asm03410013690012001,Page 12,Air traveler's dictionary : English - Spanish / Frases utiles en ingles,,,,,,,,,,,,,,,,,,,,
asm0341001369,asm03410013690013001,Page 13,Air traveler's dictionary : English - Spanish / Frases utiles en ingles,,,,,,,,,,,,,,,,,,,,
asm0341001369,asm03410013690014001,Page 14,Air traveler's dictionary : English - Spanish / Frases utiles en ingles,,,,,,,,,,,,,,,,,,,,
asm0341001369,asm03410013690015001,Page 15,Air traveler's dictionary : English - Spanish / Frases utiles en ingles,,,,,,,,,,,,,,,,,,,,
asm0341001369,asm03410013690016001,Page 16,Air traveler's dictionary : English - Spanish / Frases utiles en ingles,,,,,,,,,,,,,,,,,,,,
asm0341001369,asm03410013690017001,Page 17,Air traveler's dictionary : English - Spanish / Frases utiles en ingles,,,,,,,,,,,,,,,,,,,,
asm0341001369,asm03410013690018001,Page 18,Air traveler's dictionary : English - Spanish / Frases utiles en ingles,,,,,,,,,,,,,,,,,,,,
asm0341001369,asm03410013690019001,Page 19,Air traveler's dictionary : English - Spanish / Frases utiles en ingles,,,,,,,,,,,,,,,,,,,,
asm0341001369,asm03410013690020001,Page 20,Air traveler's dictionary : English - Spanish / Frases utiles en ingles,,,,,,,,,,,,,,,,,,,,
asm0341001369,asm03410013690021001,Page 21,Air traveler's dictionary : English - Spanish / Frases utiles en ingles,,,,,,,,,,,,,,,,,,,,
asm0341001369,asm03410013690022001,Page 22,Air traveler's dictionary : English - Spanish / Frases utiles en ingles,,,,,,,,,,,,,,,,,,,,
asm0341001369,asm03410013690023001,Page 23,Air traveler's dictionary : English - Spanish / Frases utiles en ingles,,,,,,,,,,,,,,,,,,,,
asm0341001369,asm03410013690024001,Page 24,Air traveler's dictionary : English - Spanish / Frases utiles en ingles,,,,,,,,,,,,,,,,,,,,
asm0341001369,asm03410013690025001,Page 25,Air traveler's dictionary : English - Spanish / Frases utiles en ingles,,,,,,,,,,,,,,,,,,,,
asm0341001369,asm03410013690026001,Page 26,Air traveler's dictionary : English - Spanish / Frases utiles en ingles,,,,,,,,,,,,,,,,,,,,
asm0341001369,asm03410013690027001,Page 27,Air traveler's dictionary : English - Spanish / Frases utiles en ingles,,,,,,,,,,,,,,,,,,,,
asm0341001369,asm03410013690028001,Page 28,Air traveler's dictionary : English - Spanish / Frases utiles en ingles,,,,,,,,,,,,,,,,,,,,
asm0341001370,,Pan Am loves children,Pan Am loves children,,"Pan American World Airways, Inc.",,,,,Brochures; Promotional materials;,,1966,,1960-1969,,eng,University of Miami. Library. Special Collections,"Pan American World Airways, Inc. records",ASM0341,Printed Materials: Brochures and Booklets: Other,Box No. 1 of 2; Box Title: Brochures and Booklets: Other 1 of 2; Folder No. 13; Folder Title: Brochures and Booklets: other (13 of 15),"This material is protected by copyright. Use for education purposes is permitted. Copyright was originally held by Pan American World Airways, Inc., but was transferred to the University of Miami. The Pan Am brand remains under trademark. For additional information, please visit: https://digitalcollections.library.miami.edu/digital/custom/copyright-guidelines",http://rightsstatements.org/vocab/InC-EDU/1.0/
asm0341001370,asm03410013700001001,Page 1,Pan Am loves children,,,,,,,,,,,,,,,,,,,,
asm0341001370,asm03410013700002001,Page 2,Pan Am loves children,,,,,,,,,,,,,,,,,,,,
asm0341001370,asm03410013700003001,Page 3,Pan Am loves children,,,,,,,,,,,,,,,,,,,,
asm0341001370,asm03410013700004001,Page 4,Pan Am loves children,,,,,,,,,,,,,,,,,,,,
asm0341001370,asm03410013700005001,Page 5,Pan Am loves children,,,,,,,,,,,,,,,,,,,,
asm0341001370,asm03410013700006001,Page 6,Pan Am loves children,,,,,,,,,,,,,,,,,,,,
asm0341001370,asm03410013700007001,Page 7,Pan Am loves children,,,,,,,,,,,,,,,,,,,,
asm0341001370,asm03410013700008001,Page 8,Pan Am loves children,,,,,,,,,,,,,,,,,,,,
asm0341001370,asm03410013700009001,Page 9,Pan Am loves children,,,,,,,,,,,,,,,,,,,,
asm0341001370,asm03410013700010001,Page 10,Pan Am loves children,,,,,,,,,,,,,,,,,,,,
asm0341001370,asm03410013700011001,Page 11,Pan Am loves children,,,,,,,,,,,,,,,,,,,,
asm0341001370,asm03410013700012001,Page 12,Pan Am loves children,,,,,,,,,,,,,,,,,,,,
asm0341001370,asm03410013700013001,Page 13,Pan Am loves children,,,,,,,,,,,,,,,,,,,,
asm0341001370,asm03410013700014001,Page 14,Pan Am loves children,,,,,,,,,,,,,,,,,,,,
asm0341001370,asm03410013700015001,Page 15,Pan Am loves children,,,,,,,,,,,,,,,,,,,,
asm0341001370,asm03410013700016001,Page 16,Pan Am loves children,,,,,,,,,,,,,,,,,,,,
asm0341001370,asm03410013700017001,Page 17,Pan Am loves children,,,,,,,,,,,,,,,,,,,,
asm0341001370,asm03410013700018001,Page 18,Pan Am loves children,,,,,,,,,,,,,,,,,,,,
asm0341001370,asm03410013700019001,Page 19,Pan Am loves children,,,,,,,,,,,,,,,,,,,,
asm0341001370,asm03410013700020001,Page 20,Pan Am loves children,,,,,,,,,,,,,,,,,,,,
asm0341001370,asm03410013700021001,Page 21,Pan Am loves children,,,,,,,,,,,,,,,,,,,,
asm0341001370,asm03410013700022001,Page 22,Pan Am loves children,,,,,,,,,,,,,,,,,,,,
asm0341001370,asm03410013700023001,Page 23,Pan Am loves children,,,,,,,,,,,,,,,,,,,,
asm0341001370,asm03410013700024001,Page 24,Pan Am loves children,,,,,,,,,,,,,,,,,,,,
asm0341001371,,Your Clipper flight log,Your Clipper flight log,,"Pan American World Airways, Inc.",,,,,Brochures; Promotional materials;,,1948,,1940-1949,,eng,University of Miami. Library. Special Collections,"Pan American World Airways, Inc. records",ASM0341,Printed Materials: Brochures and Booklets: Other,Box No. 1 of 2; Box Title: Brochures and Booklets: Other 1 of 2; Folder No. 13; Folder Title: Brochures and Booklets: other (13 of 15),"This material is in the public domain in the United States. The Pan Am brand remains under trademark. For additional information, please visit: https://digitalcollections.library.miami.edu/digital/custom/copyright-guidelines",http://rightsstatements.org/vocab/NoC-US/1.0/
asm0341001371,asm03410013710001001,Page 1,Your Clipper flight log,,,,,,,,,,,,,,,,,,,,
asm0341001371,asm03410013710002001,Page 2,Your Clipper flight log,,,,,,,,,,,,,,,,,,,,
asm0341001371,asm03410013710003001,Page 3,Your Clipper flight log,,,,,,,,,,,,,,,,,,,,
asm0341001371,asm03410013710004001,Page 4,Your Clipper flight log,,,,,,,,,,,,,,,,,,,,
asm0341001371,asm03410013710005001,Page 5,Your Clipper flight log,,,,,,,,,,,,,,,,,,,,
asm0341001371,asm03410013710006001,Page 6,Your Clipper flight log,,,,,,,,,,,,,,,,,,,,
asm0341001371,asm03410013710007001,Page 7,Your Clipper flight log,,,,,,,,,,,,,,,,,,,,
asm0341001371,asm03410013710008001,Page 8,Your Clipper flight log,,,,,,,,,,,,,,,,,,,,
asm0341001371,asm03410013710009001,Page 9,Your Clipper flight log,,,,,,,,,,,,,,,,,,,,
asm0341001371,asm03410013710010001,Page 10,Your Clipper flight log,,,,,,,,,,,,,,,,,,,,
asm0341001371,asm03410013710011001,Page 11,Your Clipper flight log,,,,,,,,,,,,,,,,,,,,
asm0341001371,asm03410013710012001,Page 12,Your Clipper flight log,,,,,,,,,,,,,,,,,,,,
asm0341001371,asm03410013710013001,Page 13,Your Clipper flight log,,,,,,,,,,,,,,,,,,,,
asm0341001371,asm03410013710014001,Page 14,Your Clipper flight log,,,,,,,,,,,,,,,,,,,,
asm0341001371,asm03410013710015001,Page 15,Your Clipper flight log,,,,,,,,,,,,,,,,,,,,
asm0341001371,asm03410013710016001,Page 16,Your Clipper flight log,,,,,,,,,,,,,,,,,,,,
asm0341001371,asm03410013710017001,Page 17,Your Clipper flight log,,,,,,,,,,,,,,,,,,,,
asm0341001371,asm03410013710018001,Page 18,Your Clipper flight log,,,,,,,,,,,,,,,,,,,,
asm0341001371,asm03410013710019001,Page 19,Your Clipper flight log,,,,,,,,,,,,,,,,,,,,
asm0341001371,asm03410013710020001,Page 20,Your Clipper flight log,,,,,,,,,,,,,,,,,,,,
asm0341001371,asm03410013710021001,Page 21,Your Clipper flight log,,,,,,,,,,,,,,,,,,,,
asm0341001371,asm03410013710022001,Page 22,Your Clipper flight log,,,,,,,,,,,,,,,,,,,,
asm0341001371,asm03410013710023001,Page 23,Your Clipper flight log,,,,,,,,,,,,,,,,,,,,
asm0341001371,asm03410013710024001,Page 24,Your Clipper flight log,,,,,,,,,,,,,,,,,,,,
asm0341001371,asm03410013710025001,Page 25,Your Clipper flight log,,,,,,,,,,,,,,,,,,,,
asm0341001371,asm03410013710026001,Page 26,Your Clipper flight log,,,,,,,,,,,,,,,,,,,,
asm0341001371,asm03410013710027001,Page 27,Your Clipper flight log,,,,,,,,,,,,,,,,,,,,
asm0341001371,asm03410013710028001,Page 28,Your Clipper flight log,,,,,,,,,,,,,,,,,,,,
asm0341001372,,Astro's album of... Pan American Clippers,Astro's album of... Pan American Clippers,,"Pan American World Airways, Inc.",,,,,Brochures; Promotional materials;,,,,,,eng,University of Miami. Library. Special Collections,"Pan American World Airways, Inc. records",ASM0341,Printed Materials: Brochures and Booklets: Other,Box No. 1 of 2; Box Title: Brochures and Booklets: Other 1 of 2; Folder No. 13; Folder Title: Brochures and Booklets: other (13 of 15),"The copyright and related rights status of this material is unknown. The Pan Am brand remains under trademark. For additional information, please visit: https://digitalcollections.library.miami.edu/digital/custom/copyright-guidelines",http://rightsstatements.org/vocab/UND/1.0/
asm0341001372,asm03410013720001001,Page 1,Astro's album of... Pan American Clippers,,,,,,,,,,,,,,,,,,,,
asm0341001372,asm03410013720002001,Page 2,Astro's album of... Pan American Clippers,,,,,,,,,,,,,,,,,,,,
asm0341001373,,The Pan Am guide to business customs in the U.S.A,The Pan Am guide to business customs in the U.S.A,,"Pan American World Airways, Inc.",,,,,Brochures; Promotional materials;,,1967,,1960-1969,United States,eng,University of Miami. Library. Special Collections,"Pan American World Airways, Inc. records",ASM0341,Printed Materials: Brochures and Booklets: Other,Box No. 1 of 2; Box Title: Brochures and Booklets: Other 1 of 2; Folder No. 13; Folder Title: Brochures and Booklets: other (13 of 15),"This material is protected by copyright. Use for education purposes is permitted. Copyright was originally held by Pan American World Airways, Inc., but was transferred to the University of Miami. The Pan Am brand remains under trademark. For additional information, please visit: https://digitalcollections.library.miami.edu/digital/custom/copyright-guidelines",http://rightsstatements.org/vocab/InC-EDU/1.0/
asm0341001373,asm03410013730001001,Page 1,The Pan Am guide to business customs in the U.S.A,,,,,,,,,,,,,,,,,,,,
asm0341001373,asm03410013730002001,Page 2,The Pan Am guide to business customs in the U.S.A,,,,,,,,,,,,,,,,,,,,
asm0341001373,asm03410013730003001,Page 3,The Pan Am guide to business customs in the U.S.A,,,,,,,,,,,,,,,,,,,,
asm0341001373,asm03410013730004001,Page 4,The Pan Am guide to business customs in the U.S.A,,,,,,,,,,,,,,,,,,,,
asm0341001373,asm03410013730005001,Page 5,The Pan Am guide to business customs in the U.S.A,,,,,,,,,,,,,,,,,,,,
asm0341001373,asm03410013730006001,Page 6,The Pan Am guide to business customs in the U.S.A,,,,,,,,,,,,,,,,,,,,
asm0341001373,asm03410013730007001,Page 7,The Pan Am guide to business customs in the U.S.A,,,,,,,,,,,,,,,,,,,,
asm0341001373,asm03410013730008001,Page 8,The Pan Am guide to business customs in the U.S.A,,,,,,,,,,,,,,,,,,,,
asm0341001373,asm03410013730009001,Page 9,The Pan Am guide to business customs in the U.S.A,,,,,,,,,,,,,,,,,,,,
asm0341001373,asm03410013730010001,Page 10,The Pan Am guide to business customs in the U.S.A,,,,,,,,,,,,,,,,,,,,
asm0341001373,asm03410013730011001,Page 11,The Pan Am guide to business customs in the U.S.A,,,,,,,,,,,,,,,,,,,,
asm0341001373,asm03410013730012001,Page 12,The Pan Am guide to business customs in the U.S.A,,,,,,,,,,,,,,,,,,,,
asm0341001373,asm03410013730013001,Page 13,The Pan Am guide to business customs in the U.S.A,,,,,,,,,,,,,,,,,,,,
asm0341001373,asm03410013730014001,Page 14,The Pan Am guide to business customs in the U.S.A,,,,,,,,,,,,,,,,,,,,
asm0341001373,asm03410013730015001,Page 15,The Pan Am guide to business customs in the U.S.A,,,,,,,,,,,,,,,,,,,,
asm0341001373,asm03410013730016001,Page 16,The Pan Am guide to business customs in the U.S.A,,,,,,,,,,,,,,,,,,,,
asm0341001373,asm03410013730017001,Page 17,The Pan Am guide to business customs in the U.S.A,,,,,,,,,,,,,,,,,,,,
asm0341001373,asm03410013730018001,Page 18,The Pan Am guide to business customs in the U.S.A,,,,,,,,,,,,,,,,,,,,
asm0341001373,asm03410013730019001,Page 19,The Pan Am guide to business customs in the U.S.A,,,,,,,,,,,,,,,,,,,,
asm0341001373,asm03410013730020001,Page 20,The Pan Am guide to business customs in the U.S.A,,,,,,,,,,,,,,,,,,,,
asm0341001374,,How to clear U.S. Customs the easiest way,How to clear U.S. Customs the easiest way,,"Pan American World Airways, Inc.",,,,,Brochures; Promotional materials;,,,,,United States,eng,University of Miami. Library. Special Collections,"Pan American World Airways, Inc. records",ASM0341,Printed Materials: Brochures and Booklets: Other,Box No. 1 of 2; Box Title: Brochures and Booklets: Other 1 of 2; Folder No. 13; Folder Title: Brochures and Booklets: other (13 of 15),"The copyright and related rights status of this material is unknown. The Pan Am brand remains under trademark. For additional information, please visit: https://digitalcollections.library.miami.edu/digital/custom/copyright-guidelines",http://rightsstatements.org/vocab/UND/1.0/
asm0341001374,asm03410013740001001,Page 1,How to clear U.S. Customs the easiest way,,,,,,,,,,,,,,,,,,,,
asm0341001374,asm03410013740002001,Page 2,How to clear U.S. Customs the easiest way,,,,,,,,,,,,,,,,,,,,
asm0341001374,asm03410013740003001,Page 3,How to clear U.S. Customs the easiest way,,,,,,,,,,,,,,,,,,,,
asm0341001374,asm03410013740004001,Page 4,How to clear U.S. Customs the easiest way,,,,,,,,,,,,,,,,,,,,
asm0341001374,asm03410013740005001,Page 5,How to clear U.S. Customs the easiest way,,,,,,,,,,,,,,,,,,,,
asm0341001374,asm03410013740006001,Page 6,How to clear U.S. Customs the easiest way,,,,,,,,,,,,,,,,,,,,
asm0341001374,asm03410013740007001,Page 7,How to clear U.S. Customs the easiest way,,,,,,,,,,,,,,,,,,,,
asm0341001374,asm03410013740008001,Page 8,How to clear U.S. Customs the easiest way,,,,,,,,,,,,,,,,,,,,
asm0341001374,asm03410013740009001,Page 9,How to clear U.S. Customs the easiest way,,,,,,,,,,,,,,,,,,,,
asm0341001374,asm03410013740010001,Page 10,How to clear U.S. Customs the easiest way,,,,,,,,,,,,,,,,,,,,
asm0341001374,asm03410013740011001,Page 11,How to clear U.S. Customs the easiest way,,,,,,,,,,,,,,,,,,,,
asm0341001374,asm03410013740012001,Page 12,How to clear U.S. Customs the easiest way,,,,,,,,,,,,,,,,,,,,
asm0341001375,,Pan Am cares : tips on time,Pan Am cares : tips on time,,"Pan American World Airways, Inc.",,,,,Brochures; Promotional materials;,,1971,,1970-1979,,eng,University of Miami. Library. Special Collections,"Pan American World Airways, Inc. records",ASM0341,Printed Materials: Brochures and Booklets: Other,Box No. 1 of 2; Box Title: Brochures and Booklets: Other 1 of 2; Folder No. 13; Folder Title: Brochures and Booklets: other (13 of 15),"This material is protected by copyright. Use for education purposes is permitted. Copyright was originally held by Pan American World Airways, Inc., but was transferred to the University of Miami. The Pan Am brand remains under trademark. For additional information, please visit: https://digitalcollections.library.miami.edu/digital/custom/copyright-guidelines",http://rightsstatements.org/vocab/InC-EDU/1.0/
asm0341001375,asm03410013750001001,Page 1,Pan Am cares : tips on time,,,,,,,,,,,,,,,,,,,,
asm0341001375,asm03410013750002001,Page 2,Pan Am cares : tips on time,,,,,,,,,,,,,,,,,,,,
asm0341001375,asm03410013750003001,Page 3,Pan Am cares : tips on time,,,,,,,,,,,,,,,,,,,,
asm0341001375,asm03410013750004001,Page 4,Pan Am cares : tips on time,,,,,,,,,,,,,,,,,,,,
asm0341001375,asm03410013750005001,Page 5,Pan Am cares : tips on time,,,,,,,,,,,,,,,,,,,,
asm0341001375,asm03410013750006001,Page 6,Pan Am cares : tips on time,,,,,,,,,,,,,,,,,,,,
asm0341001375,asm03410013750007001,Page 7,Pan Am cares : tips on time,,,,,,,,,,,,,,,,,,,,
asm0341001375,asm03410013750008001,Page 8,Pan Am cares : tips on time,,,,,,,,,,,,,,,,,,,,
asm0341001375,asm03410013750009001,Page 9,Pan Am cares : tips on time,,,,,,,,,,,,,,,,,,,,
asm0341001375,asm03410013750010001,Page 10,Pan Am cares : tips on time,,,,,,,,,,,,,,,,,,,,
asm0341001375,asm03410013750011001,Page 11,Pan Am cares : tips on time,,,,,,,,,,,,,,,,,,,,
asm0341001375,asm03410013750012001,Page 12,Pan Am cares : tips on time,,,,,,,,,,,,,,,,,,,,
asm0341001375,asm03410013750013001,Page 13,Pan Am cares : tips on time,,,,,,,,,,,,,,,,,,,,
asm0341001375,asm03410013750014001,Page 14,Pan Am cares : tips on time,,,,,,,,,,,,,,,,,,,,
asm0341001375,asm03410013750015001,Page 15,Pan Am cares : tips on time,,,,,,,,,,,,,,,,,,,,
asm0341001375,asm03410013750016001,Page 16,Pan Am cares : tips on time,,,,,,,,,,,,,,,,,,,,
asm0341001375,asm03410013750017001,Page 17,Pan Am cares : tips on time,,,,,,,,,,,,,,,,,,,,
asm0341001375,asm03410013750018001,Page 18,Pan Am cares : tips on time,,,,,,,,,,,,,,,,,,,,
asm0341001375,asm03410013750019001,Page 19,Pan Am cares : tips on time,,,,,,,,,,,,,,,,,,,,
asm0341001375,asm03410013750020001,Page 20,Pan Am cares : tips on time,,,,,,,,,,,,,,,,,,,,
asm0341001375,asm03410013750021001,Page 21,Pan Am cares : tips on time,,,,,,,,,,,,,,,,,,,,
asm0341001375,asm03410013750022001,Page 22,Pan Am cares : tips on time,,,,,,,,,,,,,,,,,,,,
asm0341001375,asm03410013750023001,Page 23,Pan Am cares : tips on time,,,,,,,,,,,,,,,,,,,,
asm0341001375,asm03410013750024001,Page 24,Pan Am cares : tips on time,,,,,,,,,,,,,,,,,,,,
asm0341001375,asm03410013750025001,Page 25,Pan Am cares : tips on time,,,,,,,,,,,,,,,,,,,,
asm0341001375,asm03410013750026001,Page 26,Pan Am cares : tips on time,,,,,,,,,,,,,,,,,,,,
asm0341001375,asm03410013750027001,Page 27,Pan Am cares : tips on time,,,,,,,,,,,,,,,,,,,,
asm0341001375,asm03410013750028001,Page 28,Pan Am cares : tips on time,,,,,,,,,,,,,,,,,,,,
asm0341001376,,¿Qué pasa?,¿Qué pasa?,,"Pan American World Airways, Inc.",,,,,Brochures; Promotional materials;,,1947,,1940-1949,,eng,University of Miami. Library. Special Collections,"Pan American World Airways, Inc. records",ASM0341,Printed Materials: Brochures and Booklets: Other,Box No. 1 of 2; Box Title: Brochures and Booklets: Other 1 of 2; Folder No. 13; Folder Title: Brochures and Booklets: other (13 of 15),"This material is in the public domain in the United States. The Pan Am brand remains under trademark. For additional information, please visit: https://digitalcollections.library.miami.edu/digital/custom/copyright-guidelines",http://rightsstatements.org/vocab/NoC-US/1.0/
asm0341001376,asm03410013760001001,Page 1,¿Qué pasa?,,,,,,,,,,,,,,,,,,,,
asm0341001376,asm03410013760002001,Page 2,¿Qué pasa?,,,,,,,,,,,,,,,,,,,,
asm0341001376,asm03410013760003001,Page 3,¿Qué pasa?,,,,,,,,,,,,,,,,,,,,
asm0341001376,asm03410013760004001,Page 4,¿Qué pasa?,,,,,,,,,,,,,,,,,,,,
asm0341001376,asm03410013760005001,Page 5,¿Qué pasa?,,,,,,,,,,,,,,,,,,,,
asm0341001376,asm03410013760006001,Page 6,¿Qué pasa?,,,,,,,,,,,,,,,,,,,,
asm0341001376,asm03410013760007001,Page 7,¿Qué pasa?,,,,,,,,,,,,,,,,,,,,
asm0341001376,asm03410013760008001,Page 8,¿Qué pasa?,,,,,,,,,,,,,,,,,,,,
asm0341001376,asm03410013760009001,Page 9,¿Qué pasa?,,,,,,,,,,,,,,,,,,,,
asm0341001376,asm03410013760010001,Page 10,¿Qué pasa?,,,,,,,,,,,,,,,,,,,,
asm0341001376,asm03410013760011001,Page 11,¿Qué pasa?,,,,,,,,,,,,,,,,,,,,
asm0341001376,asm03410013760012001,Page 12,¿Qué pasa?,,,,,,,,,,,,,,,,,,,,
asm0341001376,asm03410013760013001,Page 13,¿Qué pasa?,,,,,,,,,,,,,,,,,,,,
asm0341001376,asm03410013760014001,Page 14,¿Qué pasa?,,,,,,,,,,,,,,,,,,,,
asm0341001376,asm03410013760015001,Page 15,¿Qué pasa?,,,,,,,,,,,,,,,,,,,,
asm0341001376,asm03410013760016001,Page 16,¿Qué pasa?,,,,,,,,,,,,,,,,,,,,
asm0341001376,asm03410013760017001,Page 17,¿Qué pasa?,,,,,,,,,,,,,,,,,,,,
asm0341001376,asm03410013760018001,Page 18,¿Qué pasa?,,,,,,,,,,,,,,,,,,,,
asm0341001376,asm03410013760019001,Page 19,¿Qué pasa?,,,,,,,,,,,,,,,,,,,,
asm0341001376,asm03410013760020001,Page 20,¿Qué pasa?,,,,,,,,,,,,,,,,,,,,
asm0341001376,asm03410013760021001,Page 21,¿Qué pasa?,,,,,,,,,,,,,,,,,,,,
asm0341001376,asm03410013760022001,Page 22,¿Qué pasa?,,,,,,,,,,,,,,,,,,,,
asm0341001376,asm03410013760023001,Page 23,¿Qué pasa?,,,,,,,,,,,,,,,,,,,,
asm0341001377,,Your Clipper trip: Trans-Pacific and Asiatic services,Your Clipper trip: Trans-Pacific and Asiatic services,,"Pan American World Airways, Inc.",,,,,Brochures; Promotional materials;,,,,,Pacific Area; Asia,eng,University of Miami. Library. Special Collections,"Pan American World Airways, Inc. records",ASM0341,Printed Materials: Brochures and Booklets: Other,Box No. 1 of 2; Box Title: Brochures and Booklets: Other 1 of 2; Folder No. 13; Folder Title: Brochures and Booklets: other (13 of 15),"The copyright and related rights status of this material is unknown. The Pan Am brand remains under trademark. For additional information, please visit: https://digitalcollections.library.miami.edu/digital/custom/copyright-guidelines",http://rightsstatements.org/vocab/UND/1.0/
asm0341001377,asm03410013770001001,Page 1,Your Clipper trip: Trans-Pacific and Asiatic services,,,,,,,,,,,,,,,,,,,,
asm0341001377,asm03410013770002001,Page 2,Your Clipper trip: Trans-Pacific and Asiatic services,,,,,,,,,,,,,,,,,,,,
asm0341001377,asm03410013770003001,Page 3,Your Clipper trip: Trans-Pacific and Asiatic services,,,,,,,,,,,,,,,,,,,,
asm0341001377,asm03410013770004001,Page 4,Your Clipper trip: Trans-Pacific and Asiatic services,,,,,,,,,,,,,,,,,,,,
asm0341001377,asm03410013770005001,Page 5,Your Clipper trip: Trans-Pacific and Asiatic services,,,,,,,,,,,,,,,,,,,,
asm0341001377,asm03410013770006001,Page 6,Your Clipper trip: Trans-Pacific and Asiatic services,,,,,,,,,,,,,,,,,,,,
asm0341001377,asm03410013770007001,Page 7,Your Clipper trip: Trans-Pacific and Asiatic services,,,,,,,,,,,,,,,,,,,,
asm0341001377,asm03410013770008001,Page 8,Your Clipper trip: Trans-Pacific and Asiatic services,,,,,,,,,,,,,,,,,,,,
asm0341001377,asm03410013770009001,Page 9,Your Clipper trip: Trans-Pacific and Asiatic services,,,,,,,,,,,,,,,,,,,,
asm0341001377,asm03410013770010001,Page 10,Your Clipper trip: Trans-Pacific and Asiatic services,,,,,,,,,,,,,,,,,,,,
asm0341001377,asm03410013770011001,Page 11,Your Clipper trip: Trans-Pacific and Asiatic services,,,,,,,,,,,,,,,,,,,,
asm0341001377,asm03410013770012001,Page 12,Your Clipper trip: Trans-Pacific and Asiatic services,,,,,,,,,,,,,,,,,,,,
asm0341001377,asm03410013770013001,Page 13,Your Clipper trip: Trans-Pacific and Asiatic services,,,,,,,,,,,,,,,,,,,,
asm0341001377,asm03410013770014001,Page 14,Your Clipper trip: Trans-Pacific and Asiatic services,,,,,,,,,,,,,,,,,,,,
asm0341001377,asm03410013770015001,Page 15,Your Clipper trip: Trans-Pacific and Asiatic services,,,,,,,,,,,,,,,,,,,,
asm0341001377,asm03410013770016001,Page 16,Your Clipper trip: Trans-Pacific and Asiatic services,,,,,,,,,,,,,,,,,,,,
asm0341001377,asm03410013770017001,Page 17,Your Clipper trip: Trans-Pacific and Asiatic services,,,,,,,,,,,,,,,,,,,,
asm0341001377,asm03410013770018001,Page 18,Your Clipper trip: Trans-Pacific and Asiatic services,,,,,,,,,,,,,,,,,,,,
asm0341001377,asm03410013770019001,Page 19,Your Clipper trip: Trans-Pacific and Asiatic services,,,,,,,,,,,,,,,,,,,,
asm0341001377,asm03410013770020001,Page 20,Your Clipper trip: Trans-Pacific and Asiatic services,,,,,,,,,,,,,,,,,,,,
asm0341001377,asm03410013770021001,Page 21,Your Clipper trip: Trans-Pacific and Asiatic services,,,,,,,,,,,,,,,,,,,,
asm0341001377,asm03410013770022001,Page 22,Your Clipper trip: Trans-Pacific and Asiatic services,,,,,,,,,,,,,,,,,,,,
asm0341001377,asm03410013770023001,Page 23,Your Clipper trip: Trans-Pacific and Asiatic services,,,,,,,,,,,,,,,,,,,,
asm0341001377,asm03410013770024001,Page 24,Your Clipper trip: Trans-Pacific and Asiatic services,,,,,,,,,,,,,,,,,,,,
asm0341001377,asm03410013770025001,Page 25,Your Clipper trip: Trans-Pacific and Asiatic services,,,,,,,,,,,,,,,,,,,,
asm0341001377,asm03410013770026001,Page 26,Your Clipper trip: Trans-Pacific and Asiatic services,,,,,,,,,,,,,,,,,,,,
asm0341001377,asm03410013770027001,Page 27,Your Clipper trip: Trans-Pacific and Asiatic services,,,,,,,,,,,,,,,,,,,,
asm0341001377,asm03410013770028001,Page 28,Your Clipper trip: Trans-Pacific and Asiatic services,,,,,,,,,,,,,,,,,,,,
asm0341001377,asm03410013770029001,Page 29,Your Clipper trip: Trans-Pacific and Asiatic services,,,,,,,,,,,,,,,,,,,,
asm0341001377,asm03410013770030001,Page 30,Your Clipper trip: Trans-Pacific and Asiatic services,,,,,,,,,,,,,,,,,,,,
asm0341001377,asm03410013770031001,Page 31,Your Clipper trip: Trans-Pacific and Asiatic services,,,,,,,,,,,,,,,,,,,,
asm0341001377,asm03410013770032001,Page 32,Your Clipper trip: Trans-Pacific and Asiatic services,,,,,,,,,,,,,,,,,,,,
asm0341001377,asm03410013770033001,Page 33,Your Clipper trip: Trans-Pacific and Asiatic services,,,,,,,,,,,,,,,,,,,,
asm0341001377,asm03410013770034001,Page 34,Your Clipper trip: Trans-Pacific and Asiatic services,,,,,,,,,,,,,,,,,,,,
asm0341001377,asm03410013770035001,Page 35,Your Clipper trip: Trans-Pacific and Asiatic services,,,,,,,,,,,,,,,,,,,,
asm0341001377,asm03410013770036001,Page 36,Your Clipper trip: Trans-Pacific and Asiatic services,,,,,,,,,,,,,,,,,,,,
asm0341001378,,What travelers tell us: a report of a special survey of business and personal travel habits... with emphasis on international travel,What travelers tell us: a report of a special survey of business and personal travel habits... with emphasis on international travel,,"Pan American World Airways, Inc.",,,,,Brochures; Promotional materials;,,1956,,1950-1959,,eng,University of Miami. Library. Special Collections,"Pan American World Airways, Inc. records",ASM0341,Printed Materials: Brochures and Booklets: Other,Box No. 1 of 2; Box Title: Brochures and Booklets: Other 1 of 2; Folder No. 13; Folder Title: Brochures and Booklets: other (13 of 15),"This material is in the public domain in the United States. The Pan Am brand remains under trademark. For additional information, please visit: https://digitalcollections.library.miami.edu/digital/custom/copyright-guidelines",http://rightsstatements.org/vocab/NoC-US/1.0/
asm0341001378,asm03410013780001001,Page 1,What travelers tell us: a report of a special survey of business and personal travel habits... with emphasis on international travel,,,,,,,,,,,,,,,,,,,,
asm0341001378,asm03410013780002001,Page 2,What travelers tell us: a report of a special survey of business and personal travel habits... with emphasis on international travel,,,,,,,,,,,,,,,,,,,,
asm0341001378,asm03410013780003001,Page 3,What travelers tell us: a report of a special survey of business and personal travel habits... with emphasis on international travel,,,,,,,,,,,,,,,,,,,,
asm0341001378,asm03410013780004001,Page 4,What travelers tell us: a report of a special survey of business and personal travel habits... with emphasis on international travel,,,,,,,,,,,,,,,,,,,,
asm0341001378,asm03410013780005001,Page 5,What travelers tell us: a report of a special survey of business and personal travel habits... with emphasis on international travel,,,,,,,,,,,,,,,,,,,,
asm0341001378,asm03410013780006001,Page 6,What travelers tell us: a report of a special survey of business and personal travel habits... with emphasis on international travel,,,,,,,,,,,,,,,,,,,,
asm0341001378,asm03410013780007001,Page 7,What travelers tell us: a report of a special survey of business and personal travel habits... with emphasis on international travel,,,,,,,,,,,,,,,,,,,,
asm0341001378,asm03410013780008001,Page 8,What travelers tell us: a report of a special survey of business and personal travel habits... with emphasis on international travel,,,,,,,,,,,,,,,,,,,,
asm0341001378,asm03410013780009001,Page 9,What travelers tell us: a report of a special survey of business and personal travel habits... with emphasis on international travel,,,,,,,,,,,,,,,,,,,,
asm0341001378,asm03410013780010001,Page 10,What travelers tell us: a report of a special survey of business and personal travel habits... with emphasis on international travel,,,,,,,,,,,,,,,,,,,,
asm0341001378,asm03410013780011001,Page 11,What travelers tell us: a report of a special survey of business and personal travel habits... with emphasis on international travel,,,,,,,,,,,,,,,,,,,,
asm0341001378,asm03410013780012001,Page 12,What travelers tell us: a report of a special survey of business and personal travel habits... with emphasis on international travel,,,,,,,,,,,,,,,,,,,,
asm0341001378,asm03410013780013001,Page 13,What travelers tell us: a report of a special survey of business and personal travel habits... with emphasis on international travel,,,,,,,,,,,,,,,,,,,,
asm0341001378,asm03410013780014001,Page 14,What travelers tell us: a report of a special survey of business and personal travel habits... with emphasis on international travel,,,,,,,,,,,,,,,,,,,,
asm0341001378,asm03410013780015001,Page 15,What travelers tell us: a report of a special survey of business and personal travel habits... with emphasis on international travel,,,,,,,,,,,,,,,,,,,,
asm0341001378,asm03410013780016001,Page 16,What travelers tell us: a report of a special survey of business and personal travel habits... with emphasis on international travel,,,,,,,,,,,,,,,,,,,,
asm0341001378,asm03410013780017001,Page 17,What travelers tell us: a report of a special survey of business and personal travel habits... with emphasis on international travel,,,,,,,,,,,,,,,,,,,,
asm0341001378,asm03410013780018001,Page 18,What travelers tell us: a report of a special survey of business and personal travel habits... with emphasis on international travel,,,,,,,,,,,,,,,,,,,,
asm0341001378,asm03410013780019001,Page 19,What travelers tell us: a report of a special survey of business and personal travel habits... with emphasis on international travel,,,,,,,,,,,,,,,,,,,,
asm0341001378,asm03410013780020001,Page 20,What travelers tell us: a report of a special survey of business and personal travel habits... with emphasis on international travel,,,,,,,,,,,,,,,,,,,,
asm0341001378,asm03410013780021001,Page 21,What travelers tell us: a report of a special survey of business and personal travel habits... with emphasis on international travel,,,,,,,,,,,,,,,,,,,,
asm0341001378,asm03410013780022001,Page 22,What travelers tell us: a report of a special survey of business and personal travel habits... with emphasis on international travel,,,,,,,,,,,,,,,,,,,,
asm0341001378,asm03410013780023001,Page 23,What travelers tell us: a report of a special survey of business and personal travel habits... with emphasis on international travel,,,,,,,,,,,,,,,,,,,,
asm0341001378,asm03410013780024001,Page 24,What travelers tell us: a report of a special survey of business and personal travel habits... with emphasis on international travel,,,,,,,,,,,,,,,,,,,,
asm0341001379,,Pan Am's World Rent-a-Car,Pan Am's World Rent-a-Car,,"Pan American World Airways, Inc.",,,,,Brochures; Promotional materials;,,,1978-1979,1970-1979,United States; Europe,eng,University of Miami. Library. Special Collections,"Pan American World Airways, Inc. records",ASM0341,Printed Materials: Brochures and Booklets: Other,Box No. 1 of 2; Box Title: Brochures and Booklets: Other 1 of 2; Folder No. 13; Folder Title: Brochures and Booklets: other (13 of 15),"This material is in the public domain in the United States. The Pan Am brand remains under trademark. For additional information, please visit: https://digitalcollections.library.miami.edu/digital/custom/copyright-guidelines",http://rightsstatements.org/vocab/NoC-US/1.0/
asm0341001379,asm03410013790001001,Page 1,Pan Am's World Rent-a-Car,,,,,,,,,,,,,,,,,,,,
asm0341001379,asm03410013790002001,Page 2,Pan Am's World Rent-a-Car,,,,,,,,,,,,,,,,,,,,
asm0341001379,asm03410013790003001,Page 3,Pan Am's World Rent-a-Car,,,,,,,,,,,,,,,,,,,,
asm0341001379,asm03410013790004001,Page 4,Pan Am's World Rent-a-Car,,,,,,,,,,,,,,,,,,,,
asm0341001379,asm03410013790005001,Page 5,Pan Am's World Rent-a-Car,,,,,,,,,,,,,,,,,,,,
asm0341001379,asm03410013790006001,Page 6,Pan Am's World Rent-a-Car,,,,,,,,,,,,,,,,,,,,
asm0341001379,asm03410013790007001,Page 7,Pan Am's World Rent-a-Car,,,,,,,,,,,,,,,,,,,,
asm0341001379,asm03410013790008001,Page 8,Pan Am's World Rent-a-Car,,,,,,,,,,,,,,,,,,,,
asm0341001379,asm03410013790009001,Page 9,Pan Am's World Rent-a-Car,,,,,,,,,,,,,,,,,,,,
asm0341001379,asm03410013790010001,Page 10,Pan Am's World Rent-a-Car,,,,,,,,,,,,,,,,,,,,
asm0341001379,asm03410013790011001,Page 11,Pan Am's World Rent-a-Car,,,,,,,,,,,,,,,,,,,,
asm0341001379,asm03410013790012001,Page 12,Pan Am's World Rent-a-Car,,,,,,,,,,,,,,,,,,,,
asm0341001379,asm03410013790013001,Page 13,Pan Am's World Rent-a-Car,,,,,,,,,,,,,,,,,,,,
asm0341001379,asm03410013790014001,Page 14,Pan Am's World Rent-a-Car,,,,,,,,,,,,,,,,,,,,
asm0341001379,asm03410013790015001,Page 15,Pan Am's World Rent-a-Car,,,,,,,,,,,,,,,,,,,,
asm0341001379,asm03410013790016001,Page 16,Pan Am's World Rent-a-Car,,,,,,,,,,,,,,,,,,,,
asm0341001379,asm03410013790017001,Page 17,Pan Am's World Rent-a-Car,,,,,,,,,,,,,,,,,,,,
asm0341001379,asm03410013790018001,Page 18,Pan Am's World Rent-a-Car,,,,,,,,,,,,,,,,,,,,
asm0341001379,asm03410013790019001,Page 19,Pan Am's World Rent-a-Car,,,,,,,,,,,,,,,,,,,,
asm0341001379,asm03410013790020001,Page 20,Pan Am's World Rent-a-Car,,,,,,,,,,,,,,,,,,,,
asm0341001379,asm03410013790021001,Page 21,Pan Am's World Rent-a-Car,,,,,,,,,,,,,,,,,,,,
asm0341001379,asm03410013790022001,Page 22,Pan Am's World Rent-a-Car,,,,,,,,,,,,,,,,,,,,
asm0341001379,asm03410013790023001,Page 23,Pan Am's World Rent-a-Car,,,,,,,,,,,,,,,,,,,,
asm0341001379,asm03410013790024001,Page 24,Pan Am's World Rent-a-Car,,,,,,,,,,,,,,,,,,,,
asm0341001379,asm03410013790025001,Page 25,Pan Am's World Rent-a-Car,,,,,,,,,,,,,,,,,,,,
asm0341001379,asm03410013790026001,Page 26,Pan Am's World Rent-a-Car,,,,,,,,,,,,,,,,,,,,
asm0341001379,asm03410013790027001,Page 27,Pan Am's World Rent-a-Car,,,,,,,,,,,,,,,,,,,,
asm0341001379,asm03410013790028001,Page 28,Pan Am's World Rent-a-Car,,,,,,,,,,,,,,,,,,,,
asm0341001379,asm03410013790029001,Page 29,Pan Am's World Rent-a-Car,,,,,,,,,,,,,,,,,,,,
asm0341001379,asm03410013790030001,Page 30,Pan Am's World Rent-a-Car,,,,,,,,,,,,,,,,,,,,
asm0341001379,asm03410013790031001,Page 31,Pan Am's World Rent-a-Car,,,,,,,,,,,,,,,,,,,,
asm0341001379,asm03410013790032001,Page 32,Pan Am's World Rent-a-Car,,,,,,,,,,,,,,,,,,,,
asm0341001380,,May we have a measure of your travel thinking?: a special survey in which you are invited to participate by Pan American,May we have a measure of your travel thinking?: a special survey in which you are invited to participate by Pan American,,"Pan American World Airways, Inc.",,,,,Brochures; Promotional materials;,,1956,,1950-1959,,eng,University of Miami. Library. Special Collections,"Pan American World Airways, Inc. records",ASM0341,Printed Materials: Brochures and Booklets: Other,Box No. 1 of 2; Box Title: Brochures and Booklets: Other 1 of 2; Folder No. 13; Folder Title: Brochures and Booklets: other (13 of 15),"This material is in the public domain in the United States. The Pan Am brand remains under trademark. For additional information, please visit: https://digitalcollections.library.miami.edu/digital/custom/copyright-guidelines",http://rightsstatements.org/vocab/NoC-US/1.0/
asm0341001380,asm03410013800001001,Page 1,May we have a measure of your travel thinking?: a special survey in which you are invited to participate by Pan American,,,,,,,,,,,,,,,,,,,,
asm0341001380,asm03410013800002001,Page 2,May we have a measure of your travel thinking?: a special survey in which you are invited to participate by Pan American,,,,,,,,,,,,,,,,,,,,
asm0341001380,asm03410013800003001,Page 3,May we have a measure of your travel thinking?: a special survey in which you are invited to participate by Pan American,,,,,,,,,,,,,,,,,,,,
asm0341001380,asm03410013800004001,Page 4,May we have a measure of your travel thinking?: a special survey in which you are invited to participate by Pan American,,,,,,,,,,,,,,,,,,,,
asm0341001380,asm03410013800005001,Page 5,May we have a measure of your travel thinking?: a special survey in which you are invited to participate by Pan American,,,,,,,,,,,,,,,,,,,,
asm0341001380,asm03410013800006001,Page 6,May we have a measure of your travel thinking?: a special survey in which you are invited to participate by Pan American,,,,,,,,,,,,,,,,,,,,
asm0341001380,asm03410013800007001,Page 7,May we have a measure of your travel thinking?: a special survey in which you are invited to participate by Pan American,,,,,,,,,,,,,,,,,,,,
asm0341001380,asm03410013800008001,Page 8,May we have a measure of your travel thinking?: a special survey in which you are invited to participate by Pan American,,,,,,,,,,,,,,,,,,,,
asm0341001380,asm03410013800009001,Page 9,May we have a measure of your travel thinking?: a special survey in which you are invited to participate by Pan American,,,,,,,,,,,,,,,,,,,,
asm0341001380,asm03410013800010001,Page 10,May we have a measure of your travel thinking?: a special survey in which you are invited to participate by Pan American,,,,,,,,,,,,,,,,,,,,
asm0341001380,asm03410013800011001,Page 11,May we have a measure of your travel thinking?: a special survey in which you are invited to participate by Pan American,,,,,,,,,,,,,,,,,,,,
asm0341001380,asm03410013800012001,Page 12,May we have a measure of your travel thinking?: a special survey in which you are invited to participate by Pan American,,,,,,,,,,,,,,,,,,,,
asm0341001380,asm03410013800013001,Page 13,May we have a measure of your travel thinking?: a special survey in which you are invited to participate by Pan American,,,,,,,,,,,,,,,,,,,,
asm0341001380,asm03410013800014001,Page 14,May we have a measure of your travel thinking?: a special survey in which you are invited to participate by Pan American,,,,,,,,,,,,,,,,,,,,
asm0341001380,asm03410013800015001,Page 15,May we have a measure of your travel thinking?: a special survey in which you are invited to participate by Pan American,,,,,,,,,,,,,,,,,,,,
asm0341001380,asm03410013800016001,Page 16,May we have a measure of your travel thinking?: a special survey in which you are invited to participate by Pan American,,,,,,,,,,,,,,,,,,,,
asm0341001381,,"Pn Am, the international airline of New England, announces the Boston Hub","Pn Am, the international airline of New England, announces the Boston Hub",,"Pan American World Airways, Inc.",,,,,Brochures; Promotional materials;,,,,,Boston (Mass.),eng,University of Miami. Library. Special Collections,"Pan American World Airways, Inc. records",ASM0341,Printed Materials: Brochures and Booklets: Other,Box No. 1 of 2; Box Title: Brochures and Booklets: Other 1 of 2; Folder No. 14; Folder Title: Brochures and Booklets: other (14 of 15),"The copyright and related rights status of this material is unknown. The Pan Am brand remains under trademark. For additional information, please visit: https://digitalcollections.library.miami.edu/digital/custom/copyright-guidelines",http://rightsstatements.org/vocab/UND/1.0/
asm0341001381,asm03410013810001001,Page 1,"Pn Am, the international airline of New England, announces the Boston Hub",,,,,,,,,,,,,,,,,,,,
asm0341001381,asm03410013810002001,Page 2,"Pn Am, the international airline of New England, announces the Boston Hub",,,,,,,,,,,,,,,,,,,,
asm0341001382,,Clipper Club card,Clipper Club card,,"Pan American World Airways, Inc.",,,,,Brochures; Promotional materials;,,,,,,eng,University of Miami. Library. Special Collections,"Pan American World Airways, Inc. records",ASM0341,Printed Materials: Brochures and Booklets: Other,Box No. 1 of 2; Box Title: Brochures and Booklets: Other 1 of 2; Folder No. 14; Folder Title: Brochures and Booklets: other (14 of 15),"The copyright and related rights status of this material is unknown. The Pan Am brand remains under trademark. For additional information, please visit: https://digitalcollections.library.miami.edu/digital/custom/copyright-guidelines",http://rightsstatements.org/vocab/UND/1.0/
asm0341001382,asm03410013820001001,Page 1,Clipper Club card,,,,,,,,,,,,,,,,,,,,
asm0341001382,asm03410013820002001,Page 2,Clipper Club card,,,,,,,,,,,,,,,,,,,,
asm0341001383,,"Pan Am Clipper Club : exclusive comforts, exceptional service","Pan Am Clipper Club : exclusive comforts, exceptional service",,"Pan American World Airways, Inc.",,,,,Brochures; Promotional materials;,,,,,,eng,University of Miami. Library. Special Collections,"Pan American World Airways, Inc. records",ASM0341,Printed Materials: Brochures and Booklets: Other,Box No. 1 of 2; Box Title: Brochures and Booklets: Other 1 of 2; Folder No. 14; Folder Title: Brochures and Booklets: other (14 of 15),"The copyright and related rights status of this material is unknown. The Pan Am brand remains under trademark. For additional information, please visit: https://digitalcollections.library.miami.edu/digital/custom/copyright-guidelines",http://rightsstatements.org/vocab/UND/1.0/
asm0341001383,asm03410013830001001,Page 1,"Pan Am Clipper Club : exclusive comforts, exceptional service",,,,,,,,,,,,,,,,,,,,
asm0341001383,asm03410013830002001,Page 2,"Pan Am Clipper Club : exclusive comforts, exceptional service",,,,,,,,,,,,,,,,,,,,
asm0341001383,asm03410013830003001,Page 3,"Pan Am Clipper Club : exclusive comforts, exceptional service",,,,,,,,,,,,,,,,,,,,
asm0341001383,asm03410013830004001,Page 4,"Pan Am Clipper Club : exclusive comforts, exceptional service",,,,,,,,,,,,,,,,,,,,
asm0341001383,asm03410013830005001,Page 5,"Pan Am Clipper Club : exclusive comforts, exceptional service",,,,,,,,,,,,,,,,,,,,
asm0341001384,,Clipper Club : you're invited to be a member,Clipper Club : you're invited to be a member,,"Pan American World Airways, Inc.",,,,,Brochures; Promotional materials;,,,,,,eng,University of Miami. Library. Special Collections,"Pan American World Airways, Inc. records",ASM0341,Printed Materials: Brochures and Booklets: Other,Box No. 1 of 2; Box Title: Brochures and Booklets: Other 1 of 2; Folder No. 14; Folder Title: Brochures and Booklets: other (14 of 15),"The copyright and related rights status of this material is unknown. The Pan Am brand remains under trademark. For additional information, please visit: https://digitalcollections.library.miami.edu/digital/custom/copyright-guidelines",http://rightsstatements.org/vocab/UND/1.0/
asm0341001384,asm03410013840001001,Page 1,Clipper Club : you're invited to be a member,,,,,,,,,,,,,,,,,,,,
asm0341001384,asm03410013840002001,Page 2,Clipper Club : you're invited to be a member,,,,,,,,,,,,,,,,,,,,
asm0341001384,asm03410013840003001,Page 3,Clipper Club : you're invited to be a member,,,,,,,,,,,,,,,,,,,,
asm0341001384,asm03410013840004001,Page 4,Clipper Club : you're invited to be a member,,,,,,,,,,,,,,,,,,,,
asm0341001385,,Pan Am Clipper Class,Pan Am Clipper Class,,"Pan American World Airways, Inc.",,,,,Brochures; Promotional materials;,,,,,,eng,University of Miami. Library. Special Collections,"Pan American World Airways, Inc. records",ASM0341,Printed Materials: Brochures and Booklets: Other,Box No. 1 of 2; Box Title: Brochures and Booklets: Other 1 of 2; Folder No. 14; Folder Title: Brochures and Booklets: other (14 of 15),"The copyright and related rights status of this material is unknown. The Pan Am brand remains under trademark. For additional information, please visit: https://digitalcollections.library.miami.edu/digital/custom/copyright-guidelines",http://rightsstatements.org/vocab/UND/1.0/
asm0341001385,asm03410013850001001,Page 1,Pan Am Clipper Class,,,,,,,,,,,,,,,,,,,,
asm0341001385,asm03410013850002001,Page 2,Pan Am Clipper Class,,,,,,,,,,,,,,,,,,,,
asm0341001385,asm03410013850003001,Page 3,Pan Am Clipper Class,,,,,,,,,,,,,,,,,,,,
asm0341001385,asm03410013850004001,Page 4,Pan Am Clipper Class,,,,,,,,,,,,,,,,,,,,
asm0341001385,asm03410013850005001,Page 5,Pan Am Clipper Class,,,,,,,,,,,,,,,,,,,,
asm0341001385,asm03410013850006001,Page 6,Pan Am Clipper Class,,,,,,,,,,,,,,,,,,,,
asm0341001385,asm03410013850007001,Page 7,Pan Am Clipper Class,,,,,,,,,,,,,,,,,,,,
asm0341001385,asm03410013850008001,Page 8,Pan Am Clipper Class,,,,,,,,,,,,,,,,,,,,
asm0341001385,asm03410013850009001,Page 9,Pan Am Clipper Class,,,,,,,,,,,,,,,,,,,,
asm0341001385,asm03410013850010001,Page 10,Pan Am Clipper Class,,,,,,,,,,,,,,,,,,,,
asm0341001385,asm03410013850011001,Page 11,Pan Am Clipper Class,,,,,,,,,,,,,,,,,,,,
asm0341001385,asm03410013850012001,Page 12,Pan Am Clipper Class,,,,,,,,,,,,,,,,,,,,
asm0341001385,asm03410013850013001,Page 13,Pan Am Clipper Class,,,,,,,,,,,,,,,,,,,,
asm0341001386,,Clipper Club... The Pan Am experience begins even before you leave the ground,Clipper Club... The Pan Am experience begins even before you leave the ground,,"Pan American World Airways, Inc.",,,,,Brochures; Promotional materials;,,1988-02,,1980-1989,,eng,University of Miami. Library. Special Collections,"Pan American World Airways, Inc. records",ASM0341,Printed Materials: Brochures and Booklets: Other,Box No. 1 of 2; Box Title: Brochures and Booklets: Other 1 of 2; Folder No. 14; Folder Title: Brochures and Booklets: other (14 of 15),"This material is in the public domain in the United States. The Pan Am brand remains under trademark. For additional information, please visit: https://digitalcollections.library.miami.edu/digital/custom/copyright-guidelines",http://rightsstatements.org/vocab/NoC-US/1.0/
asm0341001386,asm03410013860001001,Page 1,Clipper Club... The Pan Am experience begins even before you leave the ground,,,,,,,,,,,,,,,,,,,,
asm0341001386,asm03410013860002001,Page 2,Clipper Club... The Pan Am experience begins even before you leave the ground,,,,,,,,,,,,,,,,,,,,
asm0341001386,asm03410013860003001,Page 3,Clipper Club... The Pan Am experience begins even before you leave the ground,,,,,,,,,,,,,,,,,,,,
asm0341001386,asm03410013860004001,Page 4,Clipper Club... The Pan Am experience begins even before you leave the ground,,,,,,,,,,,,,,,,,,,,
asm0341001387,,Clipper Club : your personal showcase of membership priviledges,Clipper Club : your personal showcase of membership priviledges,,"Pan American World Airways, Inc.",,,,,Brochures; Promotional materials;,,,,,,eng,University of Miami. Library. Special Collections,"Pan American World Airways, Inc. records",ASM0341,Printed Materials: Brochures and Booklets: Other,Box No. 1 of 2; Box Title: Brochures and Booklets: Other 1 of 2; Folder No. 14; Folder Title: Brochures and Booklets: other (14 of 15),"The copyright and related rights status of this material is unknown. The Pan Am brand remains under trademark. For additional information, please visit: https://digitalcollections.library.miami.edu/digital/custom/copyright-guidelines",http://rightsstatements.org/vocab/UND/1.0/
asm0341001387,asm03410013870001001,Page 1,Clipper Club : your personal showcase of membership priviledges,,,,,,,,,,,,,,,,,,,,
asm0341001387,asm03410013870002001,Page 2,Clipper Club : your personal showcase of membership priviledges,,,,,,,,,,,,,,,,,,,,
asm0341001387,asm03410013870003001,Page 3,Clipper Club : your personal showcase of membership priviledges,,,,,,,,,,,,,,,,,,,,
asm0341001387,asm03410013870004001,Page 4,Clipper Club : your personal showcase of membership priviledges,,,,,,,,,,,,,,,,,,,,
asm0341001387,asm03410013870005001,Page 5,Clipper Club : your personal showcase of membership priviledges,,,,,,,,,,,,,,,,,,,,
asm0341001387,asm03410013870006001,Page 6,Clipper Club : your personal showcase of membership priviledges,,,,,,,,,,,,,,,,,,,,
asm0341001387,asm03410013870007001,Page 7,Clipper Club : your personal showcase of membership priviledges,,,,,,,,,,,,,,,,,,,,
asm0341001387,asm03410013870008001,Page 8,Clipper Club : your personal showcase of membership priviledges,,,,,,,,,,,,,,,,,,,,
asm0341001387,asm03410013870009001,Page 9,Clipper Club : your personal showcase of membership priviledges,,,,,,,,,,,,,,,,,,,,
asm0341001387,asm03410013870010001,Page 10,Clipper Club : your personal showcase of membership priviledges,,,,,,,,,,,,,,,,,,,,
asm0341001387,asm03410013870011001,Page 11,Clipper Club : your personal showcase of membership priviledges,,,,,,,,,,,,,,,,,,,,
asm0341001387,asm03410013870012001,Page 12,Clipper Club : your personal showcase of membership priviledges,,,,,,,,,,,,,,,,,,,,
asm0341001387,asm03410013870013001,Page 13,Clipper Club : your personal showcase of membership priviledges,,,,,,,,,,,,,,,,,,,,
asm0341001387,asm03410013870014001,Page 14,Clipper Club : your personal showcase of membership priviledges,,,,,,,,,,,,,,,,,,,,
asm0341001388,,Tips on low-budget travel agency promotion for high-profit operation,Tips on low-budget travel agency promotion for high-profit operation,,"Pan American World Airways, Inc.",,,,,Brochures; Promotional materials;,,,1976,1970-1979,,eng,University of Miami. Library. Special Collections,"Pan American World Airways, Inc. records",ASM0341,Printed Materials: Brochures and Booklets: Other,Box No. 1 of 2; Box Title: Brochures and Booklets: Other 1 of 2; Folder No. 14; Folder Title: Brochures and Booklets: other (14 of 15),"This material is in the public domain in the United States. The Pan Am brand remains under trademark. For additional information, please visit: https://digitalcollections.library.miami.edu/digital/custom/copyright-guidelines",http://rightsstatements.org/vocab/NoC-US/1.0/
asm0341001388,asm03410013880001001,Page 1,Tips on low-budget travel agency promotion for high-profit operation,,,,,,,,,,,,,,,,,,,,
asm0341001388,asm03410013880002001,Page 2,Tips on low-budget travel agency promotion for high-profit operation,,,,,,,,,,,,,,,,,,,,
asm0341001389,,Good news for travel agents in Time,Good news for travel agents in Time,,"Pan American World Airways, Inc.",,,,,Brochures; Promotional materials;,,,1971,1970-1979,,eng,University of Miami. Library. Special Collections,"Pan American World Airways, Inc. records",ASM0341,Printed Materials: Brochures and Booklets: Other,Box No. 1 of 2; Box Title: Brochures and Booklets: Other 1 of 2; Folder No. 14; Folder Title: Brochures and Booklets: other (14 of 15),"This material is in the public domain in the United States. The Pan Am brand remains under trademark. For additional information, please visit: https://digitalcollections.library.miami.edu/digital/custom/copyright-guidelines",http://rightsstatements.org/vocab/NoC-US/1.0/
asm0341001389,asm03410013890001001,Page 1,Good news for travel agents in Time,,,,,,,,,,,,,,,,,,,,
asm0341001389,asm03410013890002001,Page 2,Good news for travel agents in Time,,,,,,,,,,,,,,,,,,,,
asm0341001389,asm03410013890003001,Page 3,Good news for travel agents in Time,,,,,,,,,,,,,,,,,,,,
asm0341001389,asm03410013890004001,Page 4,Good news for travel agents in Time,,,,,,,,,,,,,,,,,,,,
asm0341001390,,Introducing the last word in First Class Service,Introducing the last word in First Class Service,,"Pan American World Airways, Inc.",,,,,Brochures; Promotional materials;,,,,,,eng,University of Miami. Library. Special Collections,"Pan American World Airways, Inc. records",ASM0341,Printed Materials: Brochures and Booklets: Other,Box No. 1 of 2; Box Title: Brochures and Booklets: Other 1 of 2; Folder No. 14; Folder Title: Brochures and Booklets: other (14 of 15),"The copyright and related rights status of this material is unknown. The Pan Am brand remains under trademark. For additional information, please visit: https://digitalcollections.library.miami.edu/digital/custom/copyright-guidelines",http://rightsstatements.org/vocab/UND/1.0/
asm0341001390,asm03410013900001001,Page 1,Introducing the last word in First Class Service,,,,,,,,,,,,,,,,,,,,
asm0341001390,asm03410013900002001,Page 2,Introducing the last word in First Class Service,,,,,,,,,,,,,,,,,,,,
asm0341001391,,Pan Am : we fly the world,Pan Am : we fly the world,,"Pan American World Airways, Inc.",,,,,Brochures; Promotional materials;,,,,,,eng,University of Miami. Library. Special Collections,"Pan American World Airways, Inc. records",ASM0341,Printed Materials: Brochures and Booklets: Other,Box No. 1 of 2; Box Title: Brochures and Booklets: Other 1 of 2; Folder No. 14; Folder Title: Brochures and Booklets: other (14 of 15),"The copyright and related rights status of this material is unknown. The Pan Am brand remains under trademark. For additional information, please visit: https://digitalcollections.library.miami.edu/digital/custom/copyright-guidelines",http://rightsstatements.org/vocab/UND/1.0/
asm0341001391,asm03410013910001001,Page 1,Pan Am : we fly the world,,,,,,,,,,,,,,,,,,,,
asm0341001391,asm03410013910002001,Page 2,Pan Am : we fly the world,,,,,,,,,,,,,,,,,,,,
asm0341001391,asm03410013910003001,Page 3,Pan Am : we fly the world,,,,,,,,,,,,,,,,,,,,
asm0341001391,asm03410013910004001,Page 4,Pan Am : we fly the world,,,,,,,,,,,,,,,,,,,,
asm0341001392,,"Letter about Clipper Club, Vol. 1, no. 1","Letter about Clipper Club, Vol. 1, no. 1",,"Pan American World Airways, Inc.",,,,,Promotional materials; Correspondence;,,,,,,eng,University of Miami. Library. Special Collections,"Pan American World Airways, Inc. records",ASM0341,Printed Materials: Brochures and Booklets: Other,Box No. 1 of 2; Box Title: Brochures and Booklets: Other 1 of 2; Folder No. 14; Folder Title: Brochures and Booklets: other (14 of 15),"The copyright and related rights status of this material is unknown. The Pan Am brand remains under trademark. For additional information, please visit: https://digitalcollections.library.miami.edu/digital/custom/copyright-guidelines",http://rightsstatements.org/vocab/UND/1.0/
asm0341001392,asm03410013920001001,Page 1,"Letter about Clipper Club, Vol. 1, no. 1",,,,,,,,,,,,,,,,,,,,
asm0341001392,asm03410013920002001,Page 2,"Letter about Clipper Club, Vol. 1, no. 1",,,,,,,,,,,,,,,,,,,,
asm0341001393,,Pan Am brochure proof,Pan Am brochure proof,,"Pan American World Airways, Inc.",,,,,Brochures; Promotional materials; Proofs (prints by function),,1980-08,,1980-1989,,eng,University of Miami. Library. Special Collections,"Pan American World Airways, Inc. records",ASM0341,Printed Materials: Brochures and Booklets: Other,Box No. 1 of 2; Box Title: Brochures and Booklets: Other 1 of 2; Folder No. 15; Folder Title: Brochures and Booklets: other (15 of 15),"This material is protected by copyright. Use for education purposes is permitted. Copyright was originally held by Pan American World Airways, Inc., but was transferred to the University of Miami. The Pan Am brand remains under trademark. For additional information, please visit: https://digitalcollections.library.miami.edu/digital/custom/copyright-guidelines",http://rightsstatements.org/vocab/InC-EDU/1.0/
asm0341001393,asm03410013930001001,Page 1,Pan Am brochure proof,,,,,,,,,,,,,,,,,,,,
asm0341001393,asm03410013930002001,Page 2,Pan Am brochure proof,,,,,,,,,,,,,,,,,,,,
asm0341001394,,Pan Am Asia/Pacific brochure proof,Pan Am Asia/Pacific brochure proof,,"Pan American World Airways, Inc.",,,,,Brochures; Promotional materials; Proofs (prints by function),,1980-08,,1980-1989,Asia; Pacific Area,eng,University of Miami. Library. Special Collections,"Pan American World Airways, Inc. records",ASM0341,Printed Materials: Brochures and Booklets: Other,Box No. 1 of 2; Box Title: Brochures and Booklets: Other 1 of 2; Folder No. 15; Folder Title: Brochures and Booklets: other (15 of 15),"This material is in the public domain in the United States. The Pan Am brand remains under trademark. For additional information, please visit: https://digitalcollections.library.miami.edu/digital/custom/copyright-guidelines",http://rightsstatements.org/vocab/NoC-US/1.0/
asm0341001394,asm03410013940001001,Page 1,Pan Am Asia/Pacific brochure proof,,,,,,,,,,,,,,,,,,,,
asm0341001394,asm03410013940002001,Page 2,Pan Am Asia/Pacific brochure proof,,,,,,,,,,,,,,,,,,,,
asm0341001395,,Pan Am brochure proof,Pan Am brochure proof,,"Pan American World Airways, Inc.",,,,,Brochures; Promotional materials; Proofs (prints by function),,1979-09,,1970-1979,,eng,University of Miami. Library. Special Collections,"Pan American World Airways, Inc. records",ASM0341,Printed Materials: Brochures and Booklets: Other,Box No. 1 of 2; Box Title: Brochures and Booklets: Other 1 of 2; Folder No. 15; Folder Title: Brochures and Booklets: other (15 of 15),"This material is in the public domain in the United States. The Pan Am brand remains under trademark. For additional information, please visit: https://digitalcollections.library.miami.edu/digital/custom/copyright-guidelines",http://rightsstatements.org/vocab/NoC-US/1.0/
asm0341001395,asm03410013950001001,Page 1,Pan Am brochure proof,,,,,,,,,,,,,,,,,,,,
asm0341001395,asm03410013950002001,Page 2,Pan Am brochure proof,,,,,,,,,,,,,,,,,,,,
asm0341001396,,Pan Am Australia brochure proof,Pan Am Australia brochure proof,,"Pan American World Airways, Inc.",,,,,Brochures; Promotional materials; Proofs (prints by function),,1980-08,,1980-1989,Australia,eng,University of Miami. Library. Special Collections,"Pan American World Airways, Inc. records",ASM0341,Printed Materials: Brochures and Booklets: Other,Box No. 1 of 2; Box Title: Brochures and Booklets: Other 1 of 2; Folder No. 15; Folder Title: Brochures and Booklets: other (15 of 15),"This material is protected by copyright. Use for education purposes is permitted. Copyright was originally held by Pan American World Airways, Inc., but was transferred to the University of Miami. The Pan Am brand remains under trademark. For additional information, please visit: https://digitalcollections.library.miami.edu/digital/custom/copyright-guidelines",http://rightsstatements.org/vocab/InC-EDU/1.0/
asm0341001396,asm03410013960001001,Page 1,Pan Am Australia brochure proof,,,,,,,,,,,,,,,,,,,,
asm0341001396,asm03410013960002001,Page 2,Pan Am Australia brochure proof,,,,,,,,,,,,,,,,,,,,
asm0341001397,,Pan Am Asia/Pacific brochure proof,Pan Am Asia/Pacific brochure proof,,"Pan American World Airways, Inc.",,,,,Brochures; Promotional materials; Proofs (prints by function),,1977-10,,1970-1979,Asia; Pacific Area,eng,University of Miami. Library. Special Collections,"Pan American World Airways, Inc. records",ASM0341,Printed Materials: Brochures and Booklets: Other,Box No. 1 of 2; Box Title: Brochures and Booklets: Other 1 of 2; Folder No. 15; Folder Title: Brochures and Booklets: other (15 of 15),"This material is in the public domain in the United States. The Pan Am brand remains under trademark. For additional information, please visit: https://digitalcollections.library.miami.edu/digital/custom/copyright-guidelines",http://rightsstatements.org/vocab/NoC-US/1.0/
asm0341001397,asm03410013970001001,Page 1,Pan Am Asia/Pacific brochure proof,,,,,,,,,,,,,,,,,,,,
asm0341001397,asm03410013970002001,Page 2,Pan Am Asia/Pacific brochure proof,,,,,,,,,,,,,,,,,,,,
asm0341001398,,Pan Am Australia brochure proof,Pan Am Australia brochure proof,,"Pan American World Airways, Inc.",,,,,Brochures; Promotional materials; Proofs (prints by function),,1977-10,,1970-1979,Australia,eng,University of Miami. Library. Special Collections,"Pan American World Airways, Inc. records",ASM0341,Printed Materials: Brochures and Booklets: Other,Box No. 1 of 2; Box Title: Brochures and Booklets: Other 1 of 2; Folder No. 15; Folder Title: Brochures and Booklets: other (15 of 15),"This material is in the public domain in the United States. The Pan Am brand remains under trademark. For additional information, please visit: https://digitalcollections.library.miami.edu/digital/custom/copyright-guidelines",http://rightsstatements.org/vocab/NoC-US/1.0/
asm0341001398,asm03410013980001001,Page 1,Pan Am Australia brochure proof,,,,,,,,,,,,,,,,,,,,
asm0341001398,asm03410013980002001,Page 2,Pan Am Australia brochure proof,,,,,,,,,,,,,,,,,,,,
asm0341001399,,Pan Am brochure proof,Pan Am brochure proof,,"Pan American World Airways, Inc.",,,,,Brochures; Promotional materials; Proofs (prints by function),,1977-10,,1970-1979,,eng,University of Miami. Library. Special Collections,"Pan American World Airways, Inc. records",ASM0341,Printed Materials: Brochures and Booklets: Other,Box No. 1 of 2; Box Title: Brochures and Booklets: Other 1 of 2; Folder No. 15; Folder Title: Brochures and Booklets: other (15 of 15),"This material is in the public domain in the United States. The Pan Am brand remains under trademark. For additional information, please visit: https://digitalcollections.library.miami.edu/digital/custom/copyright-guidelines",http://rightsstatements.org/vocab/NoC-US/1.0/
asm0341001399,asm03410013990001001,Page 1,Pan Am brochure proof,,,,,,,,,,,,,,,,,,,,
asm0341001399,asm03410013990002001,Page 2,Pan Am brochure proof,,,,,,,,,,,,,,,,,,,,
asm0341001400,,Pan Am brochure proof,Pan Am brochure proof,,"Pan American World Airways, Inc.",,,,,Brochures; Promotional materials; Proofs (prints by function),,1980-12,,1980-1989,,eng,University of Miami. Library. Special Collections,"Pan American World Airways, Inc. records",ASM0341,Printed Materials: Brochures and Booklets: Other,Box No. 1 of 2; Box Title: Brochures and Booklets: Other 1 of 2; Folder No. 15; Folder Title: Brochures and Booklets: other (15 of 15),"This material is in the public domain in the United States. The Pan Am brand remains under trademark. For additional information, please visit: https://digitalcollections.library.miami.edu/digital/custom/copyright-guidelines",http://rightsstatements.org/vocab/NoC-US/1.0/
asm0341001400,asm03410014000001001,Page 1,Pan Am brochure proof,,,,,,,,,,,,,,,,,,,,
asm0341001400,asm03410014000002001,Page 2,Pan Am brochure proof,,,,,,,,,,,,,,,,,,,,
asm0341001401,,Pan Am brochure proof,Pan Am brochure proof,,"Pan American World Airways, Inc.",,,,,Brochures; Promotional materials; Proofs (prints by function),,1980-03,,1980-1989,,eng,University of Miami. Library. Special Collections,"Pan American World Airways, Inc. records",ASM0341,Printed Materials: Brochures and Booklets: Other,Box No. 1 of 2; Box Title: Brochures and Booklets: Other 1 of 2; Folder No. 15; Folder Title: Brochures and Booklets: other (15 of 15),"This material is in the public domain in the United States. The Pan Am brand remains under trademark. For additional information, please visit: https://digitalcollections.library.miami.edu/digital/custom/copyright-guidelines",http://rightsstatements.org/vocab/NoC-US/1.0/
asm0341001401,asm03410014010001001,Page 1,Pan Am brochure proof,,,,,,,,,,,,,,,,,,,,
asm0341001401,asm03410014010002001,Page 2,Pan Am brochure proof,,,,,,,,,,,,,,,,,,,,
asm0341001402,,Pan Am United States brochure proof,Pan Am United States brochure proof,,"Pan American World Airways, Inc.",,,,,Brochures; Promotional materials; Proofs (prints by function),,1980-03,,1980-1989,United States,eng,University of Miami. Library. Special Collections,"Pan American World Airways, Inc. records",ASM0341,Printed Materials: Brochures and Booklets: Other,Box No. 1 of 2; Box Title: Brochures and Booklets: Other 1 of 2; Folder No. 15; Folder Title: Brochures and Booklets: other (15 of 15),"This material is protected by copyright. Use for education purposes is permitted. Copyright was originally held by Pan American World Airways, Inc., but was transferred to the University of Miami. The Pan Am brand remains under trademark. For additional information, please visit: https://digitalcollections.library.miami.edu/digital/custom/copyright-guidelines",http://rightsstatements.org/vocab/InC-EDU/1.0/
asm0341001402,asm03410014020001001,Page 1,Pan Am United States brochure proof,,,,,,,,,,,,,,,,,,,,
asm0341001402,asm03410014020002001,Page 2,Pan Am United States brochure proof,,,,,,,,,,,,,,,,,,,,
asm0341001403,asm03410014030001001,World's Largest Office Building,Pan Am United States brochure proof,,,,,,,Brochures; Promotional materials;,,,,,New York (N.Y.),eng,University of Miami. Library. Special Collections,"Pan American World Airways, Inc. records",ASM0341,Printed Materials: Brochures and Booklets: Other,Box No. 2 of 2; Box Title: Brochures and Booklets: Other 2 of 2; Folder No. 1; Folder Title: [Pan Am Building brochure],"The copyright and related rights status of this material is unknown. The Pan Am brand remains under trademark. For additional information, please visit: https://digitalcollections.library.miami.edu/digital/custom/copyright-guidelines",http://rightsstatements.org/vocab/UND/1.0/
asm0341001404,,"Pan Am's ""How to"" book of group travel","Pan Am's ""How to"" book of group travel",,"Pan American World Airways, Inc.",,,,,Brochures; Promotional materials;,,1963,,1960-1969,,eng,University of Miami. Library. Special Collections,"Pan American World Airways, Inc. records",ASM0341,Printed Materials: Brochures and Booklets: Other,Box No. 2 of 2; Box Title: Brochures and Booklets: Other 2 of 2; Folder No. 2; Folder Title: Special Booklets on Group Travel,"This material is protected by copyright. Use for education purposes is permitted. Copyright was originally held by Pan American World Airways, Inc., but was transferred to the University of Miami. The Pan Am brand remains under trademark. For additional information, please visit: https://digitalcollections.library.miami.edu/digital/custom/copyright-guidelines",http://rightsstatements.org/vocab/InC-EDU/1.0/
asm0341001404,asm03410014040001001,Page 1,"Pan Am's ""How to"" book of group travel",,,,,,,,,,,,,,,,,,,,
asm0341001404,asm03410014040002001,Page 2,"Pan Am's ""How to"" book of group travel",,,,,,,,,,,,,,,,,,,,
asm0341001404,asm03410014040003001,Page 3,"Pan Am's ""How to"" book of group travel",,,,,,,,,,,,,,,,,,,,
asm0341001404,asm03410014040004001,Page 4,"Pan Am's ""How to"" book of group travel",,,,,,,,,,,,,,,,,,,,
asm0341001404,asm03410014040005001,Page 5,"Pan Am's ""How to"" book of group travel",,,,,,,,,,,,,,,,,,,,
asm0341001404,asm03410014040006001,Page 6,"Pan Am's ""How to"" book of group travel",,,,,,,,,,,,,,,,,,,,
asm0341001404,asm03410014040007001,Page 7,"Pan Am's ""How to"" book of group travel",,,,,,,,,,,,,,,,,,,,
asm0341001404,asm03410014040008001,Page 8,"Pan Am's ""How to"" book of group travel",,,,,,,,,,,,,,,,,,,,
asm0341001404,asm03410014040009001,Page 9,"Pan Am's ""How to"" book of group travel",,,,,,,,,,,,,,,,,,,,
asm0341001404,asm03410014040010001,Page 10,"Pan Am's ""How to"" book of group travel",,,,,,,,,,,,,,,,,,,,
asm0341001404,asm03410014040011001,Page 11,"Pan Am's ""How to"" book of group travel",,,,,,,,,,,,,,,,,,,,
asm0341001404,asm03410014040012001,Page 12,"Pan Am's ""How to"" book of group travel",,,,,,,,,,,,,,,,,,,,
asm0341001404,asm03410014040013001,Page 13,"Pan Am's ""How to"" book of group travel",,,,,,,,,,,,,,,,,,,,
asm0341001404,asm03410014040014001,Page 14,"Pan Am's ""How to"" book of group travel",,,,,,,,,,,,,,,,,,,,
asm0341001404,asm03410014040015001,Page 15,"Pan Am's ""How to"" book of group travel",,,,,,,,,,,,,,,,,,,,
asm0341001404,asm03410014040016001,Page 16,"Pan Am's ""How to"" book of group travel",,,,,,,,,,,,,,,,,,,,
asm0341001404,asm03410014040017001,Page 17,"Pan Am's ""How to"" book of group travel",,,,,,,,,,,,,,,,,,,,
asm0341001404,asm03410014040018001,Page 18,"Pan Am's ""How to"" book of group travel",,,,,,,,,,,,,,,,,,,,
asm0341001404,asm03410014040019001,Page 19,"Pan Am's ""How to"" book of group travel",,,,,,,,,,,,,,,,,,,,
asm0341001404,asm03410014040020001,Page 20,"Pan Am's ""How to"" book of group travel",,,,,,,,,,,,,,,,,,,,
asm0341001404,asm03410014040021001,Page 21,"Pan Am's ""How to"" book of group travel",,,,,,,,,,,,,,,,,,,,
asm0341001404,asm03410014040022001,Page 22,"Pan Am's ""How to"" book of group travel",,,,,,,,,,,,,,,,,,,,
asm0341001404,asm03410014040023001,Page 23,"Pan Am's ""How to"" book of group travel",,,,,,,,,,,,,,,,,,,,
asm0341001404,asm03410014040024001,Page 24,"Pan Am's ""How to"" book of group travel",,,,,,,,,,,,,,,,,,,,
asm0341001404,asm03410014040025001,Page 25,"Pan Am's ""How to"" book of group travel",,,,,,,,,,,,,,,,,,,,
asm0341001405,,Travel around the world in Japanese via Pan American worlds most experienced airline,Travel around the world in Japanese via Pan American worlds most experienced airline,,"Pan American World Airways, Inc.;",,,,,Brochures; Promotional materials;,,,,,,jap,University of Miami. Library. Special Collections,"Pan American World Airways, Inc. records",ASM0341,Printed Materials: Brochures and Booklets: Other,Box No. 2 of 2; Box Title: Brochures and Booklets: Other 2 of 2; Folder No. 2; Folder Title: Special Booklets on Group Travel,"The copyright and related rights status of this material is unknown. The Pan Am brand remains under trademark. For additional information, please visit: https://digitalcollections.library.miami.edu/digital/custom/copyright-guidelines",http://rightsstatements.org/vocab/UND/1.0/
asm0341001405,asm03410014050001001,Page 1,Travel around the world in Japanese via Pan American worlds most experienced airline,,,,,,,,,,,,,,,,,,,,
asm0341001405,asm03410014050002001,Page 2,Travel around the world in Japanese via Pan American worlds most experienced airline,,,,,,,,,,,,,,,,,,,,
asm0341001406,,"1963-1964 world wide group fares, Pan American Airways","1963-1964 world wide group fares, Pan American Airways",,"Pan American World Airways, Inc.",,,,,Brochures; Promotional materials;,,1963,,1960-1969,New York (N.Y.),eng,University of Miami. Library. Special Collections,"Pan American World Airways, Inc. records",ASM0341,Printed Materials: Brochures and Booklets: Other,Box No. 2 of 2; Box Title: Brochures and Booklets: Other 2 of 2; Folder No. 2; Folder Title: Special Booklets on Group Travel,"This material is in the public domain in the United States. The Pan Am brand remains under trademark. For additional information, please visit: https://digitalcollections.library.miami.edu/digital/custom/copyright-guidelines",http://rightsstatements.org/vocab/NoC-US/1.0/
asm0341001406,asm03410014060001001,Page 1,"1963-1964 world wide group fares, Pan American Airways",,,,,,,,,,,,,,,,,,,,
asm0341001406,asm03410014060002001,Page 2,"1963-1964 world wide group fares, Pan American Airways",,,,,,,,,,,,,,,,,,,,
asm0341001406,asm03410014060003001,Page 3,"1963-1964 world wide group fares, Pan American Airways",,,,,,,,,,,,,,,,,,,,
asm0341001406,asm03410014060004001,Page 4,"1963-1964 world wide group fares, Pan American Airways",,,,,,,,,,,,,,,,,,,,
asm0341001406,asm03410014060005001,Page 5,"1963-1964 world wide group fares, Pan American Airways",,,,,,,,,,,,,,,,,,,,
asm0341001406,asm03410014060006001,Page 6,"1963-1964 world wide group fares, Pan American Airways",,,,,,,,,,,,,,,,,,,,
asm0341001406,asm03410014060007001,Page 7,"1963-1964 world wide group fares, Pan American Airways",,,,,,,,,,,,,,,,,,,,
asm0341001406,asm03410014060008001,Page 8,"1963-1964 world wide group fares, Pan American Airways",,,,,,,,,,,,,,,,,,,,
asm0341001406,asm03410014060009001,Page 9,"1963-1964 world wide group fares, Pan American Airways",,,,,,,,,,,,,,,,,,,,
asm0341001406,asm03410014060010001,Page 10,"1963-1964 world wide group fares, Pan American Airways",,,,,,,,,,,,,,,,,,,,
asm0341001406,asm03410014060011001,Page 11,"1963-1964 world wide group fares, Pan American Airways",,,,,,,,,,,,,,,,,,,,
asm0341001406,asm03410014060012001,Page 12,"1963-1964 world wide group fares, Pan American Airways",,,,,,,,,,,,,,,,,,,,
asm0341001406,asm03410014060013001,Page 13,"1963-1964 world wide group fares, Pan American Airways",,,,,,,,,,,,,,,,,,,,
asm0341001406,asm03410014060014001,Page 14,"1963-1964 world wide group fares, Pan American Airways",,,,,,,,,,,,,,,,,,,,
asm0341001406,asm03410014060015001,Page 15,"1963-1964 world wide group fares, Pan American Airways",,,,,,,,,,,,,,,,,,,,
asm0341001406,asm03410014060016001,Page 16,"1963-1964 world wide group fares, Pan American Airways",,,,,,,,,,,,,,,,,,,,
asm0341001406,asm03410014060017001,Page 17,"1963-1964 world wide group fares, Pan American Airways",,,,,,,,,,,,,,,,,,,,
asm0341001406,asm03410014060018001,Page 18,"1963-1964 world wide group fares, Pan American Airways",,,,,,,,,,,,,,,,,,,,
asm0341001406,asm03410014060019001,Page 19,"1963-1964 world wide group fares, Pan American Airways",,,,,,,,,,,,,,,,,,,,
asm0341001406,asm03410014060020001,Page 20,"1963-1964 world wide group fares, Pan American Airways",,,,,,,,,,,,,,,,,,,,
asm0341001406,asm03410014060021001,Page 21,"1963-1964 world wide group fares, Pan American Airways",,,,,,,,,,,,,,,,,,,,
asm0341001406,asm03410014060022001,Page 22,"1963-1964 world wide group fares, Pan American Airways",,,,,,,,,,,,,,,,,,,,
asm0341001406,asm03410014060023001,Page 23,"1963-1964 world wide group fares, Pan American Airways",,,,,,,,,,,,,,,,,,,,
asm0341001406,asm03410014060024001,Page 24,"1963-1964 world wide group fares, Pan American Airways",,,,,,,,,,,,,,,,,,,,
asm0341001406,asm03410014060025001,Page 25,"1963-1964 world wide group fares, Pan American Airways",,,,,,,,,,,,,,,,,,,,
asm0341001406,asm03410014060026001,Page 26,"1963-1964 world wide group fares, Pan American Airways",,,,,,,,,,,,,,,,,,,,
asm0341001406,asm03410014060027001,Page 27,"1963-1964 world wide group fares, Pan American Airways",,,,,,,,,,,,,,,,,,,,
asm0341001406,asm03410014060028001,Page 28,"1963-1964 world wide group fares, Pan American Airways",,,,,,,,,,,,,,,,,,,,
asm0341001406,asm03410014060029001,Page 29,"1963-1964 world wide group fares, Pan American Airways",,,,,,,,,,,,,,,,,,,,
asm0341001406,asm03410014060030001,Page 30,"1963-1964 world wide group fares, Pan American Airways",,,,,,,,,,,,,,,,,,,,
asm0341001406,asm03410014060031001,Page 31,"1963-1964 world wide group fares, Pan American Airways",,,,,,,,,,,,,,,,,,,,
asm0341001406,asm03410014060032001,Page 32,"1963-1964 world wide group fares, Pan American Airways",,,,,,,,,,,,,,,,,,,,
asm0341001406,asm03410014060033001,Page 33,"1963-1964 world wide group fares, Pan American Airways",,,,,,,,,,,,,,,,,,,,
asm0341001406,asm03410014060034001,Page 34,"1963-1964 world wide group fares, Pan American Airways",,,,,,,,,,,,,,,,,,,,
asm0341001406,asm03410014060035001,Page 35,"1963-1964 world wide group fares, Pan American Airways",,,,,,,,,,,,,,,,,,,,
asm0341001406,asm03410014060036001,Page 36,"1963-1964 world wide group fares, Pan American Airways",,,,,,,,,,,,,,,,,,,,
asm0341001407,,Press release: Booklets give step by step details on group travel,Press release: Booklets give step by step details on group travel,,"Pan American World Airways, Inc.",,,,,Press releases;,,,,,New York (N.Y.),eng,University of Miami. Library. Special Collections,"Pan American World Airways, Inc. records",ASM0341,Printed Materials: Brochures and Booklets: Other,Box No. 2 of 2; Box Title: Brochures and Booklets: Other 2 of 2; Folder No. 2; Folder Title: Special Booklets on Group Travel,"The copyright and related rights status of this material is unknown. The Pan Am brand remains under trademark. For additional information, please visit: https://digitalcollections.library.miami.edu/digital/custom/copyright-guidelines",http://rightsstatements.org/vocab/UND/1.0/
asm0341001407,asm03410014070001001,Page 1,Press release: Booklets give step by step details on group travel,,,,,,,,,,,,,,,,,,,,
asm0341001407,asm03410014070002001,Page 2,Press release: Booklets give step by step details on group travel,,,,,,,,,,,,,,,,,,,,
asm0341001408,,Press release: Booklet lists services for Japanese,Press release: Booklet lists services for Japanese,,"Pan American World Airways, Inc.",,,,,Press releases;,,,,,New York (N.Y.),eng,University of Miami. Library. Special Collections,"Pan American World Airways, Inc. records",ASM0341,Printed Materials: Brochures and Booklets: Other,Box No. 2 of 2; Box Title: Brochures and Booklets: Other 2 of 2; Folder No. 2; Folder Title: Special Booklets on Group Travel,"The copyright and related rights status of this material is unknown. The Pan Am brand remains under trademark. For additional information, please visit: https://digitalcollections.library.miami.edu/digital/custom/copyright-guidelines",http://rightsstatements.org/vocab/UND/1.0/
asm0341001408,asm03410014080001001,Page 1,Press release: Booklet lists services for Japanese,,,,,,,,,,,,,,,,,,,,
asm0341001408,asm03410014080002001,Page 2,Press release: Booklet lists services for Japanese,,,,,,,,,,,,,,,,,,,,
asm0341001409,,Horizons unlimited : an indoctrination course for flight service personnel,Horizons unlimited : an indoctrination course for flight service personnel,,"Pan American World Airways, Inc.",,,,,Brochures; Promotional materials;,,1963,,1960-1969,New York (N.Y.),eng,University of Miami. Library. Special Collections,"Pan American World Airways, Inc. records",ASM0341,Printed Materials: Brochures and Booklets: Other,"Box No. 2 of 2; Box Title: Brochures and Booklets: Other 2 of 2; Folder No. 3; Folder Title: Horizons Unlimited, 1963","This material is in the public domain in the United States. The Pan Am brand remains under trademark. For additional information, please visit: https://digitalcollections.library.miami.edu/digital/custom/copyright-guidelines",http://rightsstatements.org/vocab/NoC-US/1.0/
asm0341001409,asm03410014090001001,Page 1,Horizons unlimited : an indoctrination course for flight service personnel,,,,,,,,,,,,,,,,,,,,
asm0341001409,asm03410014090002001,Page 2,Horizons unlimited : an indoctrination course for flight service personnel,,,,,,,,,,,,,,,,,,,,
asm0341001409,asm03410014090003001,Page 3,Horizons unlimited : an indoctrination course for flight service personnel,,,,,,,,,,,,,,,,,,,,
asm0341001409,asm03410014090004001,Page 4,Horizons unlimited : an indoctrination course for flight service personnel,,,,,,,,,,,,,,,,,,,,
asm0341001409,asm03410014090005001,Page 5,Horizons unlimited : an indoctrination course for flight service personnel,,,,,,,,,,,,,,,,,,,,
asm0341001409,asm03410014090006001,Page 6,Horizons unlimited : an indoctrination course for flight service personnel,,,,,,,,,,,,,,,,,,,,
asm0341001409,asm03410014090007001,Page 7,Horizons unlimited : an indoctrination course for flight service personnel,,,,,,,,,,,,,,,,,,,,
asm0341001409,asm03410014090008001,Page 8,Horizons unlimited : an indoctrination course for flight service personnel,,,,,,,,,,,,,,,,,,,,
asm0341001409,asm03410014090009001,Page 9,Horizons unlimited : an indoctrination course for flight service personnel,,,,,,,,,,,,,,,,,,,,
asm0341001409,asm03410014090010001,Page 10,Horizons unlimited : an indoctrination course for flight service personnel,,,,,,,,,,,,,,,,,,,,
asm0341001409,asm03410014090011001,Page 11,Horizons unlimited : an indoctrination course for flight service personnel,,,,,,,,,,,,,,,,,,,,
asm0341001409,asm03410014090012001,Page 12,Horizons unlimited : an indoctrination course for flight service personnel,,,,,,,,,,,,,,,,,,,,
asm0341001409,asm03410014090013001,Page 13,Horizons unlimited : an indoctrination course for flight service personnel,,,,,,,,,,,,,,,,,,,,
asm0341001409,asm03410014090014001,Page 14,Horizons unlimited : an indoctrination course for flight service personnel,,,,,,,,,,,,,,,,,,,,
asm0341001409,asm03410014090015001,Page 15,Horizons unlimited : an indoctrination course for flight service personnel,,,,,,,,,,,,,,,,,,,,
asm0341001409,asm03410014090016001,Page 16,Horizons unlimited : an indoctrination course for flight service personnel,,,,,,,,,,,,,,,,,,,,
asm0341001409,asm03410014090017001,Page 17,Horizons unlimited : an indoctrination course for flight service personnel,,,,,,,,,,,,,,,,,,,,
asm0341001409,asm03410014090018001,Page 18,Horizons unlimited : an indoctrination course for flight service personnel,,,,,,,,,,,,,,,,,,,,
asm0341001409,asm03410014090019001,Page 19,Horizons unlimited : an indoctrination course for flight service personnel,,,,,,,,,,,,,,,,,,,,
asm0341001409,asm03410014090020001,Page 20,Horizons unlimited : an indoctrination course for flight service personnel,,,,,,,,,,,,,,,,,,,,
asm0341001409,asm03410014090021001,Page 21,Horizons unlimited : an indoctrination course for flight service personnel,,,,,,,,,,,,,,,,,,,,
asm0341001409,asm03410014090022001,Page 22,Horizons unlimited : an indoctrination course for flight service personnel,,,,,,,,,,,,,,,,,,,,
asm0341001409,asm03410014090023001,Page 23,Horizons unlimited : an indoctrination course for flight service personnel,,,,,,,,,,,,,,,,,,,,
asm0341001409,asm03410014090024001,Page 24,Horizons unlimited : an indoctrination course for flight service personnel,,,,,,,,,,,,,,,,,,,,
asm0341001409,asm03410014090025001,Page 25,Horizons unlimited : an indoctrination course for flight service personnel,,,,,,,,,,,,,,,,,,,,
asm0341001409,asm03410014090026001,Page 26,Horizons unlimited : an indoctrination course for flight service personnel,,,,,,,,,,,,,,,,,,,,
asm0341001409,asm03410014090027001,Page 27,Horizons unlimited : an indoctrination course for flight service personnel,,,,,,,,,,,,,,,,,,,,
asm0341001409,asm03410014090028001,Page 28,Horizons unlimited : an indoctrination course for flight service personnel,,,,,,,,,,,,,,,,,,,,
asm0341001409,asm03410014090029001,Page 29,Horizons unlimited : an indoctrination course for flight service personnel,,,,,,,,,,,,,,,,,,,,
asm0341001409,asm03410014090030001,Page 30,Horizons unlimited : an indoctrination course for flight service personnel,,,,,,,,,,,,,,,,,,,,
asm0341001409,asm03410014090031001,Page 31,Horizons unlimited : an indoctrination course for flight service personnel,,,,,,,,,,,,,,,,,,,,
asm0341001409,asm03410014090032001,Page 32,Horizons unlimited : an indoctrination course for flight service personnel,,,,,,,,,,,,,,,,,,,,
asm0341001409,asm03410014090033001,Page 33,Horizons unlimited : an indoctrination course for flight service personnel,,,,,,,,,,,,,,,,,,,,
asm0341001409,asm03410014090034001,Page 34,Horizons unlimited : an indoctrination course for flight service personnel,,,,,,,,,,,,,,,,,,,,
asm0341001409,asm03410014090035001,Page 35,Horizons unlimited : an indoctrination course for flight service personnel,,,,,,,,,,,,,,,,,,,,
asm0341001409,asm03410014090036001,Page 36,Horizons unlimited : an indoctrination course for flight service personnel,,,,,,,,,,,,,,,,,,,,
asm0341001409,asm03410014090037001,Page 37,Horizons unlimited : an indoctrination course for flight service personnel,,,,,,,,,,,,,,,,,,,,
asm0341001409,asm03410014090038001,Page 38,Horizons unlimited : an indoctrination course for flight service personnel,,,,,,,,,,,,,,,,,,,,
asm0341001409,asm03410014090039001,Page 39,Horizons unlimited : an indoctrination course for flight service personnel,,,,,,,,,,,,,,,,,,,,
asm0341001409,asm03410014090040001,Page 40,Horizons unlimited : an indoctrination course for flight service personnel,,,,,,,,,,,,,,,,,,,,
asm0341001409,asm03410014090041001,Page 41,Horizons unlimited : an indoctrination course for flight service personnel,,,,,,,,,,,,,,,,,,,,
asm0341001409,asm03410014090042001,Page 42,Horizons unlimited : an indoctrination course for flight service personnel,,,,,,,,,,,,,,,,,,,,
asm0341001409,asm03410014090043001,Page 43,Horizons unlimited : an indoctrination course for flight service personnel,,,,,,,,,,,,,,,,,,,,
asm0341001409,asm03410014090044001,Page 44,Horizons unlimited : an indoctrination course for flight service personnel,,,,,,,,,,,,,,,,,,,,
asm0341001409,asm03410014090045001,Page 45,Horizons unlimited : an indoctrination course for flight service personnel,,,,,,,,,,,,,,,,,,,,
asm0341001409,asm03410014090046001,Page 46,Horizons unlimited : an indoctrination course for flight service personnel,,,,,,,,,,,,,,,,,,,,
asm0341001409,asm03410014090047001,Page 47,Horizons unlimited : an indoctrination course for flight service personnel,,,,,,,,,,,,,,,,,,,,
asm0341001409,asm03410014090048001,Page 48,Horizons unlimited : an indoctrination course for flight service personnel,,,,,,,,,,,,,,,,,,,,
asm0341001409,asm03410014090049001,Page 49,Horizons unlimited : an indoctrination course for flight service personnel,,,,,,,,,,,,,,,,,,,,
asm0341001409,asm03410014090050001,Page 50,Horizons unlimited : an indoctrination course for flight service personnel,,,,,,,,,,,,,,,,,,,,
asm0341001409,asm03410014090051001,Page 51,Horizons unlimited : an indoctrination course for flight service personnel,,,,,,,,,,,,,,,,,,,,
asm0341001409,asm03410014090052001,Page 52,Horizons unlimited : an indoctrination course for flight service personnel,,,,,,,,,,,,,,,,,,,,
asm0341001409,asm03410014090053001,Page 53,Horizons unlimited : an indoctrination course for flight service personnel,,,,,,,,,,,,,,,,,,,,
asm0341001409,asm03410014090054001,Page 54,Horizons unlimited : an indoctrination course for flight service personnel,,,,,,,,,,,,,,,,,,,,
asm0341001409,asm03410014090055001,Page 55,Horizons unlimited : an indoctrination course for flight service personnel,,,,,,,,,,,,,,,,,,,,
asm0341001409,asm03410014090056001,Page 56,Horizons unlimited : an indoctrination course for flight service personnel,,,,,,,,,,,,,,,,,,,,
asm0341001409,asm03410014090057001,Page 57,Horizons unlimited : an indoctrination course for flight service personnel,,,,,,,,,,,,,,,,,,,,
asm0341001409,asm03410014090058001,Page 58,Horizons unlimited : an indoctrination course for flight service personnel,,,,,,,,,,,,,,,,,,,,
asm0341001409,asm03410014090059001,Page 59,Horizons unlimited : an indoctrination course for flight service personnel,,,,,,,,,,,,,,,,,,,,
asm0341001409,asm03410014090060001,Page 60,Horizons unlimited : an indoctrination course for flight service personnel,,,,,,,,,,,,,,,,,,,,
asm0341001409,asm03410014090061001,Page 61,Horizons unlimited : an indoctrination course for flight service personnel,,,,,,,,,,,,,,,,,,,,
asm0341001409,asm03410014090062001,Page 62,Horizons unlimited : an indoctrination course for flight service personnel,,,,,,,,,,,,,,,,,,,,
asm0341001409,asm03410014090063001,Page 63,Horizons unlimited : an indoctrination course for flight service personnel,,,,,,,,,,,,,,,,,,,,
asm0341001409,asm03410014090064001,Page 64,Horizons unlimited : an indoctrination course for flight service personnel,,,,,,,,,,,,,,,,,,,,
asm0341001409,asm03410014090065001,Page 65,Horizons unlimited : an indoctrination course for flight service personnel,,,,,,,,,,,,,,,,,,,,
asm0341001409,asm03410014090066001,Page 66,Horizons unlimited : an indoctrination course for flight service personnel,,,,,,,,,,,,,,,,,,,,
asm0341001409,asm03410014090067001,Page 67,Horizons unlimited : an indoctrination course for flight service personnel,,,,,,,,,,,,,,,,,,,,
asm0341001409,asm03410014090068001,Page 68,Horizons unlimited : an indoctrination course for flight service personnel,,,,,,,,,,,,,,,,,,,,
asm0341001409,asm03410014090069001,Page 69,Horizons unlimited : an indoctrination course for flight service personnel,,,,,,,,,,,,,,,,,,,,
asm0341001409,asm03410014090070001,Page 70,Horizons unlimited : an indoctrination course for flight service personnel,,,,,,,,,,,,,,,,,,,,
asm0341001409,asm03410014090071001,Page 71,Horizons unlimited : an indoctrination course for flight service personnel,,,,,,,,,,,,,,,,,,,,
asm0341001409,asm03410014090072001,Page 72,Horizons unlimited : an indoctrination course for flight service personnel,,,,,,,,,,,,,,,,,,,,
asm0341001409,asm03410014090073001,Page 73,Horizons unlimited : an indoctrination course for flight service personnel,,,,,,,,,,,,,,,,,,,,
asm0341001409,asm03410014090074001,Page 74,Horizons unlimited : an indoctrination course for flight service personnel,,,,,,,,,,,,,,,,,,,,
asm0341001409,asm03410014090075001,Page 75,Horizons unlimited : an indoctrination course for flight service personnel,,,,,,,,,,,,,,,,,,,,
asm0341001409,asm03410014090076001,Page 76,Horizons unlimited : an indoctrination course for flight service personnel,,,,,,,,,,,,,,,,,,,,
asm0341001409,asm03410014090077001,Page 77,Horizons unlimited : an indoctrination course for flight service personnel,,,,,,,,,,,,,,,,,,,,
asm0341001409,asm03410014090078001,Page 78,Horizons unlimited : an indoctrination course for flight service personnel,,,,,,,,,,,,,,,,,,,,
asm0341001409,asm03410014090079001,Page 79,Horizons unlimited : an indoctrination course for flight service personnel,,,,,,,,,,,,,,,,,,,,
asm0341001409,asm03410014090080001,Page 80,Horizons unlimited : an indoctrination course for flight service personnel,,,,,,,,,,,,,,,,,,,,
asm0341001409,asm03410014090081001,Page 81,Horizons unlimited : an indoctrination course for flight service personnel,,,,,,,,,,,,,,,,,,,,
asm0341001409,asm03410014090082001,Page 82,Horizons unlimited : an indoctrination course for flight service personnel,,,,,,,,,,,,,,,,,,,,
asm0341001409,asm03410014090083001,Page 83,Horizons unlimited : an indoctrination course for flight service personnel,,,,,,,,,,,,,,,,,,,,
asm0341001409,asm03410014090084001,Page 84,Horizons unlimited : an indoctrination course for flight service personnel,,,,,,,,,,,,,,,,,,,,
asm0341001409,asm03410014090085001,Page 85,Horizons unlimited : an indoctrination course for flight service personnel,,,,,,,,,,,,,,,,,,,,
asm0341001409,asm03410014090086001,Page 86,Horizons unlimited : an indoctrination course for flight service personnel,,,,,,,,,,,,,,,,,,,,
asm0341001409,asm03410014090087001,Page 87,Horizons unlimited : an indoctrination course for flight service personnel,,,,,,,,,,,,,,,,,,,,
asm0341001409,asm03410014090088001,Page 88,Horizons unlimited : an indoctrination course for flight service personnel,,,,,,,,,,,,,,,,,,,,
asm0341001409,asm03410014090089001,Page 89,Horizons unlimited : an indoctrination course for flight service personnel,,,,,,,,,,,,,,,,,,,,
asm0341001409,asm03410014090090001,Page 90,Horizons unlimited : an indoctrination course for flight service personnel,,,,,,,,,,,,,,,,,,,,
asm0341001409,asm03410014090091001,Page 91,Horizons unlimited : an indoctrination course for flight service personnel,,,,,,,,,,,,,,,,,,,,
asm0341001409,asm03410014090092001,Page 92,Horizons unlimited : an indoctrination course for flight service personnel,,,,,,,,,,,,,,,,,,,,
asm0341001409,asm03410014090093001,Page 93,Horizons unlimited : an indoctrination course for flight service personnel,,,,,,,,,,,,,,,,,,,,
asm0341001409,asm03410014090094001,Page 94,Horizons unlimited : an indoctrination course for flight service personnel,,,,,,,,,,,,,,,,,,,,
asm0341001409,asm03410014090095001,Page 95,Horizons unlimited : an indoctrination course for flight service personnel,,,,,,,,,,,,,,,,,,,,
asm0341001409,asm03410014090096001,Page 96,Horizons unlimited : an indoctrination course for flight service personnel,,,,,,,,,,,,,,,,,,,,
asm0341001409,asm03410014090097001,Page 97,Horizons unlimited : an indoctrination course for flight service personnel,,,,,,,,,,,,,,,,,,,,
asm0341001409,asm03410014090098001,Page 98,Horizons unlimited : an indoctrination course for flight service personnel,,,,,,,,,,,,,,,,,,,,
asm0341001409,asm03410014090099001,Page 99,Horizons unlimited : an indoctrination course for flight service personnel,,,,,,,,,,,,,,,,,,,,
asm0341001409,asm03410014090100001,Page 100,Horizons unlimited : an indoctrination course for flight service personnel,,,,,,,,,,,,,,,,,,,,
asm0341001410,,You are... Pan American World Airways,You are... Pan American World Airways,,"Pan American World Airways, Inc.",,,,,Brochures; Promotional materials;,,,,,,eng,University of Miami. Library. Special Collections,"Pan American World Airways, Inc. records",ASM0341,Printed Materials: Brochures and Booklets: Other,Box No. 2 of 2; Box Title: Brochures and Booklets: Other 2 of 2; Folder No. 4; Folder Title: You are Pan American World Airways,"The copyright and related rights status of this material is unknown. The Pan Am brand remains under trademark. For additional information, please visit: https://digitalcollections.library.miami.edu/digital/custom/copyright-guidelines",http://rightsstatements.org/vocab/UND/1.0/
asm0341001410,asm03410014100001001,Page 1,You are... Pan American World Airways,,,,,,,,,,,,,,,,,,,,
asm0341001410,asm03410014100002001,Page 2,You are... Pan American World Airways,,,,,,,,,,,,,,,,,,,,
asm0341001410,asm03410014100003001,Page 3,You are... Pan American World Airways,,,,,,,,,,,,,,,,,,,,
asm0341001410,asm03410014100004001,Page 4,You are... Pan American World Airways,,,,,,,,,,,,,,,,,,,,
asm0341001410,asm03410014100005001,Page 5,You are... Pan American World Airways,,,,,,,,,,,,,,,,,,,,
asm0341001410,asm03410014100006001,Page 6,You are... Pan American World Airways,,,,,,,,,,,,,,,,,,,,
asm0341001410,asm03410014100007001,Page 7,You are... Pan American World Airways,,,,,,,,,,,,,,,,,,,,
asm0341001410,asm03410014100008001,Page 8,You are... Pan American World Airways,,,,,,,,,,,,,,,,,,,,
asm0341001410,asm03410014100009001,Page 9,You are... Pan American World Airways,,,,,,,,,,,,,,,,,,,,
asm0341001410,asm03410014100010001,Page 10,You are... Pan American World Airways,,,,,,,,,,,,,,,,,,,,
asm0341001410,asm03410014100011001,Page 11,You are... Pan American World Airways,,,,,,,,,,,,,,,,,,,,
asm0341001410,asm03410014100012001,Page 12,You are... Pan American World Airways,,,,,,,,,,,,,,,,,,,,
asm0341001410,asm03410014100013001,Page 13,You are... Pan American World Airways,,,,,,,,,,,,,,,,,,,,
asm0341001410,asm03410014100014001,Page 14,You are... Pan American World Airways,,,,,,,,,,,,,,,,,,,,
asm0341001410,asm03410014100015001,Page 15,You are... Pan American World Airways,,,,,,,,,,,,,,,,,,,,
asm0341001410,asm03410014100016001,Page 16,You are... Pan American World Airways,,,,,,,,,,,,,,,,,,,,
asm0341001410,asm03410014100017001,Page 17,You are... Pan American World Airways,,,,,,,,,,,,,,,,,,,,
asm0341001410,asm03410014100018001,Page 18,You are... Pan American World Airways,,,,,,,,,,,,,,,,,,,,
asm0341001410,asm03410014100019001,Page 19,You are... Pan American World Airways,,,,,,,,,,,,,,,,,,,,
asm0341001410,asm03410014100020001,Page 20,You are... Pan American World Airways,,,,,,,,,,,,,,,,,,,,
asm0341001410,asm03410014100021001,Page 21,You are... Pan American World Airways,,,,,,,,,,,,,,,,,,,,
asm0341001410,asm03410014100022001,Page 22,You are... Pan American World Airways,,,,,,,,,,,,,,,,,,,,
asm0341001410,asm03410014100023001,Page 23,You are... Pan American World Airways,,,,,,,,,,,,,,,,,,,,
asm0341001410,asm03410014100024001,Page 24,You are... Pan American World Airways,,,,,,,,,,,,,,,,,,,,
asm0341001410,asm03410014100025001,Page 25,You are... Pan American World Airways,,,,,,,,,,,,,,,,,,,,
asm0341001410,asm03410014100026001,Page 26,You are... Pan American World Airways,,,,,,,,,,,,,,,,,,,,
asm0341001410,asm03410014100027001,Page 27,You are... Pan American World Airways,,,,,,,,,,,,,,,,,,,,
asm0341001410,asm03410014100028001,Page 28,You are... Pan American World Airways,,,,,,,,,,,,,,,,,,,,
asm0341001410,asm03410014100029001,Page 29,You are... Pan American World Airways,,,,,,,,,,,,,,,,,,,,
asm0341001410,asm03410014100030001,Page 30,You are... Pan American World Airways,,,,,,,,,,,,,,,,,,,,
asm0341001410,asm03410014100031001,Page 31,You are... Pan American World Airways,,,,,,,,,,,,,,,,,,,,
asm0341001410,asm03410014100032001,Page 32,You are... Pan American World Airways,,,,,,,,,,,,,,,,,,,,
asm0341001410,asm03410014100033001,Page 33,You are... Pan American World Airways,,,,,,,,,,,,,,,,,,,,
asm0341001410,asm03410014100034001,Page 34,You are... Pan American World Airways,,,,,,,,,,,,,,,,,,,,
asm0341001410,asm03410014100035001,Page 35,You are... Pan American World Airways,,,,,,,,,,,,,,,,,,,,
asm0341001410,asm03410014100036001,Page 36,You are... Pan American World Airways,,,,,,,,,,,,,,,,,,,,
asm0341001410,asm03410014100037001,Page 37,You are... Pan American World Airways,,,,,,,,,,,,,,,,,,,,
asm0341001410,asm03410014100038001,Page 38,You are... Pan American World Airways,,,,,,,,,,,,,,,,,,,,
asm0341001410,asm03410014100039001,Page 39,You are... Pan American World Airways,,,,,,,,,,,,,,,,,,,,
asm0341001410,asm03410014100040001,Page 40,You are... Pan American World Airways,,,,,,,,,,,,,,,,,,,,
asm0341001410,asm03410014100041001,Page 41,You are... Pan American World Airways,,,,,,,,,,,,,,,,,,,,
asm0341001410,asm03410014100042001,Page 42,You are... Pan American World Airways,,,,,,,,,,,,,,,,,,,,
asm0341001410,asm03410014100043001,Page 43,You are... Pan American World Airways,,,,,,,,,,,,,,,,,,,,
asm0341001410,asm03410014100044001,Page 44,You are... Pan American World Airways,,,,,,,,,,,,,,,,,,,,
asm0341001410,asm03410014100045001,Page 45,You are... Pan American World Airways,,,,,,,,,,,,,,,,,,,,
asm0341001410,asm03410014100046001,Page 46,You are... Pan American World Airways,,,,,,,,,,,,,,,,,,,,
asm0341001410,asm03410014100047001,Page 47,You are... Pan American World Airways,,,,,,,,,,,,,,,,,,,,
asm0341001410,asm03410014100048001,Page 48,You are... Pan American World Airways,,,,,,,,,,,,,,,,,,,,
asm0341001410,asm03410014100049001,Page 49,You are... Pan American World Airways,,,,,,,,,,,,,,,,,,,,
asm0341001410,asm03410014100050001,Page 50,You are... Pan American World Airways,,,,,,,,,,,,,,,,,,,,
asm0341001410,asm03410014100051001,Page 51,You are... Pan American World Airways,,,,,,,,,,,,,,,,,,,,
asm0341001410,asm03410014100052001,Page 52,You are... Pan American World Airways,,,,,,,,,,,,,,,,,,,,
asm0341001410,asm03410014100053001,Page 53,You are... Pan American World Airways,,,,,,,,,,,,,,,,,,,,
asm0341001411,,Pan Am Building,Pan Am Building,,"Pan American World Airways, Inc.",,,,,Brochures; Promotional materials;,,1967-02,,1960-1969,New York (N.Y.),eng,University of Miami. Library. Special Collections,"Pan American World Airways, Inc. records",ASM0341,Printed Materials: Brochures and Booklets: Other,Box No. 2 of 2; Box Title: Brochures and Booklets: Other 2 of 2; Folder No. 5; Folder Title: [Pan Am Building brochures],"This material is in the public domain in the United States. The Pan Am brand remains under trademark. For additional information, please visit: https://digitalcollections.library.miami.edu/digital/custom/copyright-guidelines",http://rightsstatements.org/vocab/NoC-US/1.0/
asm0341001411,asm03410014110001001,Page 1,Pan Am Building,,,,,,,,,,,,,,,,,,,,
asm0341001411,asm03410014110002001,Page 2,Pan Am Building,,,,,,,,,,,,,,,,,,,,
asm0341001412,,Pan American World Airways income statement,Pan American World Airways income statement,,"Pan American World Airways, Inc.",,,,,Financial statements; Corporation records;,,11/10/1960,,1960-1969,,eng,University of Miami. Library. Special Collections,"Pan American World Airways, Inc. records",ASM0341,Printed Materials: Brochures and Booklets: Other,Box No. 2 of 2; Box Title: Brochures and Booklets: Other 2 of 2; Folder No. 5; Folder Title: [Pan Am Building brochures],"This material is in the public domain in the United States. The Pan Am brand remains under trademark. For additional information, please visit: https://digitalcollections.library.miami.edu/digital/custom/copyright-guidelines",http://rightsstatements.org/vocab/NoC-US/1.0/
asm0341001412,asm03410014120001001,Page 1,Pan American World Airways income statement,,,,,,,,,,,,,,,,,,,,
asm0341001412,asm03410014120002001,Page 2,Pan American World Airways income statement,,,,,,,,,,,,,,,,,,,,
asm0341001413,,Speed trade throughout the western hemisphere : air express service,Speed trade throughout the western hemisphere : air express service,,"Pan American World Airways, Inc.",,,,,Brochures; Promotional materials;,,12/11/1931,,1930-1939,Latin America,eng,University of Miami. Library. Special Collections,"Pan American World Airways, Inc. records",ASM0341,Printed Materials: Brochures and Booklets: Other,Box No. 2 of 2; Box Title: Brochures and Booklets: Other 2 of 2; Folder No. 6; Folder Title: C.A.B. Decision 9/22/1965,"This material is in the public domain in the United States. The Pan Am brand remains under trademark. For additional information, please visit: https://digitalcollections.library.miami.edu/digital/custom/copyright-guidelines",http://rightsstatements.org/vocab/NoC-US/1.0/
asm0341001413,asm03410014130001001,Page 1,Speed trade throughout the western hemisphere : air express service,,,,,,,,,,,,,,,,,,,,
asm0341001413,asm03410014130002001,Page 2,Speed trade throughout the western hemisphere : air express service,,,,,,,,,,,,,,,,,,,,
asm0341001413,asm03410014130003001,Page 3,Speed trade throughout the western hemisphere : air express service,,,,,,,,,,,,,,,,,,,,
asm0341001413,asm03410014130004001,Page 4,Speed trade throughout the western hemisphere : air express service,,,,,,,,,,,,,,,,,,,,
asm0341001413,asm03410014130005001,Page 5,Speed trade throughout the western hemisphere : air express service,,,,,,,,,,,,,,,,,,,,
asm0341001414,,Pan American World Airways system time tables,Pan American World Airways system time tables,,"Pan American World Airways, Inc.",,,,,Brochures; Promotional materials;,,,,,,eng,University of Miami. Library. Special Collections,"Pan American World Airways, Inc. records",ASM0341,Printed Materials: Brochures and Booklets: Other,Box No. 2 of 2; Box Title: Brochures and Booklets: Other 2 of 2; Folder No. 6; Folder Title: C.A.B. Decision 9/22/1965,"The copyright and related rights status of this material is unknown. The Pan Am brand remains under trademark. For additional information, please visit: https://digitalcollections.library.miami.edu/digital/custom/copyright-guidelines",http://rightsstatements.org/vocab/UND/1.0/
asm0341001414,asm03410014140001001,Page 1,Pan American World Airways system time tables,,,,,,,,,,,,,,,,,,,,
asm0341001414,asm03410014140002001,Page 2,Pan American World Airways system time tables,,,,,,,,,,,,,,,,,,,,
asm0341001415,,Rest... zest... fun! Cross Lake Michigan on the S. S. Milwaukee Clipper,Rest... zest... fun! Cross Lake Michigan on the S. S. Milwaukee Clipper,,Wisconsin & Michigan Steamship Company,,,,,Brochures; Promotional materials;,,,1948,1940-1949,"Milwaukee (Wis.); Muskegon (Mich.); Michigan, Lake",eng,University of Miami. Library. Special Collections,"Pan American World Airways, Inc. records",ASM0341,Printed Materials: Brochures and Booklets: Other,Box No. 2 of 2; Box Title: Brochures and Booklets: Other 2 of 2; Folder No. 6; Folder Title: C.A.B. Decision 9/22/1965,"This material is in the public domain in the United States. The Pan Am brand remains under trademark. For additional information, please visit: https://digitalcollections.library.miami.edu/digital/custom/copyright-guidelines",http://rightsstatements.org/vocab/NoC-US/1.0/
asm0341001415,asm03410014150001001,Page 1,Rest... zest... fun! Cross Lake Michigan on the S. S. Milwaukee Clipper,,,,,,,,,,,,,,,,,,,,
asm0341001415,asm03410014150002001,Page 2,Rest... zest... fun! Cross Lake Michigan on the S. S. Milwaukee Clipper,,,,,,,,,,,,,,,,,,,,
asm0341001415,asm03410014150003001,Page 3,Rest... zest... fun! Cross Lake Michigan on the S. S. Milwaukee Clipper,,,,,,,,,,,,,,,,,,,,
asm0341001416,,Fly by Clipper free! to Latin America or anywhere in the world : organize an air travel group and be a travel conductor,Fly by Clipper free! to Latin America or anywhere in the world : organize an air travel group and be a travel conductor,,"Pan American World Airways, Inc.",,,,,Brochures; Promotional materials;,,,,,,eng,University of Miami. Library. Special Collections,"Pan American World Airways, Inc. records",ASM0341,Printed Materials: Brochures and Booklets: Other,Box No. 2 of 2; Box Title: Brochures and Booklets: Other 2 of 2; Folder No. 6; Folder Title: C.A.B. Decision 9/22/1965,"The copyright and related rights status of this material is unknown. The Pan Am brand remains under trademark. For additional information, please visit: https://digitalcollections.library.miami.edu/digital/custom/copyright-guidelines",http://rightsstatements.org/vocab/UND/1.0/
asm0341001416,asm03410014160001001,Page 1,Fly by Clipper free! to Latin America or anywhere in the world : organize an air travel group and be a travel conductor,,,,,,,,,,,,,,,,,,,,
asm0341001416,asm03410014160002001,Page 2,Fly by Clipper free! to Latin America or anywhere in the world : organize an air travel group and be a travel conductor,,,,,,,,,,,,,,,,,,,,
asm0341001416,asm03410014160003001,Page 3,Fly by Clipper free! to Latin America or anywhere in the world : organize an air travel group and be a travel conductor,,,,,,,,,,,,,,,,,,,,
asm0341001416,asm03410014160004001,Page 4,Fly by Clipper free! to Latin America or anywhere in the world : organize an air travel group and be a travel conductor,,,,,,,,,,,,,,,,,,,,
asm0341001416,asm03410014160005001,Page 5,Fly by Clipper free! to Latin America or anywhere in the world : organize an air travel group and be a travel conductor,,,,,,,,,,,,,,,,,,,,
asm0341001416,asm03410014160006001,Page 6,Fly by Clipper free! to Latin America or anywhere in the world : organize an air travel group and be a travel conductor,,,,,,,,,,,,,,,,,,,,
asm0341001416,asm03410014160007001,Page 7,Fly by Clipper free! to Latin America or anywhere in the world : organize an air travel group and be a travel conductor,,,,,,,,,,,,,,,,,,,,
asm0341001416,asm03410014160008001,Page 8,Fly by Clipper free! to Latin America or anywhere in the world : organize an air travel group and be a travel conductor,,,,,,,,,,,,,,,,,,,,
asm0341001416,asm03410014160009001,Page 9,Fly by Clipper free! to Latin America or anywhere in the world : organize an air travel group and be a travel conductor,,,,,,,,,,,,,,,,,,,,
asm0341001416,asm03410014160010001,Page 10,Fly by Clipper free! to Latin America or anywhere in the world : organize an air travel group and be a travel conductor,,,,,,,,,,,,,,,,,,,,
asm0341001416,asm03410014160011001,Page 11,Fly by Clipper free! to Latin America or anywhere in the world : organize an air travel group and be a travel conductor,,,,,,,,,,,,,,,,,,,,
asm0341001416,asm03410014160012001,Page 12,Fly by Clipper free! to Latin America or anywhere in the world : organize an air travel group and be a travel conductor,,,,,,,,,,,,,,,,,,,,
asm0341001417,,Forum of the future : 1942 through 1943,Forum of the future : 1942 through 1943,,"Pan American World Airways, Inc.",,,,,Booklets;,,1944,,1940-1949,,eng,University of Miami. Library. Special Collections,"Pan American World Airways, Inc. records",ASM0341,Printed Materials: Brochures and Booklets: Other,Box No. 2 of 2; Box Title: Brochures and Booklets: Other 2 of 2; Folder No. 6; Folder Title: C.A.B. Decision 9/22/1965,"This material is in the public domain in the United States. The Pan Am brand remains under trademark. For additional information, please visit: https://digitalcollections.library.miami.edu/digital/custom/copyright-guidelines",http://rightsstatements.org/vocab/NoC-US/1.0/
asm0341001417,asm03410014170001001,Page 1,Forum of the future : 1942 through 1943,,,,,,,,,,,,,,,,,,,,
asm0341001417,asm03410014170002001,Page 2,Forum of the future : 1942 through 1943,,,,,,,,,,,,,,,,,,,,
asm0341001417,asm03410014170003001,Page 3,Forum of the future : 1942 through 1943,,,,,,,,,,,,,,,,,,,,
asm0341001417,asm03410014170004001,Page 4,Forum of the future : 1942 through 1943,,,,,,,,,,,,,,,,,,,,
asm0341001417,asm03410014170005001,Page 5,Forum of the future : 1942 through 1943,,,,,,,,,,,,,,,,,,,,
asm0341001417,asm03410014170006001,Page 6,Forum of the future : 1942 through 1943,,,,,,,,,,,,,,,,,,,,
asm0341001417,asm03410014170007001,Page 7,Forum of the future : 1942 through 1943,,,,,,,,,,,,,,,,,,,,
asm0341001417,asm03410014170008001,Page 8,Forum of the future : 1942 through 1943,,,,,,,,,,,,,,,,,,,,
asm0341001417,asm03410014170009001,Page 9,Forum of the future : 1942 through 1943,,,,,,,,,,,,,,,,,,,,
asm0341001417,asm03410014170010001,Page 10,Forum of the future : 1942 through 1943,,,,,,,,,,,,,,,,,,,,
asm0341001417,asm03410014170011001,Page 11,Forum of the future : 1942 through 1943,,,,,,,,,,,,,,,,,,,,
asm0341001417,asm03410014170012001,Page 12,Forum of the future : 1942 through 1943,,,,,,,,,,,,,,,,,,,,
asm0341001417,asm03410014170013001,Page 13,Forum of the future : 1942 through 1943,,,,,,,,,,,,,,,,,,,,
asm0341001417,asm03410014170014001,Page 14,Forum of the future : 1942 through 1943,,,,,,,,,,,,,,,,,,,,
asm0341001417,asm03410014170015001,Page 15,Forum of the future : 1942 through 1943,,,,,,,,,,,,,,,,,,,,
asm0341001417,asm03410014170016001,Page 16,Forum of the future : 1942 through 1943,,,,,,,,,,,,,,,,,,,,
asm0341001417,asm03410014170017001,Page 17,Forum of the future : 1942 through 1943,,,,,,,,,,,,,,,,,,,,
asm0341001417,asm03410014170018001,Page 18,Forum of the future : 1942 through 1943,,,,,,,,,,,,,,,,,,,,
asm0341001417,asm03410014170019001,Page 19,Forum of the future : 1942 through 1943,,,,,,,,,,,,,,,,,,,,
asm0341001417,asm03410014170020001,Page 20,Forum of the future : 1942 through 1943,,,,,,,,,,,,,,,,,,,,
asm0341001417,asm03410014170021001,Page 21,Forum of the future : 1942 through 1943,,,,,,,,,,,,,,,,,,,,
asm0341001417,asm03410014170022001,Page 22,Forum of the future : 1942 through 1943,,,,,,,,,,,,,,,,,,,,
asm0341001417,asm03410014170023001,Page 23,Forum of the future : 1942 through 1943,,,,,,,,,,,,,,,,,,,,
asm0341001417,asm03410014170024001,Page 24,Forum of the future : 1942 through 1943,,,,,,,,,,,,,,,,,,,,
asm0341001417,asm03410014170025001,Page 25,Forum of the future : 1942 through 1943,,,,,,,,,,,,,,,,,,,,
asm0341001417,asm03410014170026001,Page 26,Forum of the future : 1942 through 1943,,,,,,,,,,,,,,,,,,,,
asm0341001417,asm03410014170027001,Page 27,Forum of the future : 1942 through 1943,,,,,,,,,,,,,,,,,,,,
asm0341001417,asm03410014170028001,Page 28,Forum of the future : 1942 through 1943,,,,,,,,,,,,,,,,,,,,
asm0341001417,asm03410014170029001,Page 29,Forum of the future : 1942 through 1943,,,,,,,,,,,,,,,,,,,,
asm0341001417,asm03410014170030001,Page 30,Forum of the future : 1942 through 1943,,,,,,,,,,,,,,,,,,,,
asm0341001417,asm03410014170031001,Page 31,Forum of the future : 1942 through 1943,,,,,,,,,,,,,,,,,,,,
asm0341001417,asm03410014170032001,Page 32,Forum of the future : 1942 through 1943,,,,,,,,,,,,,,,,,,,,
asm0341001417,asm03410014170033001,Page 33,Forum of the future : 1942 through 1943,,,,,,,,,,,,,,,,,,,,
asm0341001417,asm03410014170034001,Page 34,Forum of the future : 1942 through 1943,,,,,,,,,,,,,,,,,,,,
asm0341001417,asm03410014170035001,Page 35,Forum of the future : 1942 through 1943,,,,,,,,,,,,,,,,,,,,
asm0341001417,asm03410014170036001,Page 36,Forum of the future : 1942 through 1943,,,,,,,,,,,,,,,,,,,,
asm0341001417,asm03410014170037001,Page 37,Forum of the future : 1942 through 1943,,,,,,,,,,,,,,,,,,,,
asm0341001417,asm03410014170038001,Page 38,Forum of the future : 1942 through 1943,,,,,,,,,,,,,,,,,,,,
asm0341001417,asm03410014170039001,Page 39,Forum of the future : 1942 through 1943,,,,,,,,,,,,,,,,,,,,
asm0341001417,asm03410014170040001,Page 40,Forum of the future : 1942 through 1943,,,,,,,,,,,,,,,,,,,,
asm0341001418,,Miami Herald's Operation Clipper : how it can serve you in the rich Latin American market,Miami Herald's Operation Clipper : how it can serve you in the rich Latin American market,,Miami Herald Publishing Company,,,,,Booklets; Promotional materials;,,,,,Latin America,eng,University of Miami. Library. Special Collections,"Pan American World Airways, Inc. records",ASM0341,Printed Materials: Brochures and Booklets: Other,Box No. 2 of 2; Box Title: Brochures and Booklets: Other 2 of 2; Folder No. 6; Folder Title: C.A.B. Decision 9/22/1965,"The copyright and related rights status of this material is unknown. The Pan Am brand remains under trademark. For additional information, please visit: https://digitalcollections.library.miami.edu/digital/custom/copyright-guidelines",http://rightsstatements.org/vocab/UND/1.0/
asm0341001418,asm03410014180001001,Page 1,Miami Herald's Operation Clipper : how it can serve you in the rich Latin American market,,,,,,,,,,,,,,,,,,,,
asm0341001418,asm03410014180002001,Page 2,Miami Herald's Operation Clipper : how it can serve you in the rich Latin American market,,,,,,,,,,,,,,,,,,,,
asm0341001418,asm03410014180003001,Page 3,Miami Herald's Operation Clipper : how it can serve you in the rich Latin American market,,,,,,,,,,,,,,,,,,,,
asm0341001418,asm03410014180004001,Page 4,Miami Herald's Operation Clipper : how it can serve you in the rich Latin American market,,,,,,,,,,,,,,,,,,,,
asm0341001418,asm03410014180005001,Page 5,Miami Herald's Operation Clipper : how it can serve you in the rich Latin American market,,,,,,,,,,,,,,,,,,,,
asm0341001418,asm03410014180006001,Page 6,Miami Herald's Operation Clipper : how it can serve you in the rich Latin American market,,,,,,,,,,,,,,,,,,,,
asm0341001418,asm03410014180007001,Page 7,Miami Herald's Operation Clipper : how it can serve you in the rich Latin American market,,,,,,,,,,,,,,,,,,,,
asm0341001418,asm03410014180008001,Page 8,Miami Herald's Operation Clipper : how it can serve you in the rich Latin American market,,,,,,,,,,,,,,,,,,,,
asm0341001418,asm03410014180009001,Page 9,Miami Herald's Operation Clipper : how it can serve you in the rich Latin American market,,,,,,,,,,,,,,,,,,,,
asm0341001418,asm03410014180010001,Page 10,Miami Herald's Operation Clipper : how it can serve you in the rich Latin American market,,,,,,,,,,,,,,,,,,,,
asm0341001418,asm03410014180011001,Page 11,Miami Herald's Operation Clipper : how it can serve you in the rich Latin American market,,,,,,,,,,,,,,,,,,,,
asm0341001418,asm03410014180012001,Page 12,Miami Herald's Operation Clipper : how it can serve you in the rich Latin American market,,,,,,,,,,,,,,,,,,,,
asm0341001419,,Clipper Charlie,Clipper Charlie,,"Pan American World Airways, Inc.",,,"Written on verso: ""Recd from [Free?] as drawing to be used on 'Clipper Charlie' trademark application""",,Drawings;,,,,,,eng,University of Miami. Library. Special Collections,"Pan American World Airways, Inc. records",ASM0341,Printed Materials: Brochures and Booklets: Other,Box No. 2 of 2; Box Title: Brochures and Booklets: Other 2 of 2; Folder No. 6; Folder Title: C.A.B. Decision 9/22/1965,"This material is protected by copyright. Use for education purposes is permitted. Copyright was originally held by Pan American World Airways, Inc., but was transferred to the University of Miami. The Pan Am brand remains under trademark. For additional information, please visit: https://digitalcollections.library.miami.edu/digital/custom/copyright-guidelines",http://rightsstatements.org/vocab/InC-EDU/1.0/
asm0341001419,asm03410014190001001,Page 1,Clipper Charlie,,,,,,,,,,,,,,,,,,,,
asm0341001419,asm03410014190002001,Page 2,Clipper Charlie,,,,,,,,,,,,,,,,,,,,
asm0341001420,,Facts and figures about Pan Am World Airways typescript,Facts and figures about Pan Am World Airways typescript,,"Pan American World Airways, Inc.",,,,,Typescripts;,,,,,,eng,University of Miami. Library. Special Collections,"Pan American World Airways, Inc. records",ASM0341,Printed Materials: Brochures and Booklets: Other,Box No. 2 of 2; Box Title: Brochures and Booklets: Other 2 of 2; Folder No. 7; Folder Title: Pan Am's Facts and Figures,"This material is protected by copyright. Use for education purposes is permitted. Copyright was originally held by Pan American World Airways, Inc., but was transferred to the University of Miami. The Pan Am brand remains under trademark. For additional information, please visit: https://digitalcollections.library.miami.edu/digital/custom/copyright-guidelines",http://rightsstatements.org/vocab/InC-EDU/1.0/
asm0341001420,asm03410014200001001,Page 1,Facts and figures about Pan Am World Airways typescript,,,,,,,,,,,,,,,,,,,,
asm0341001420,asm03410014200002001,Page 2,Facts and figures about Pan Am World Airways typescript,,,,,,,,,,,,,,,,,,,,
asm0341001420,asm03410014200003001,Page 3,Facts and figures about Pan Am World Airways typescript,,,,,,,,,,,,,,,,,,,,
asm0341001420,asm03410014200004001,Page 4,Facts and figures about Pan Am World Airways typescript,,,,,,,,,,,,,,,,,,,,
asm0341001420,asm03410014200005001,Page 5,Facts and figures about Pan Am World Airways typescript,,,,,,,,,,,,,,,,,,,,
asm0341001420,asm03410014200006001,Page 6,Facts and figures about Pan Am World Airways typescript,,,,,,,,,,,,,,,,,,,,
asm0341001420,asm03410014200007001,Page 7,Facts and figures about Pan Am World Airways typescript,,,,,,,,,,,,,,,,,,,,
asm0341001420,asm03410014200008001,Page 8,Facts and figures about Pan Am World Airways typescript,,,,,,,,,,,,,,,,,,,,
asm0341001420,asm03410014200009001,Page 9,Facts and figures about Pan Am World Airways typescript,,,,,,,,,,,,,,,,,,,,
asm0341001420,asm03410014200010001,Page 10,Facts and figures about Pan Am World Airways typescript,,,,,,,,,,,,,,,,,,,,
asm0341001420,asm03410014200011001,Page 11,Facts and figures about Pan Am World Airways typescript,,,,,,,,,,,,,,,,,,,,
asm0341001420,asm03410014200012001,Page 12,Facts and figures about Pan Am World Airways typescript,,,,,,,,,,,,,,,,,,,,
asm0341001420,asm03410014200013001,Page 13,Facts and figures about Pan Am World Airways typescript,,,,,,,,,,,,,,,,,,,,
asm0341001420,asm03410014200014001,Page 14,Facts and figures about Pan Am World Airways typescript,,,,,,,,,,,,,,,,,,,,
asm0341001420,asm03410014200015001,Page 15,Facts and figures about Pan Am World Airways typescript,,,,,,,,,,,,,,,,,,,,
asm0341001420,asm03410014200016001,Page 16,Facts and figures about Pan Am World Airways typescript,,,,,,,,,,,,,,,,,,,,
asm0341001420,asm03410014200017001,Page 17,Facts and figures about Pan Am World Airways typescript,,,,,,,,,,,,,,,,,,,,
asm0341001420,asm03410014200018001,Page 18,Facts and figures about Pan Am World Airways typescript,,,,,,,,,,,,,,,,,,,,
asm0341001420,asm03410014200019001,Page 19,Facts and figures about Pan Am World Airways typescript,,,,,,,,,,,,,,,,,,,,
asm0341001420,asm03410014200020001,Page 20,Facts and figures about Pan Am World Airways typescript,,,,,,,,,,,,,,,,,,,,
asm0341001420,asm03410014200021001,Page 21,Facts and figures about Pan Am World Airways typescript,,,,,,,,,,,,,,,,,,,,
asm0341001420,asm03410014200022001,Page 22,Facts and figures about Pan Am World Airways typescript,,,,,,,,,,,,,,,,,,,,
asm0341001420,asm03410014200023001,Page 23,Facts and figures about Pan Am World Airways typescript,,,,,,,,,,,,,,,,,,,,
asm0341001420,asm03410014200024001,Page 24,Facts and figures about Pan Am World Airways typescript,,,,,,,,,,,,,,,,,,,,
asm0341001420,asm03410014200025001,Page 25,Facts and figures about Pan Am World Airways typescript,,,,,,,,,,,,,,,,,,,,
asm0341001420,asm03410014200026001,Page 26,Facts and figures about Pan Am World Airways typescript,,,,,,,,,,,,,,,,,,,,
asm0341001420,asm03410014200027001,Page 27,Facts and figures about Pan Am World Airways typescript,,,,,,,,,,,,,,,,,,,,
asm0341001420,asm03410014200028001,Page 28,Facts and figures about Pan Am World Airways typescript,,,,,,,,,,,,,,,,,,,,
asm0341001420,asm03410014200029001,Page 29,Facts and figures about Pan Am World Airways typescript,,,,,,,,,,,,,,,,,,,,
asm0341001420,asm03410014200030001,Page 30,Facts and figures about Pan Am World Airways typescript,,,,,,,,,,,,,,,,,,,,
asm0341001421,,Inter-office memorandum : Facts and figures - Pan American World Airways,Inter-office memorandum : Facts and figures - Pan American World Airways,,"Ferguson, Robert G.",,,,,Memorandums;,,2/4/1955,,1950-1959,,eng,University of Miami. Library. Special Collections,"Pan American World Airways, Inc. records",ASM0341,Printed Materials: Brochures and Booklets: Other,Box No. 2 of 2; Box Title: Brochures and Booklets: Other 2 of 2; Folder No. 7; Folder Title: Pan Am's Facts and Figures,"This material is protected by copyright. Use for education purposes is permitted. Copyright was originally held by Pan American World Airways, Inc., but was transferred to the University of Miami. The Pan Am brand remains under trademark. For additional information, please visit: https://digitalcollections.library.miami.edu/digital/custom/copyright-guidelines",http://rightsstatements.org/vocab/InC-EDU/1.0/
asm0341001421,asm03410014210001001,Page 1,Inter-office memorandum : Facts and figures - Pan American World Airways,,,,,,,,,,,,,,,,,,,,
asm0341001421,asm03410014210002001,Page 2,Inter-office memorandum : Facts and figures - Pan American World Airways,,,,,,,,,,,,,,,,,,,,
asm0341001421,asm03410014210003001,Page 3,Inter-office memorandum : Facts and figures - Pan American World Airways,,,,,,,,,,,,,,,,,,,,
asm0341001421,asm03410014210004001,Page 4,Inter-office memorandum : Facts and figures - Pan American World Airways,,,,,,,,,,,,,,,,,,,,
asm0341001421,asm03410014210005001,Page 5,Inter-office memorandum : Facts and figures - Pan American World Airways,,,,,,,,,,,,,,,,,,,,
asm0341001421,asm03410014210006001,Page 6,Inter-office memorandum : Facts and figures - Pan American World Airways,,,,,,,,,,,,,,,,,,,,
asm0341001421,asm03410014210007001,Page 7,Inter-office memorandum : Facts and figures - Pan American World Airways,,,,,,,,,,,,,,,,,,,,
asm0341001421,asm03410014210008001,Page 8,Inter-office memorandum : Facts and figures - Pan American World Airways,,,,,,,,,,,,,,,,,,,,
asm0341001421,asm03410014210009001,Page 9,Inter-office memorandum : Facts and figures - Pan American World Airways,,,,,,,,,,,,,,,,,,,,
asm0341001421,asm03410014210010001,Page 10,Inter-office memorandum : Facts and figures - Pan American World Airways,,,,,,,,,,,,,,,,,,,,
asm0341001421,asm03410014210011001,Page 11,Inter-office memorandum : Facts and figures - Pan American World Airways,,,,,,,,,,,,,,,,,,,,
asm0341001421,asm03410014210012001,Page 12,Inter-office memorandum : Facts and figures - Pan American World Airways,,,,,,,,,,,,,,,,,,,,
asm0341001421,asm03410014210013001,Page 13,Inter-office memorandum : Facts and figures - Pan American World Airways,,,,,,,,,,,,,,,,,,,,
asm0341001421,asm03410014210014001,Page 14,Inter-office memorandum : Facts and figures - Pan American World Airways,,,,,,,,,,,,,,,,,,,,
asm0341001421,asm03410014210015001,Page 15,Inter-office memorandum : Facts and figures - Pan American World Airways,,,,,,,,,,,,,,,,,,,,
asm0341001421,asm03410014210016001,Page 16,Inter-office memorandum : Facts and figures - Pan American World Airways,,,,,,,,,,,,,,,,,,,,
asm0341001421,asm03410014210017001,Page 17,Inter-office memorandum : Facts and figures - Pan American World Airways,,,,,,,,,,,,,,,,,,,,
asm0341001421,asm03410014210018001,Page 18,Inter-office memorandum : Facts and figures - Pan American World Airways,,,,,,,,,,,,,,,,,,,,
asm0341001421,asm03410014210019001,Page 19,Inter-office memorandum : Facts and figures - Pan American World Airways,,,,,,,,,,,,,,,,,,,,
asm0341001421,asm03410014210020001,Page 20,Inter-office memorandum : Facts and figures - Pan American World Airways,,,,,,,,,,,,,,,,,,,,
asm0341001421,asm03410014210021001,Page 21,Inter-office memorandum : Facts and figures - Pan American World Airways,,,,,,,,,,,,,,,,,,,,
asm0341001421,asm03410014210022001,Page 22,Inter-office memorandum : Facts and figures - Pan American World Airways,,,,,,,,,,,,,,,,,,,,
asm0341001421,asm03410014210023001,Page 23,Inter-office memorandum : Facts and figures - Pan American World Airways,,,,,,,,,,,,,,,,,,,,
asm0341001421,asm03410014210024001,Page 24,Inter-office memorandum : Facts and figures - Pan American World Airways,,,,,,,,,,,,,,,,,,,,
asm0341001421,asm03410014210025001,Page 25,Inter-office memorandum : Facts and figures - Pan American World Airways,,,,,,,,,,,,,,,,,,,,
asm0341001421,asm03410014210026001,Page 26,Inter-office memorandum : Facts and figures - Pan American World Airways,,,,,,,,,,,,,,,,,,,,
asm0341001421,asm03410014210027001,Page 27,Inter-office memorandum : Facts and figures - Pan American World Airways,,,,,,,,,,,,,,,,,,,,
asm0341001421,asm03410014210028001,Page 28,Inter-office memorandum : Facts and figures - Pan American World Airways,,,,,,,,,,,,,,,,,,,,
asm0341001421,asm03410014210029001,Page 29,Inter-office memorandum : Facts and figures - Pan American World Airways,,,,,,,,,,,,,,,,,,,,
asm0341001421,asm03410014210030001,Page 30,Inter-office memorandum : Facts and figures - Pan American World Airways,,,,,,,,,,,,,,,,,,,,
asm0341001421,asm03410014210031001,Page 31,Inter-office memorandum : Facts and figures - Pan American World Airways,,,,,,,,,,,,,,,,,,,,
asm0341001421,asm03410014210032001,Page 32,Inter-office memorandum : Facts and figures - Pan American World Airways,,,,,,,,,,,,,,,,,,,,
asm0341001421,asm03410014210033001,Page 33,Inter-office memorandum : Facts and figures - Pan American World Airways,,,,,,,,,,,,,,,,,,,,
asm0341001421,asm03410014210034001,Page 34,Inter-office memorandum : Facts and figures - Pan American World Airways,,,,,,,,,,,,,,,,,,,,
asm0341001421,asm03410014210035001,Page 35,Inter-office memorandum : Facts and figures - Pan American World Airways,,,,,,,,,,,,,,,,,,,,
asm0341001421,asm03410014210036001,Page 36,Inter-office memorandum : Facts and figures - Pan American World Airways,,,,,,,,,,,,,,,,,,,,
asm0341001421,asm03410014210037001,Page 37,Inter-office memorandum : Facts and figures - Pan American World Airways,,,,,,,,,,,,,,,,,,,,
asm0341001421,asm03410014210038001,Page 38,Inter-office memorandum : Facts and figures - Pan American World Airways,,,,,,,,,,,,,,,,,,,,
asm0341001421,asm03410014210039001,Page 39,Inter-office memorandum : Facts and figures - Pan American World Airways,,,,,,,,,,,,,,,,,,,,
asm0341001421,asm03410014210040001,Page 40,Inter-office memorandum : Facts and figures - Pan American World Airways,,,,,,,,,,,,,,,,,,,,
asm0341001421,asm03410014210041001,Page 41,Inter-office memorandum : Facts and figures - Pan American World Airways,,,,,,,,,,,,,,,,,,,,
asm0341001421,asm03410014210042001,Page 42,Inter-office memorandum : Facts and figures - Pan American World Airways,,,,,,,,,,,,,,,,,,,,
asm0341001421,asm03410014210043001,Page 43,Inter-office memorandum : Facts and figures - Pan American World Airways,,,,,,,,,,,,,,,,,,,,
asm0341001421,asm03410014210044001,Page 44,Inter-office memorandum : Facts and figures - Pan American World Airways,,,,,,,,,,,,,,,,,,,,
asm0341001421,asm03410014210045001,Page 45,Inter-office memorandum : Facts and figures - Pan American World Airways,,,,,,,,,,,,,,,,,,,,
asm0341001421,asm03410014210046001,Page 46,Inter-office memorandum : Facts and figures - Pan American World Airways,,,,,,,,,,,,,,,,,,,,
asm0341001421,asm03410014210047001,Page 47,Inter-office memorandum : Facts and figures - Pan American World Airways,,,,,,,,,,,,,,,,,,,,
asm0341001421,asm03410014210048001,Page 48,Inter-office memorandum : Facts and figures - Pan American World Airways,,,,,,,,,,,,,,,,,,,,
asm0341001421,asm03410014210049001,Page 49,Inter-office memorandum : Facts and figures - Pan American World Airways,,,,,,,,,,,,,,,,,,,,
asm0341001421,asm03410014210050001,Page 50,Inter-office memorandum : Facts and figures - Pan American World Airways,,,,,,,,,,,,,,,,,,,,
asm0341001421,asm03410014210051001,Page 51,Inter-office memorandum : Facts and figures - Pan American World Airways,,,,,,,,,,,,,,,,,,,,
asm0341001421,asm03410014210052001,Page 52,Inter-office memorandum : Facts and figures - Pan American World Airways,,,,,,,,,,,,,,,,,,,,
asm0341001421,asm03410014210053001,Page 53,Inter-office memorandum : Facts and figures - Pan American World Airways,,,,,,,,,,,,,,,,,,,,
asm0341001421,asm03410014210054001,Page 54,Inter-office memorandum : Facts and figures - Pan American World Airways,,,,,,,,,,,,,,,,,,,,
asm0341001421,asm03410014210055001,Page 55,Inter-office memorandum : Facts and figures - Pan American World Airways,,,,,,,,,,,,,,,,,,,,
asm0341001421,asm03410014210056001,Page 56,Inter-office memorandum : Facts and figures - Pan American World Airways,,,,,,,,,,,,,,,,,,,,
asm0341001421,asm03410014210057001,Page 57,Inter-office memorandum : Facts and figures - Pan American World Airways,,,,,,,,,,,,,,,,,,,,
asm0341001421,asm03410014210058001,Page 58,Inter-office memorandum : Facts and figures - Pan American World Airways,,,,,,,,,,,,,,,,,,,,
asm0341001421,asm03410014210059001,Page 59,Inter-office memorandum : Facts and figures - Pan American World Airways,,,,,,,,,,,,,,,,,,,,
asm0341001421,asm03410014210060001,Page 60,Inter-office memorandum : Facts and figures - Pan American World Airways,,,,,,,,,,,,,,,,,,,,
asm0341001421,asm03410014210061001,Page 61,Inter-office memorandum : Facts and figures - Pan American World Airways,,,,,,,,,,,,,,,,,,,,
asm0341001421,asm03410014210062001,Page 62,Inter-office memorandum : Facts and figures - Pan American World Airways,,,,,,,,,,,,,,,,,,,,
asm0341001421,asm03410014210063001,Page 63,Inter-office memorandum : Facts and figures - Pan American World Airways,,,,,,,,,,,,,,,,,,,,
asm0341001421,asm03410014210064001,Page 64,Inter-office memorandum : Facts and figures - Pan American World Airways,,,,,,,,,,,,,,,,,,,,
asm0341001422,,Inter-office memorandum : Facts and figures - Pan American World Airways,Inter-office memorandum : Facts and figures - Pan American World Airways,,"Ferguson, Robert G.",,,,,Memorandums;,,4/1/1955,,1950-1959,,eng,University of Miami. Library. Special Collections,"Pan American World Airways, Inc. records",ASM0341,Printed Materials: Brochures and Booklets: Other,Box No. 2 of 2; Box Title: Brochures and Booklets: Other 2 of 2; Folder No. 7; Folder Title: Pan Am's Facts and Figures,"This material is protected by copyright. Use for education purposes is permitted. Copyright was originally held by Pan American World Airways, Inc., but was transferred to the University of Miami. The Pan Am brand remains under trademark. For additional information, please visit: https://digitalcollections.library.miami.edu/digital/custom/copyright-guidelines",http://rightsstatements.org/vocab/InC-EDU/1.0/
asm0341001422,asm03410014220001001,Page 1,Inter-office memorandum : Facts and figures - Pan American World Airways,,,,,,,,,,,,,,,,,,,,
asm0341001422,asm03410014220002001,Page 2,Inter-office memorandum : Facts and figures - Pan American World Airways,,,,,,,,,,,,,,,,,,,,
asm0341001422,asm03410014220003001,Page 3,Inter-office memorandum : Facts and figures - Pan American World Airways,,,,,,,,,,,,,,,,,,,,
asm0341001422,asm03410014220004001,Page 4,Inter-office memorandum : Facts and figures - Pan American World Airways,,,,,,,,,,,,,,,,,,,,
asm0341001422,asm03410014220005001,Page 5,Inter-office memorandum : Facts and figures - Pan American World Airways,,,,,,,,,,,,,,,,,,,,
asm0341001422,asm03410014220006001,Page 6,Inter-office memorandum : Facts and figures - Pan American World Airways,,,,,,,,,,,,,,,,,,,,
asm0341001422,asm03410014220007001,Page 7,Inter-office memorandum : Facts and figures - Pan American World Airways,,,,,,,,,,,,,,,,,,,,
asm0341001422,asm03410014220008001,Page 8,Inter-office memorandum : Facts and figures - Pan American World Airways,,,,,,,,,,,,,,,,,,,,
asm0341001422,asm03410014220009001,Page 9,Inter-office memorandum : Facts and figures - Pan American World Airways,,,,,,,,,,,,,,,,,,,,
asm0341001422,asm03410014220010001,Page 10,Inter-office memorandum : Facts and figures - Pan American World Airways,,,,,,,,,,,,,,,,,,,,
asm0341001422,asm03410014220011001,Page 11,Inter-office memorandum : Facts and figures - Pan American World Airways,,,,,,,,,,,,,,,,,,,,
asm0341001422,asm03410014220012001,Page 12,Inter-office memorandum : Facts and figures - Pan American World Airways,,,,,,,,,,,,,,,,,,,,
asm0341001422,asm03410014220013001,Page 13,Inter-office memorandum : Facts and figures - Pan American World Airways,,,,,,,,,,,,,,,,,,,,
asm0341001422,asm03410014220014001,Page 14,Inter-office memorandum : Facts and figures - Pan American World Airways,,,,,,,,,,,,,,,,,,,,
asm0341001422,asm03410014220015001,Page 15,Inter-office memorandum : Facts and figures - Pan American World Airways,,,,,,,,,,,,,,,,,,,,
asm0341001422,asm03410014220016001,Page 16,Inter-office memorandum : Facts and figures - Pan American World Airways,,,,,,,,,,,,,,,,,,,,
asm0341001422,asm03410014220017001,Page 17,Inter-office memorandum : Facts and figures - Pan American World Airways,,,,,,,,,,,,,,,,,,,,
asm0341001422,asm03410014220018001,Page 18,Inter-office memorandum : Facts and figures - Pan American World Airways,,,,,,,,,,,,,,,,,,,,
asm0341001422,asm03410014220019001,Page 19,Inter-office memorandum : Facts and figures - Pan American World Airways,,,,,,,,,,,,,,,,,,,,
asm0341001422,asm03410014220020001,Page 20,Inter-office memorandum : Facts and figures - Pan American World Airways,,,,,,,,,,,,,,,,,,,,
asm0341001422,asm03410014220021001,Page 21,Inter-office memorandum : Facts and figures - Pan American World Airways,,,,,,,,,,,,,,,,,,,,
asm0341001422,asm03410014220022001,Page 22,Inter-office memorandum : Facts and figures - Pan American World Airways,,,,,,,,,,,,,,,,,,,,
asm0341001422,asm03410014220023001,Page 23,Inter-office memorandum : Facts and figures - Pan American World Airways,,,,,,,,,,,,,,,,,,,,
asm0341001422,asm03410014220024001,Page 24,Inter-office memorandum : Facts and figures - Pan American World Airways,,,,,,,,,,,,,,,,,,,,
asm0341001422,asm03410014220025001,Page 25,Inter-office memorandum : Facts and figures - Pan American World Airways,,,,,,,,,,,,,,,,,,,,
asm0341001422,asm03410014220026001,Page 26,Inter-office memorandum : Facts and figures - Pan American World Airways,,,,,,,,,,,,,,,,,,,,
asm0341001422,asm03410014220027001,Page 27,Inter-office memorandum : Facts and figures - Pan American World Airways,,,,,,,,,,,,,,,,,,,,
asm0341001422,asm03410014220028001,Page 28,Inter-office memorandum : Facts and figures - Pan American World Airways,,,,,,,,,,,,,,,,,,,,
asm0341001422,asm03410014220029001,Page 29,Inter-office memorandum : Facts and figures - Pan American World Airways,,,,,,,,,,,,,,,,,,,,
asm0341001422,asm03410014220030001,Page 30,Inter-office memorandum : Facts and figures - Pan American World Airways,,,,,,,,,,,,,,,,,,,,
asm0341001422,asm03410014220031001,Page 31,Inter-office memorandum : Facts and figures - Pan American World Airways,,,,,,,,,,,,,,,,,,,,
asm0341001422,asm03410014220032001,Page 32,Inter-office memorandum : Facts and figures - Pan American World Airways,,,,,,,,,,,,,,,,,,,,
asm0341001422,asm03410014220033001,Page 33,Inter-office memorandum : Facts and figures - Pan American World Airways,,,,,,,,,,,,,,,,,,,,
asm0341001422,asm03410014220034001,Page 34,Inter-office memorandum : Facts and figures - Pan American World Airways,,,,,,,,,,,,,,,,,,,,
asm0341001422,asm03410014220035001,Page 35,Inter-office memorandum : Facts and figures - Pan American World Airways,,,,,,,,,,,,,,,,,,,,
asm0341001422,asm03410014220036001,Page 36,Inter-office memorandum : Facts and figures - Pan American World Airways,,,,,,,,,,,,,,,,,,,,
asm0341001422,asm03410014220037001,Page 37,Inter-office memorandum : Facts and figures - Pan American World Airways,,,,,,,,,,,,,,,,,,,,
asm0341001422,asm03410014220038001,Page 38,Inter-office memorandum : Facts and figures - Pan American World Airways,,,,,,,,,,,,,,,,,,,,
asm0341001422,asm03410014220039001,Page 39,Inter-office memorandum : Facts and figures - Pan American World Airways,,,,,,,,,,,,,,,,,,,,
asm0341001422,asm03410014220040001,Page 40,Inter-office memorandum : Facts and figures - Pan American World Airways,,,,,,,,,,,,,,,,,,,,
asm0341001422,asm03410014220041001,Page 41,Inter-office memorandum : Facts and figures - Pan American World Airways,,,,,,,,,,,,,,,,,,,,
asm0341001422,asm03410014220042001,Page 42,Inter-office memorandum : Facts and figures - Pan American World Airways,,,,,,,,,,,,,,,,,,,,
asm0341001422,asm03410014220043001,Page 43,Inter-office memorandum : Facts and figures - Pan American World Airways,,,,,,,,,,,,,,,,,,,,
asm0341001422,asm03410014220044001,Page 44,Inter-office memorandum : Facts and figures - Pan American World Airways,,,,,,,,,,,,,,,,,,,,
asm0341001422,asm03410014220045001,Page 45,Inter-office memorandum : Facts and figures - Pan American World Airways,,,,,,,,,,,,,,,,,,,,
asm0341001422,asm03410014220046001,Page 46,Inter-office memorandum : Facts and figures - Pan American World Airways,,,,,,,,,,,,,,,,,,,,
asm0341001422,asm03410014220047001,Page 47,Inter-office memorandum : Facts and figures - Pan American World Airways,,,,,,,,,,,,,,,,,,,,
asm0341001422,asm03410014220048001,Page 48,Inter-office memorandum : Facts and figures - Pan American World Airways,,,,,,,,,,,,,,,,,,,,
asm0341001422,asm03410014220049001,Page 49,Inter-office memorandum : Facts and figures - Pan American World Airways,,,,,,,,,,,,,,,,,,,,
asm0341001422,asm03410014220050001,Page 50,Inter-office memorandum : Facts and figures - Pan American World Airways,,,,,,,,,,,,,,,,,,,,
asm0341001422,asm03410014220051001,Page 51,Inter-office memorandum : Facts and figures - Pan American World Airways,,,,,,,,,,,,,,,,,,,,
asm0341001422,asm03410014220052001,Page 52,Inter-office memorandum : Facts and figures - Pan American World Airways,,,,,,,,,,,,,,,,,,,,
asm0341001422,asm03410014220053001,Page 53,Inter-office memorandum : Facts and figures - Pan American World Airways,,,,,,,,,,,,,,,,,,,,
asm0341001422,asm03410014220054001,Page 54,Inter-office memorandum : Facts and figures - Pan American World Airways,,,,,,,,,,,,,,,,,,,,
asm0341001422,asm03410014220055001,Page 55,Inter-office memorandum : Facts and figures - Pan American World Airways,,,,,,,,,,,,,,,,,,,,
asm0341001422,asm03410014220056001,Page 56,Inter-office memorandum : Facts and figures - Pan American World Airways,,,,,,,,,,,,,,,,,,,,
asm0341001422,asm03410014220057001,Page 57,Inter-office memorandum : Facts and figures - Pan American World Airways,,,,,,,,,,,,,,,,,,,,
asm0341001422,asm03410014220058001,Page 58,Inter-office memorandum : Facts and figures - Pan American World Airways,,,,,,,,,,,,,,,,,,,,
asm0341001422,asm03410014220059001,Page 59,Inter-office memorandum : Facts and figures - Pan American World Airways,,,,,,,,,,,,,,,,,,,,
asm0341001422,asm03410014220060001,Page 60,Inter-office memorandum : Facts and figures - Pan American World Airways,,,,,,,,,,,,,,,,,,,,
asm0341001422,asm03410014220061001,Page 61,Inter-office memorandum : Facts and figures - Pan American World Airways,,,,,,,,,,,,,,,,,,,,
asm0341001422,asm03410014220062001,Page 62,Inter-office memorandum : Facts and figures - Pan American World Airways,,,,,,,,,,,,,,,,,,,,
asm0341001422,asm03410014220063001,Page 63,Inter-office memorandum : Facts and figures - Pan American World Airways,,,,,,,,,,,,,,,,,,,,
asm0341001422,asm03410014220064001,Page 64,Inter-office memorandum : Facts and figures - Pan American World Airways,,,,,,,,,,,,,,,,,,,,
asm0341001422,asm03410014220065001,Page 65,Inter-office memorandum : Facts and figures - Pan American World Airways,,,,,,,,,,,,,,,,,,,,
asm0341001422,asm03410014220066001,Page 66,Inter-office memorandum : Facts and figures - Pan American World Airways,,,,,,,,,,,,,,,,,,,,
asm0341001423,asm03410014230001001,"Russell B. Adams facts and figures memorandum to John C. Leslie, July 21, 1955",Inter-office memorandum : Facts and figures - Pan American World Airways,,Russell B. Adams,,,,,Memorandums;,,7/21/1955,,1950-1959,,eng,University of Miami. Library. Special Collections,"Pan American World Airways, Inc. records",ASM0341,Printed Materials: Brochures and Booklets: Other,Box No. 2 of 2; Box Title: Brochures and Booklets: Other 2 of 2; Folder No. 7; Folder Title: Pan Am's Facts and Figures,"This material is protected by copyright. Use for education purposes is permitted. Copyright was originally held by Pan American World Airways, Inc., but was transferred to the University of Miami. The Pan Am brand remains under trademark. For additional information, please visit: https://digitalcollections.library.miami.edu/digital/custom/copyright-guidelines",http://rightsstatements.org/vocab/InC-EDU/1.0/
asm0341001424,asm03410014240001001,"H. E. Gray facts and figures memorandum to John C. Leslie, June 23, 1955",Inter-office memorandum : Facts and figures - Pan American World Airways,,"Gray, Harold E.",,,,,Memorandums;,,6/23/1955,,1950-1959,,eng,University of Miami. Library. Special Collections,"Pan American World Airways, Inc. records",ASM0341,Printed Materials: Brochures and Booklets: Other,Box No. 2 of 2; Box Title: Brochures and Booklets: Other 2 of 2; Folder No. 7; Folder Title: Pan Am's Facts and Figures,"This material is protected by copyright. Use for education purposes is permitted. Copyright was originally held by Pan American World Airways, Inc., but was transferred to the University of Miami. The Pan Am brand remains under trademark. For additional information, please visit: https://digitalcollections.library.miami.edu/digital/custom/copyright-guidelines",http://rightsstatements.org/vocab/InC-EDU/1.0/
asm0341001425,,Memorandums regarding Facts and figures book - employees,Memorandums regarding Facts and figures book - employees,,"Morrison, W. L.; Woodbridge, John Sylvester; Young, Clarence M.; Lipscomb, Willis G.; Leslie, John C.",,,,,Memorandums;,,1955,,1950-1959,,eng,University of Miami. Library. Special Collections,"Pan American World Airways, Inc. records",ASM0341,Printed Materials: Brochures and Booklets: Other,Box No. 2 of 2; Box Title: Brochures and Booklets: Other 2 of 2; Folder No. 7; Folder Title: Pan Am's Facts and Figures,"This material is protected by copyright. Use for education purposes is permitted. Copyright was originally held by Pan American World Airways, Inc., but was transferred to the University of Miami. The Pan Am brand remains under trademark. For additional information, please visit: https://digitalcollections.library.miami.edu/digital/custom/copyright-guidelines",http://rightsstatements.org/vocab/InC-EDU/1.0/
asm0341001425,asm03410014250001001,Page 1,Memorandums regarding Facts and figures book - employees,,,,,,,,,,,,,,,,,,,,
asm0341001425,asm03410014250002001,Page 2,Memorandums regarding Facts and figures book - employees,,,,,,,,,,,,,,,,,,,,
asm0341001425,asm03410014250003001,Page 3,Memorandums regarding Facts and figures book - employees,,,,,,,,,,,,,,,,,,,,
asm0341001425,asm03410014250004001,Page 4,Memorandums regarding Facts and figures book - employees,,,,,,,,,,,,,,,,,,,,
asm0341001425,asm03410014250005001,Page 5,Memorandums regarding Facts and figures book - employees,,,,,,,,,,,,,,,,,,,,
asm0341001425,asm03410014250006001,Page 6,Memorandums regarding Facts and figures book - employees,,,,,,,,,,,,,,,,,,,,
asm0341001425,asm03410014250007001,Page 7,Memorandums regarding Facts and figures book - employees,,,,,,,,,,,,,,,,,,,,
asm0341001425,asm03410014250008001,Page 8,Memorandums regarding Facts and figures book - employees,,,,,,,,,,,,,,,,,,,,
asm0341001426,asm03410014260001001,"Milton W. Arnold letter to John C. Leslie, April 21, 1955",Memorandums regarding Facts and figures book - employees,,"Arnold, Milton W.",,,,,Correspondence,,4/21/1955,,1950-1959,,eng,University of Miami. Library. Special Collections,"Pan American World Airways, Inc. records",ASM0341,Printed Materials: Brochures and Booklets: Other,Box No. 2 of 2; Box Title: Brochures and Booklets: Other 2 of 2; Folder No. 7; Folder Title: Pan Am's Facts and Figures,"This material is protected by copyright. Use for education purposes is permitted. Copyright was originally held by Pan American World Airways, Inc., but was transferred to the University of Miami. The Pan Am brand remains under trademark. For additional information, please visit: https://digitalcollections.library.miami.edu/digital/custom/copyright-guidelines",http://rightsstatements.org/vocab/InC-EDU/1.0/
asm0341001427,,Facts and figures booklet memorandums,Facts and figures booklet memorandums,,,,,,,Memorandums;,,1955,,1950-1959,,eng,University of Miami. Library. Special Collections,"Pan American World Airways, Inc. records",ASM0341,Printed Materials: Brochures and Booklets: Other,Box No. 2 of 2; Box Title: Brochures and Booklets: Other 2 of 2; Folder No. 7; Folder Title: Pan Am's Facts and Figures,"This material is protected by copyright. Use for education purposes is permitted. Copyright was originally held by Pan American World Airways, Inc., but was transferred to the University of Miami. The Pan Am brand remains under trademark. For additional information, please visit: https://digitalcollections.library.miami.edu/digital/custom/copyright-guidelines",http://rightsstatements.org/vocab/InC-EDU/1.0/
asm0341001427,asm03410014270001001,Page 1,Facts and figures booklet memorandums,,,,,,,,,,,,,,,,,,,,
asm0341001427,asm03410014270002001,Page 2,Facts and figures booklet memorandums,,,,,,,,,,,,,,,,,,,,
asm0341001428,,"Henry J. Friendly facts and figures pamphlet memorandum to John C. Leslie, February 25, 1955","Henry J. Friendly facts and figures pamphlet memorandum to John C. Leslie, February 25, 1955",,"Friendly, Henry J.",,,,,Memorandums;,,2/5/1955,,1950-1959,,eng,University of Miami. Library. Special Collections,"Pan American World Airways, Inc. records",ASM0341,Printed Materials: Brochures and Booklets: Other,Box No. 2 of 2; Box Title: Brochures and Booklets: Other 2 of 2; Folder No. 7; Folder Title: Pan Am's Facts and Figures,"This material is protected by copyright. Use for education purposes is permitted. Copyright was originally held by Pan American World Airways, Inc., but was transferred to the University of Miami. The Pan Am brand remains under trademark. For additional information, please visit: https://digitalcollections.library.miami.edu/digital/custom/copyright-guidelines",http://rightsstatements.org/vocab/InC-EDU/1.0/
asm0341001428,asm03410014280001001,Page 1,"Henry J. Friendly facts and figures pamphlet memorandum to John C. Leslie, February 25, 1955",,,,,,,,,,,,,,,,,,,,
asm0341001428,asm03410014280002001,Page 2,"Henry J. Friendly facts and figures pamphlet memorandum to John C. Leslie, February 25, 1955",,,,,,,,,,,,,,,,,,,,
asm0341001428,asm03410014280003001,Page 3,"Henry J. Friendly facts and figures pamphlet memorandum to John C. Leslie, February 25, 1955",,,,,,,,,,,,,,,,,,,,
asm0341001428,asm03410014280004001,Page 4,"Henry J. Friendly facts and figures pamphlet memorandum to John C. Leslie, February 25, 1955",,,,,,,,,,,,,,,,,,,,
asm0341001428,asm03410014280005001,Page 5,"Henry J. Friendly facts and figures pamphlet memorandum to John C. Leslie, February 25, 1955",,,,,,,,,,,,,,,,,,,,
asm0341001429,asm03410014290001001,"E. G. Rothrock facts and figures memorandum, February 25, 1955","Henry J. Friendly facts and figures pamphlet memorandum to John C. Leslie, February 25, 1955",,"Rothrock, E. G.",,,,,Memorandums;,,2/25/1955,,1950-1959,,eng,University of Miami. Library. Special Collections,"Pan American World Airways, Inc. records",ASM0341,Printed Materials: Brochures and Booklets: Other,Box No. 2 of 2; Box Title: Brochures and Booklets: Other 2 of 2; Folder No. 7; Folder Title: Pan Am's Facts and Figures,"This material is protected by copyright. Use for education purposes is permitted. Copyright was originally held by Pan American World Airways, Inc., but was transferred to the University of Miami. The Pan Am brand remains under trademark. For additional information, please visit: https://digitalcollections.library.miami.edu/digital/custom/copyright-guidelines",http://rightsstatements.org/vocab/InC-EDU/1.0/
asm0341001430,,"John C. Leslie facts and figures booklet memorandum to Vice President Lipscomb, February 16, 1955","John C. Leslie facts and figures booklet memorandum to Vice President Lipscomb, February 16, 1955",,"Leslie, John C.",,,,,Memorandums;,,2/16/1955,,1950-1959,,eng,University of Miami. Library. Special Collections,"Pan American World Airways, Inc. records",ASM0341,Printed Materials: Brochures and Booklets: Other,Box No. 2 of 2; Box Title: Brochures and Booklets: Other 2 of 2; Folder No. 7; Folder Title: Pan Am's Facts and Figures,"This material is protected by copyright. Use for education purposes is permitted. Copyright was originally held by Pan American World Airways, Inc., but was transferred to the University of Miami. The Pan Am brand remains under trademark. For additional information, please visit: https://digitalcollections.library.miami.edu/digital/custom/copyright-guidelines",http://rightsstatements.org/vocab/InC-EDU/1.0/
asm0341001430,asm03410014300001001,Page 1,"John C. Leslie facts and figures booklet memorandum to Vice President Lipscomb, February 16, 1955",,,,,,,,,,,,,,,,,,,,
asm0341001430,asm03410014300002001,Page 2,"John C. Leslie facts and figures booklet memorandum to Vice President Lipscomb, February 16, 1955",,,,,,,,,,,,,,,,,,,,
asm0341001431,,John C. Leslie facts and figures booklet memorandums,John C. Leslie facts and figures booklet memorandums,,"Leslie, John C.",,,,,Memorandums;,,2/16/1955,,1950-1959,,eng,University of Miami. Library. Special Collections,"Pan American World Airways, Inc. records",ASM0341,Printed Materials: Brochures and Booklets: Other,Box No. 2 of 2; Box Title: Brochures and Booklets: Other 2 of 2; Folder No. 7; Folder Title: Pan Am's Facts and Figures,"This material is protected by copyright. Use for education purposes is permitted. Copyright was originally held by Pan American World Airways, Inc., but was transferred to the University of Miami. The Pan Am brand remains under trademark. For additional information, please visit: https://digitalcollections.library.miami.edu/digital/custom/copyright-guidelines",http://rightsstatements.org/vocab/InC-EDU/1.0/
asm0341001431,asm03410014310001001,Page 1,John C. Leslie facts and figures booklet memorandums,,,,,,,,,,,,,,,,,,,,
asm0341001431,asm03410014310002001,Page 2,John C. Leslie facts and figures booklet memorandums,,,,,,,,,,,,,,,,,,,,
asm0341001431,asm03410014310003001,Page 3,John C. Leslie facts and figures booklet memorandums,,,,,,,,,,,,,,,,,,,,
asm0341001432,asm03410014320001001,"John C. Leslie facts and figures booklet memorandum to JTT, January 4, 1955",John C. Leslie facts and figures booklet memorandums,,"Leslie, John C.",,,,,Memorandums;,,1/4/1955,,1950-1959,,eng,University of Miami. Library. Special Collections,"Pan American World Airways, Inc. records",ASM0341,Printed Materials: Brochures and Booklets: Other,Box No. 2 of 2; Box Title: Brochures and Booklets: Other 2 of 2; Folder No. 7; Folder Title: Pan Am's Facts and Figures,"This material is protected by copyright. Use for education purposes is permitted. Copyright was originally held by Pan American World Airways, Inc., but was transferred to the University of Miami. The Pan Am brand remains under trademark. For additional information, please visit: https://digitalcollections.library.miami.edu/digital/custom/copyright-guidelines",http://rightsstatements.org/vocab/InC-EDU/1.0/
asm0341001433,,"Pan Am management club program, 1973-1974","Pan Am management club program, 1973-1974",,"Pan American World Airways, Inc.",,,,,Brochures; Promotional materials;,,3/26/1974,,1970-1979,Miami (Fla.),eng,University of Miami. Library. Special Collections,"Pan American World Airways, Inc. records",ASM0341,Printed Materials: Brochures and Booklets: Other,Box No. 2 of 2; Box Title: Brochures and Booklets: Other 2 of 2; Folder No. 8; Folder Title: Brochures - 1959,"This material is in the public domain in the United States. The Pan Am brand remains under trademark. For additional information, please visit: https://digitalcollections.library.miami.edu/digital/custom/copyright-guidelines",http://rightsstatements.org/vocab/NoC-US/1.0/
asm0341001433,asm03410014330001001,Page 1,"Pan Am management club program, 1973-1974",,,,,,,,,,,,,,,,,,,,
asm0341001433,asm03410014330002001,Page 2,"Pan Am management club program, 1973-1974",,,,,,,,,,,,,,,,,,,,
asm0341001434,,"Proudly presenting the new Los Angeles office of Mexico's first and largest airline opening June 1, 1959","Proudly presenting the new Los Angeles office of Mexico's first and largest airline opening June 1, 1959",,Mexicana (Airline company);,,,,,Brochures; Promotional materials;,,1959,,1950-1959,Los Angeles (Calif.),eng,University of Miami. Library. Special Collections,"Pan American World Airways, Inc. records",ASM0341,Printed Materials: Brochures and Booklets: Other,Box No. 2 of 2; Box Title: Brochures and Booklets: Other 2 of 2; Folder No. 8; Folder Title: Brochures - 1959,"This material is in the public domain in the United States. The Pan Am brand remains under trademark. For additional information, please visit: https://digitalcollections.library.miami.edu/digital/custom/copyright-guidelines",http://rightsstatements.org/vocab/NoC-US/1.0/
asm0341001434,asm03410014340001001,Page 1,"Proudly presenting the new Los Angeles office of Mexico's first and largest airline opening June 1, 1959",,,,,,,,,,,,,,,,,,,,
asm0341001434,asm03410014340002001,Page 2,"Proudly presenting the new Los Angeles office of Mexico's first and largest airline opening June 1, 1959",,,,,,,,,,,,,,,,,,,,
asm0341001435,,Pan Am story,Pan Am story,,"Pan American World Airways, Inc.",,,,,Brochures; Promotional materials;,,1969-08,,1960-1969,,eng,University of Miami. Library. Special Collections,"Pan American World Airways, Inc. records",ASM0341,Printed Materials: Brochures and Booklets: Other,Box No. 2 of 2; Box Title: Brochures and Booklets: Other 2 of 2; Folder No. 9; Folder Title: Company History Brochures,"This material is protected by copyright. Use for education purposes is permitted. Copyright was originally held by Pan American World Airways, Inc., but was transferred to the University of Miami. The Pan Am brand remains under trademark. For additional information, please visit: https://digitalcollections.library.miami.edu/digital/custom/copyright-guidelines",http://rightsstatements.org/vocab/InC-EDU/1.0/
asm0341001435,asm03410014350001001,Page 1,Pan Am story,,,,,,,,,,,,,,,,,,,,
asm0341001435,asm03410014350002001,Page 2,Pan Am story,,,,,,,,,,,,,,,,,,,,
asm0341001435,asm03410014350003001,Page 3,Pan Am story,,,,,,,,,,,,,,,,,,,,
asm0341001435,asm03410014350004001,Page 4,Pan Am story,,,,,,,,,,,,,,,,,,,,
asm0341001435,asm03410014350005001,Page 5,Pan Am story,,,,,,,,,,,,,,,,,,,,
asm0341001435,asm03410014350006001,Page 6,Pan Am story,,,,,,,,,,,,,,,,,,,,
asm0341001435,asm03410014350007001,Page 7,Pan Am story,,,,,,,,,,,,,,,,,,,,
asm0341001435,asm03410014350008001,Page 8,Pan Am story,,,,,,,,,,,,,,,,,,,,
asm0341001435,asm03410014350009001,Page 9,Pan Am story,,,,,,,,,,,,,,,,,,,,
asm0341001435,asm03410014350010001,Page 10,Pan Am story,,,,,,,,,,,,,,,,,,,,
asm0341001435,asm03410014350011001,Page 11,Pan Am story,,,,,,,,,,,,,,,,,,,,
asm0341001435,asm03410014350012001,Page 12,Pan Am story,,,,,,,,,,,,,,,,,,,,
asm0341001436,,Pan american presents a great new idea in air travel,Pan american presents a great new idea in air travel,,"Pan American World Airways, Inc.",,,,,Brochures; Promotional materials;,,,,,,eng,University of Miami. Library. Special Collections,"Pan American World Airways, Inc. records",ASM0341,Printed Materials: Brochures and Booklets: Other,Box No. 2 of 2; Box Title: Brochures and Booklets: Other 2 of 2; Folder No. 9; Folder Title: Company History Brochures,"The copyright and related rights status of this material is unknown. The Pan Am brand remains under trademark. For additional information, please visit: https://digitalcollections.library.miami.edu/digital/custom/copyright-guidelines",http://rightsstatements.org/vocab/UND/1.0/
asm0341001436,asm03410014360001001,Page 1,Pan american presents a great new idea in air travel,,,,,,,,,,,,,,,,,,,,
asm0341001436,asm03410014360002001,Page 2,Pan american presents a great new idea in air travel,,,,,,,,,,,,,,,,,,,,
asm0341001436,asm03410014360003001,Page 3,Pan american presents a great new idea in air travel,,,,,,,,,,,,,,,,,,,,
asm0341001437,,"Flying clipperwise in your double decked ""Strato"" Clipper","Flying clipperwise in your double decked ""Strato"" Clipper",,"Pan American World Airways, Inc.",,,,,Brochures; Promotional materials;,,1951,,1950-1959,,eng,University of Miami. Library. Special Collections,"Pan American World Airways, Inc. records",ASM0341,Printed Materials: Brochures and Booklets: Other,Box No. 2 of 2; Box Title: Brochures and Booklets: Other 2 of 2; Folder No. 9; Folder Title: Company History Brochures,"This material is in the public domain in the United States. The Pan Am brand remains under trademark. For additional information, please visit: https://digitalcollections.library.miami.edu/digital/custom/copyright-guidelines",http://rightsstatements.org/vocab/NoC-US/1.0/
asm0341001437,asm03410014370001001,Page 1,"Flying clipperwise in your double decked ""Strato"" Clipper",,,,,,,,,,,,,,,,,,,,
asm0341001437,asm03410014370002001,Page 2,"Flying clipperwise in your double decked ""Strato"" Clipper",,,,,,,,,,,,,,,,,,,,
asm0341001437,asm03410014370003001,Page 3,"Flying clipperwise in your double decked ""Strato"" Clipper",,,,,,,,,,,,,,,,,,,,
asm0341001437,asm03410014370004001,Page 4,"Flying clipperwise in your double decked ""Strato"" Clipper",,,,,,,,,,,,,,,,,,,,
asm0341001437,asm03410014370005001,Page 5,"Flying clipperwise in your double decked ""Strato"" Clipper",,,,,,,,,,,,,,,,,,,,
asm0341001437,asm03410014370006001,Page 6,"Flying clipperwise in your double decked ""Strato"" Clipper",,,,,,,,,,,,,,,,,,,,
asm0341001437,asm03410014370007001,Page 7,"Flying clipperwise in your double decked ""Strato"" Clipper",,,,,,,,,,,,,,,,,,,,
asm0341001437,asm03410014370008001,Page 8,"Flying clipperwise in your double decked ""Strato"" Clipper",,,,,,,,,,,,,,,,,,,,
asm0341001437,asm03410014370009001,Page 9,"Flying clipperwise in your double decked ""Strato"" Clipper",,,,,,,,,,,,,,,,,,,,
asm0341001437,asm03410014370010001,Page 10,"Flying clipperwise in your double decked ""Strato"" Clipper",,,,,,,,,,,,,,,,,,,,
asm0341001437,asm03410014370011001,Page 11,"Flying clipperwise in your double decked ""Strato"" Clipper",,,,,,,,,,,,,,,,,,,,
asm0341001437,asm03410014370012001,Page 12,"Flying clipperwise in your double decked ""Strato"" Clipper",,,,,,,,,,,,,,,,,,,,
asm0341001437,asm03410014370013001,Page 13,"Flying clipperwise in your double decked ""Strato"" Clipper",,,,,,,,,,,,,,,,,,,,
asm0341001437,asm03410014370014001,Page 14,"Flying clipperwise in your double decked ""Strato"" Clipper",,,,,,,,,,,,,,,,,,,,
asm0341001437,asm03410014370015001,Page 15,"Flying clipperwise in your double decked ""Strato"" Clipper",,,,,,,,,,,,,,,,,,,,
asm0341001437,asm03410014370016001,Page 16,"Flying clipperwise in your double decked ""Strato"" Clipper",,,,,,,,,,,,,,,,,,,,
asm0341001437,asm03410014370017001,Page 17,"Flying clipperwise in your double decked ""Strato"" Clipper",,,,,,,,,,,,,,,,,,,,
asm0341001437,asm03410014370018001,Page 18,"Flying clipperwise in your double decked ""Strato"" Clipper",,,,,,,,,,,,,,,,,,,,
asm0341001437,asm03410014370019001,Page 19,"Flying clipperwise in your double decked ""Strato"" Clipper",,,,,,,,,,,,,,,,,,,,
asm0341001437,asm03410014370020001,Page 20,"Flying clipperwise in your double decked ""Strato"" Clipper",,,,,,,,,,,,,,,,,,,,
asm0341001437,asm03410014370021001,Page 21,"Flying clipperwise in your double decked ""Strato"" Clipper",,,,,,,,,,,,,,,,,,,,
asm0341001437,asm03410014370022001,Page 22,"Flying clipperwise in your double decked ""Strato"" Clipper",,,,,,,,,,,,,,,,,,,,
asm0341001437,asm03410014370023001,Page 23,"Flying clipperwise in your double decked ""Strato"" Clipper",,,,,,,,,,,,,,,,,,,,
asm0341001437,asm03410014370024001,Page 24,"Flying clipperwise in your double decked ""Strato"" Clipper",,,,,,,,,,,,,,,,,,,,
asm0341001437,asm03410014370025001,Page 25,"Flying clipperwise in your double decked ""Strato"" Clipper",,,,,,,,,,,,,,,,,,,,
asm0341001437,asm03410014370026001,Page 26,"Flying clipperwise in your double decked ""Strato"" Clipper",,,,,,,,,,,,,,,,,,,,
asm0341001437,asm03410014370027001,Page 27,"Flying clipperwise in your double decked ""Strato"" Clipper",,,,,,,,,,,,,,,,,,,,
asm0341001437,asm03410014370028001,Page 28,"Flying clipperwise in your double decked ""Strato"" Clipper",,,,,,,,,,,,,,,,,,,,
asm0341001438,asm03410014380001001,First flight certificate San Francisco terminal,"Flying clipperwise in your double decked ""Strato"" Clipper",,"Pan American World Airways, Inc.",,,,,Certificates; Promotional materials;,,9/1/1954,,1950-1959,San Francisco (Calif.),eng,University of Miami. Library. Special Collections,"Pan American World Airways, Inc. records",ASM0341,Printed Materials: Brochures and Booklets: Other,Box No. 2 of 2; Box Title: Brochures and Booklets: Other 2 of 2; Folder No. 9; Folder Title: Company History Brochures,"This material is in the public domain in the United States. The Pan Am brand remains under trademark. For additional information, please visit: https://digitalcollections.library.miami.edu/digital/custom/copyright-guidelines",http://rightsstatements.org/vocab/NoC-US/1.0/
asm0341001439,,Histoire de la Pan American World Airways,Histoire de la Pan American World Airways,,"Pan American World Airways, Inc.",,,,,Booklets; Promotional materials;,,,,,France,fre,University of Miami. Library. Special Collections,"Pan American World Airways, Inc. records",ASM0341,Printed Materials: Brochures and Booklets: Other,Box No. 2 of 2; Box Title: Brochures and Booklets: Other 2 of 2; Folder No. 9; Folder Title: Company History Brochures,"The copyright and related rights status of this material is unknown. The Pan Am brand remains under trademark. For additional information, please visit: https://digitalcollections.library.miami.edu/digital/custom/copyright-guidelines",http://rightsstatements.org/vocab/UND/1.0/
asm0341001439,asm03410014390001001,Page 1,Histoire de la Pan American World Airways,,,,,,,,,,,,,,,,,,,,
asm0341001439,asm03410014390002001,Page 2,Histoire de la Pan American World Airways,,,,,,,,,,,,,,,,,,,,
asm0341001439,asm03410014390003001,Page 3,Histoire de la Pan American World Airways,,,,,,,,,,,,,,,,,,,,
asm0341001439,asm03410014390004001,Page 4,Histoire de la Pan American World Airways,,,,,,,,,,,,,,,,,,,,
asm0341001439,asm03410014390005001,Page 5,Histoire de la Pan American World Airways,,,,,,,,,,,,,,,,,,,,
asm0341001439,asm03410014390006001,Page 6,Histoire de la Pan American World Airways,,,,,,,,,,,,,,,,,,,,
asm0341001439,asm03410014390007001,Page 7,Histoire de la Pan American World Airways,,,,,,,,,,,,,,,,,,,,
asm0341001439,asm03410014390008001,Page 8,Histoire de la Pan American World Airways,,,,,,,,,,,,,,,,,,,,
asm0341001439,asm03410014390009001,Page 9,Histoire de la Pan American World Airways,,,,,,,,,,,,,,,,,,,,
asm0341001439,asm03410014390010001,Page 10,Histoire de la Pan American World Airways,,,,,,,,,,,,,,,,,,,,
asm0341001439,asm03410014390011001,Page 11,Histoire de la Pan American World Airways,,,,,,,,,,,,,,,,,,,,
asm0341001439,asm03410014390012001,Page 12,Histoire de la Pan American World Airways,,,,,,,,,,,,,,,,,,,,
asm0341001439,asm03410014390013001,Page 13,Histoire de la Pan American World Airways,,,,,,,,,,,,,,,,,,,,
asm0341001439,asm03410014390014001,Page 14,Histoire de la Pan American World Airways,,,,,,,,,,,,,,,,,,,,
asm0341001439,asm03410014390015001,Page 15,Histoire de la Pan American World Airways,,,,,,,,,,,,,,,,,,,,
asm0341001439,asm03410014390016001,Page 16,Histoire de la Pan American World Airways,,,,,,,,,,,,,,,,,,,,
asm0341001439,asm03410014390017001,Page 17,Histoire de la Pan American World Airways,,,,,,,,,,,,,,,,,,,,
asm0341001439,asm03410014390018001,Page 18,Histoire de la Pan American World Airways,,,,,,,,,,,,,,,,,,,,
asm0341001439,asm03410014390019001,Page 19,Histoire de la Pan American World Airways,,,,,,,,,,,,,,,,,,,,
asm0341001439,asm03410014390020001,Page 20,Histoire de la Pan American World Airways,,,,,,,,,,,,,,,,,,,,
asm0341001439,asm03410014390021001,Page 21,Histoire de la Pan American World Airways,,,,,,,,,,,,,,,,,,,,
asm0341001439,asm03410014390022001,Page 22,Histoire de la Pan American World Airways,,,,,,,,,,,,,,,,,,,,
asm0341001439,asm03410014390023001,Page 23,Histoire de la Pan American World Airways,,,,,,,,,,,,,,,,,,,,
asm0341001439,asm03410014390024001,Page 24,Histoire de la Pan American World Airways,,,,,,,,,,,,,,,,,,,,
asm0341001439,asm03410014390025001,Page 25,Histoire de la Pan American World Airways,,,,,,,,,,,,,,,,,,,,
asm0341001439,asm03410014390026001,Page 26,Histoire de la Pan American World Airways,,,,,,,,,,,,,,,,,,,,
asm0341001439,asm03410014390027001,Page 27,Histoire de la Pan American World Airways,,,,,,,,,,,,,,,,,,,,
asm0341001439,asm03410014390028001,Page 28,Histoire de la Pan American World Airways,,,,,,,,,,,,,,,,,,,,
asm0341001439,asm03410014390029001,Page 29,Histoire de la Pan American World Airways,,,,,,,,,,,,,,,,,,,,
asm0341001439,asm03410014390030001,Page 30,Histoire de la Pan American World Airways,,,,,,,,,,,,,,,,,,,,
asm0341001439,asm03410014390031001,Page 31,Histoire de la Pan American World Airways,,,,,,,,,,,,,,,,,,,,
asm0341001439,asm03410014390032001,Page 32,Histoire de la Pan American World Airways,,,,,,,,,,,,,,,,,,,,
asm0341001439,asm03410014390033001,Page 33,Histoire de la Pan American World Airways,,,,,,,,,,,,,,,,,,,,
asm0341001439,asm03410014390034001,Page 34,Histoire de la Pan American World Airways,,,,,,,,,,,,,,,,,,,,
asm0341001439,asm03410014390035001,Page 35,Histoire de la Pan American World Airways,,,,,,,,,,,,,,,,,,,,
asm0341001439,asm03410014390036001,Page 36,Histoire de la Pan American World Airways,,,,,,,,,,,,,,,,,,,,
asm0341001439,asm03410014390037001,Page 37,Histoire de la Pan American World Airways,,,,,,,,,,,,,,,,,,,,
asm0341001439,asm03410014390038001,Page 38,Histoire de la Pan American World Airways,,,,,,,,,,,,,,,,,,,,
asm0341001439,asm03410014390039001,Page 39,Histoire de la Pan American World Airways,,,,,,,,,,,,,,,,,,,,
asm0341001439,asm03410014390040001,Page 40,Histoire de la Pan American World Airways,,,,,,,,,,,,,,,,,,,,
asm0341001439,asm03410014390041001,Page 41,Histoire de la Pan American World Airways,,,,,,,,,,,,,,,,,,,,
asm0341001439,asm03410014390042001,Page 42,Histoire de la Pan American World Airways,,,,,,,,,,,,,,,,,,,,
asm0341001439,asm03410014390043001,Page 43,Histoire de la Pan American World Airways,,,,,,,,,,,,,,,,,,,,
asm0341001439,asm03410014390044001,Page 44,Histoire de la Pan American World Airways,,,,,,,,,,,,,,,,,,,,
asm0341001439,asm03410014390045001,Page 45,Histoire de la Pan American World Airways,,,,,,,,,,,,,,,,,,,,
asm0341001439,asm03410014390046001,Page 46,Histoire de la Pan American World Airways,,,,,,,,,,,,,,,,,,,,
asm0341001439,asm03410014390047001,Page 47,Histoire de la Pan American World Airways,,,,,,,,,,,,,,,,,,,,
asm0341001439,asm03410014390048001,Page 48,Histoire de la Pan American World Airways,,,,,,,,,,,,,,,,,,,,
asm0341001439,asm03410014390049001,Page 49,Histoire de la Pan American World Airways,,,,,,,,,,,,,,,,,,,,
asm0341001439,asm03410014390050001,Page 50,Histoire de la Pan American World Airways,,,,,,,,,,,,,,,,,,,,
asm0341001439,asm03410014390051001,Page 51,Histoire de la Pan American World Airways,,,,,,,,,,,,,,,,,,,,
asm0341001439,asm03410014390052001,Page 52,Histoire de la Pan American World Airways,,,,,,,,,,,,,,,,,,,,
asm0341001439,asm03410014390053001,Page 53,Histoire de la Pan American World Airways,,,,,,,,,,,,,,,,,,,,
asm0341001439,asm03410014390054001,Page 54,Histoire de la Pan American World Airways,,,,,,,,,,,,,,,,,,,,
asm0341001439,asm03410014390055001,Page 55,Histoire de la Pan American World Airways,,,,,,,,,,,,,,,,,,,,
asm0341001439,asm03410014390056001,Page 56,Histoire de la Pan American World Airways,,,,,,,,,,,,,,,,,,,,
asm0341001439,asm03410014390057001,Page 57,Histoire de la Pan American World Airways,,,,,,,,,,,,,,,,,,,,
asm0341001439,asm03410014390058001,Page 58,Histoire de la Pan American World Airways,,,,,,,,,,,,,,,,,,,,
asm0341001440,,Parade of progress,Parade of progress,,"Pan American World Airways, Inc.",,,,,Brochures; Promotional materials;,,3/15/1946,,1940-1949,,eng,University of Miami. Library. Special Collections,"Pan American World Airways, Inc. records",ASM0341,Printed Materials: Brochures and Booklets: Other,Box No. 2 of 2; Box Title: Brochures and Booklets: Other 2 of 2; Folder No. 9; Folder Title: Company History Brochures,"This material is in the public domain in the United States. The Pan Am brand remains under trademark. For additional information, please visit: https://digitalcollections.library.miami.edu/digital/custom/copyright-guidelines",http://rightsstatements.org/vocab/NoC-US/1.0/
asm0341001440,asm03410014400001001,Page 1,Parade of progress,,,,,,,,,,,,,,,,,,,,
asm0341001440,asm03410014400002001,Page 2,Parade of progress,,,,,,,,,,,,,,,,,,,,
asm0341001440,asm03410014400003001,Page 3,Parade of progress,,,,,,,,,,,,,,,,,,,,
asm0341001440,asm03410014400004001,Page 4,Parade of progress,,,,,,,,,,,,,,,,,,,,
asm0341001440,asm03410014400005001,Page 5,Parade of progress,,,,,,,,,,,,,,,,,,,,
asm0341001440,asm03410014400006001,Page 6,Parade of progress,,,,,,,,,,,,,,,,,,,,
asm0341001440,asm03410014400007001,Page 7,Parade of progress,,,,,,,,,,,,,,,,,,,,
asm0341001440,asm03410014400008001,Page 8,Parade of progress,,,,,,,,,,,,,,,,,,,,
asm0341001441,,"20 years of progress : history of the Pacific-Alaska Division, Pan American World Airways","20 years of progress : history of the Pacific-Alaska Division, Pan American World Airways",,"Pan American World Airways, Inc.",,,,"Pan American World Airways, Inc. Pacific-Alaska Division -- History;",Booklets;,,1955-11,,1950-1959,Pacific Area; Alaska,eng,University of Miami. Library. Special Collections,"Pan American World Airways, Inc. records",ASM0341,Printed Materials: Brochures and Booklets: Other,Box No. 2 of 2; Box Title: Brochures and Booklets: Other 2 of 2; Folder No. 9; Folder Title: Company History Brochures,"This material is in the public domain in the United States. The Pan Am brand remains under trademark. For additional information, please visit: https://digitalcollections.library.miami.edu/digital/custom/copyright-guidelines",http://rightsstatements.org/vocab/NoC-US/1.0/
asm0341001441,asm03410014410001001,Page 1,"20 years of progress : history of the Pacific-Alaska Division, Pan American World Airways",,,,,,,,,,,,,,,,,,,,
asm0341001441,asm03410014410002001,Page 2,"20 years of progress : history of the Pacific-Alaska Division, Pan American World Airways",,,,,,,,,,,,,,,,,,,,
asm0341001441,asm03410014410003001,Page 3,"20 years of progress : history of the Pacific-Alaska Division, Pan American World Airways",,,,,,,,,,,,,,,,,,,,
asm0341001441,asm03410014410004001,Page 4,"20 years of progress : history of the Pacific-Alaska Division, Pan American World Airways",,,,,,,,,,,,,,,,,,,,
asm0341001441,asm03410014410005001,Page 5,"20 years of progress : history of the Pacific-Alaska Division, Pan American World Airways",,,,,,,,,,,,,,,,,,,,
asm0341001441,asm03410014410006001,Page 6,"20 years of progress : history of the Pacific-Alaska Division, Pan American World Airways",,,,,,,,,,,,,,,,,,,,
asm0341001441,asm03410014410007001,Page 7,"20 years of progress : history of the Pacific-Alaska Division, Pan American World Airways",,,,,,,,,,,,,,,,,,,,
asm0341001441,asm03410014410008001,Page 8,"20 years of progress : history of the Pacific-Alaska Division, Pan American World Airways",,,,,,,,,,,,,,,,,,,,
asm0341001441,asm03410014410009001,Page 9,"20 years of progress : history of the Pacific-Alaska Division, Pan American World Airways",,,,,,,,,,,,,,,,,,,,
asm0341001441,asm03410014410010001,Page 10,"20 years of progress : history of the Pacific-Alaska Division, Pan American World Airways",,,,,,,,,,,,,,,,,,,,
asm0341001441,asm03410014410011001,Page 11,"20 years of progress : history of the Pacific-Alaska Division, Pan American World Airways",,,,,,,,,,,,,,,,,,,,
asm0341001441,asm03410014410012001,Page 12,"20 years of progress : history of the Pacific-Alaska Division, Pan American World Airways",,,,,,,,,,,,,,,,,,,,
asm0341001441,asm03410014410013001,Page 13,"20 years of progress : history of the Pacific-Alaska Division, Pan American World Airways",,,,,,,,,,,,,,,,,,,,
asm0341001441,asm03410014410014001,Page 14,"20 years of progress : history of the Pacific-Alaska Division, Pan American World Airways",,,,,,,,,,,,,,,,,,,,
asm0341001441,asm03410014410015001,Page 15,"20 years of progress : history of the Pacific-Alaska Division, Pan American World Airways",,,,,,,,,,,,,,,,,,,,
asm0341001441,asm03410014410016001,Page 16,"20 years of progress : history of the Pacific-Alaska Division, Pan American World Airways",,,,,,,,,,,,,,,,,,,,
asm0341001441,asm03410014410017001,Page 17,"20 years of progress : history of the Pacific-Alaska Division, Pan American World Airways",,,,,,,,,,,,,,,,,,,,
asm0341001441,asm03410014410018001,Page 18,"20 years of progress : history of the Pacific-Alaska Division, Pan American World Airways",,,,,,,,,,,,,,,,,,,,
asm0341001441,asm03410014410019001,Page 19,"20 years of progress : history of the Pacific-Alaska Division, Pan American World Airways",,,,,,,,,,,,,,,,,,,,
asm0341001441,asm03410014410020001,Page 20,"20 years of progress : history of the Pacific-Alaska Division, Pan American World Airways",,,,,,,,,,,,,,,,,,,,
asm0341001441,asm03410014410021001,Page 21,"20 years of progress : history of the Pacific-Alaska Division, Pan American World Airways",,,,,,,,,,,,,,,,,,,,
asm0341001441,asm03410014410022001,Page 22,"20 years of progress : history of the Pacific-Alaska Division, Pan American World Airways",,,,,,,,,,,,,,,,,,,,
asm0341001441,asm03410014410023001,Page 23,"20 years of progress : history of the Pacific-Alaska Division, Pan American World Airways",,,,,,,,,,,,,,,,,,,,
asm0341001441,asm03410014410024001,Page 24,"20 years of progress : history of the Pacific-Alaska Division, Pan American World Airways",,,,,,,,,,,,,,,,,,,,
asm0341001441,asm03410014410025001,Page 25,"20 years of progress : history of the Pacific-Alaska Division, Pan American World Airways",,,,,,,,,,,,,,,,,,,,
asm0341001441,asm03410014410026001,Page 26,"20 years of progress : history of the Pacific-Alaska Division, Pan American World Airways",,,,,,,,,,,,,,,,,,,,
asm0341001441,asm03410014410027001,Page 27,"20 years of progress : history of the Pacific-Alaska Division, Pan American World Airways",,,,,,,,,,,,,,,,,,,,
asm0341001441,asm03410014410028001,Page 28,"20 years of progress : history of the Pacific-Alaska Division, Pan American World Airways",,,,,,,,,,,,,,,,,,,,
asm0341001441,asm03410014410029001,Page 29,"20 years of progress : history of the Pacific-Alaska Division, Pan American World Airways",,,,,,,,,,,,,,,,,,,,
asm0341001441,asm03410014410030001,Page 30,"20 years of progress : history of the Pacific-Alaska Division, Pan American World Airways",,,,,,,,,,,,,,,,,,,,
asm0341001441,asm03410014410031001,Page 31,"20 years of progress : history of the Pacific-Alaska Division, Pan American World Airways",,,,,,,,,,,,,,,,,,,,
asm0341001441,asm03410014410032001,Page 32,"20 years of progress : history of the Pacific-Alaska Division, Pan American World Airways",,,,,,,,,,,,,,,,,,,,
asm0341001441,asm03410014410033001,Page 33,"20 years of progress : history of the Pacific-Alaska Division, Pan American World Airways",,,,,,,,,,,,,,,,,,,,
asm0341001441,asm03410014410034001,Page 34,"20 years of progress : history of the Pacific-Alaska Division, Pan American World Airways",,,,,,,,,,,,,,,,,,,,
asm0341001441,asm03410014410035001,Page 35,"20 years of progress : history of the Pacific-Alaska Division, Pan American World Airways",,,,,,,,,,,,,,,,,,,,
asm0341001441,asm03410014410036001,Page 36,"20 years of progress : history of the Pacific-Alaska Division, Pan American World Airways",,,,,,,,,,,,,,,,,,,,
asm0341001441,asm03410014410037001,Page 37,"20 years of progress : history of the Pacific-Alaska Division, Pan American World Airways",,,,,,,,,,,,,,,,,,,,
asm0341001441,asm03410014410038001,Page 38,"20 years of progress : history of the Pacific-Alaska Division, Pan American World Airways",,,,,,,,,,,,,,,,,,,,
asm0341001441,asm03410014410039001,Page 39,"20 years of progress : history of the Pacific-Alaska Division, Pan American World Airways",,,,,,,,,,,,,,,,,,,,
asm0341001441,asm03410014410040001,Page 40,"20 years of progress : history of the Pacific-Alaska Division, Pan American World Airways",,,,,,,,,,,,,,,,,,,,
asm0341001441,asm03410014410041001,Page 41,"20 years of progress : history of the Pacific-Alaska Division, Pan American World Airways",,,,,,,,,,,,,,,,,,,,
asm0341001441,asm03410014410042001,Page 42,"20 years of progress : history of the Pacific-Alaska Division, Pan American World Airways",,,,,,,,,,,,,,,,,,,,
asm0341001441,asm03410014410043001,Page 43,"20 years of progress : history of the Pacific-Alaska Division, Pan American World Airways",,,,,,,,,,,,,,,,,,,,
asm0341001441,asm03410014410044001,Page 44,"20 years of progress : history of the Pacific-Alaska Division, Pan American World Airways",,,,,,,,,,,,,,,,,,,,
asm0341001442,,Your adventure in the Pacific,Your adventure in the Pacific,,"Pan American World Airways, Inc.",,,,,Brochures; Promotional materials;,,1949,,1940-1949,Hawaii,eng,University of Miami. Library. Special Collections,"Pan American World Airways, Inc. records",ASM0341,Printed Materials: Brochures and Booklets: Other,Box No. 2 of 2; Box Title: Brochures and Booklets: Other 2 of 2; Folder No. 9; Folder Title: Company History Brochures,"This material is in the public domain in the United States. The Pan Am brand remains under trademark. For additional information, please visit: https://digitalcollections.library.miami.edu/digital/custom/copyright-guidelines",http://rightsstatements.org/vocab/NoC-US/1.0/
asm0341001442,asm03410014420001001,Page 1,Your adventure in the Pacific,,,,,,,,,,,,,,,,,,,,
asm0341001442,asm03410014420002001,Page 2,Your adventure in the Pacific,,,,,,,,,,,,,,,,,,,,
asm0341001442,asm03410014420003001,Page 3,Your adventure in the Pacific,,,,,,,,,,,,,,,,,,,,
asm0341001442,asm03410014420004001,Page 4,Your adventure in the Pacific,,,,,,,,,,,,,,,,,,,,
asm0341001442,asm03410014420005001,Page 5,Your adventure in the Pacific,,,,,,,,,,,,,,,,,,,,
asm0341001442,asm03410014420006001,Page 6,Your adventure in the Pacific,,,,,,,,,,,,,,,,,,,,
asm0341001442,asm03410014420007001,Page 7,Your adventure in the Pacific,,,,,,,,,,,,,,,,,,,,
asm0341001442,asm03410014420008001,Page 8,Your adventure in the Pacific,,,,,,,,,,,,,,,,,,,,
asm0341001442,asm03410014420009001,Page 9,Your adventure in the Pacific,,,,,,,,,,,,,,,,,,,,
asm0341001442,asm03410014420010001,Page 10,Your adventure in the Pacific,,,,,,,,,,,,,,,,,,,,
asm0341001442,asm03410014420011001,Page 11,Your adventure in the Pacific,,,,,,,,,,,,,,,,,,,,
asm0341001442,asm03410014420012001,Page 12,Your adventure in the Pacific,,,,,,,,,,,,,,,,,,,,
asm0341001442,asm03410014420013001,Page 13,Your adventure in the Pacific,,,,,,,,,,,,,,,,,,,,
asm0341001442,asm03410014420014001,Page 14,Your adventure in the Pacific,,,,,,,,,,,,,,,,,,,,
asm0341001442,asm03410014420015001,Page 15,Your adventure in the Pacific,,,,,,,,,,,,,,,,,,,,
asm0341001442,asm03410014420016001,Page 16,Your adventure in the Pacific,,,,,,,,,,,,,,,,,,,,
asm0341001442,asm03410014420017001,Page 17,Your adventure in the Pacific,,,,,,,,,,,,,,,,,,,,
asm0341001442,asm03410014420018001,Page 18,Your adventure in the Pacific,,,,,,,,,,,,,,,,,,,,
asm0341001442,asm03410014420019001,Page 19,Your adventure in the Pacific,,,,,,,,,,,,,,,,,,,,
asm0341001442,asm03410014420020001,Page 20,Your adventure in the Pacific,,,,,,,,,,,,,,,,,,,,
asm0341001442,asm03410014420021001,Page 21,Your adventure in the Pacific,,,,,,,,,,,,,,,,,,,,
asm0341001442,asm03410014420022001,Page 22,Your adventure in the Pacific,,,,,,,,,,,,,,,,,,,,
asm0341001443,,Route maps,Route maps,,"Pan American World Airways, Inc.",,,,,Brochures; Promotional materials; Maps;,,,,,,eng,University of Miami. Library. Special Collections,"Pan American World Airways, Inc. records",ASM0341,Printed Materials: Brochures and Booklets: Other,Box No. 2 of 2; Box Title: Brochures and Booklets: Other 2 of 2; Folder No. 9; Folder Title: Company History Brochures,"The copyright and related rights status of this material is unknown. The Pan Am brand remains under trademark. For additional information, please visit: https://digitalcollections.library.miami.edu/digital/custom/copyright-guidelines",http://rightsstatements.org/vocab/UND/1.0/
asm0341001443,asm03410014430001001,Page 1,Route maps,,,,,,,,,,,,,,,,,,,,
asm0341001443,asm03410014430002001,Page 2,Route maps,,,,,,,,,,,,,,,,,,,,
asm0341001443,asm03410014430003001,Page 3,Route maps,,,,,,,,,,,,,,,,,,,,
asm0341001443,asm03410014430004001,Page 4,Route maps,,,,,,,,,,,,,,,,,,,,
asm0341001443,asm03410014430005001,Page 5,Route maps,,,,,,,,,,,,,,,,,,,,
asm0341001443,asm03410014430006001,Page 6,Route maps,,,,,,,,,,,,,,,,,,,,
asm0341001443,asm03410014430007001,Page 7,Route maps,,,,,,,,,,,,,,,,,,,,
